timestamp,open,high,low,close,volume
2023-05-30 00:00:00,0.05,0.05011,0.04842,0.04952,21131.0
2023-05-30 04:00:00,0.04952,0.0495687,0.04927263,0.04931161,4151.0
2023-05-30 08:00:00,0.04931161,0.04992734,0.0491,0.0491,743.0
2023-05-30 12:00:00,0.0491,0.04992038,0.04884309,0.04992038,14084.0
2023-05-30 16:00:00,0.04906967,0.05003827,0.04906967,0.05003827,1347.0
2023-05-30 20:00:00,0.05003827,0.05005321,0.05003827,0.05005321,1999.0
2023-05-31 00:00:00,0.04878336,0.04997094,0.04878336,0.04997094,330.0
2023-05-31 04:00:00,0.04896246,0.04896246,0.04896246,0.04896246,402.0
2023-05-31 08:00:00,0.04896246,0.04896246,0.04896246,0.04896246,0.0
2023-05-31 12:00:00,0.04878336,0.04878336,0.04878336,0.04878336,227.0
2023-05-31 16:00:00,0.04878336,0.04878336,0.04878336,0.04878336,0.0
2023-05-31 20:00:00,0.05,0.05005267,0.05,0.05005267,293.0
2023-06-01 00:00:00,0.04878336,0.05009823,0.04878336,0.05009823,1296.0
2023-06-01 04:00:00,0.05009823,0.05009823,0.05009823,0.05009823,928.0
2023-06-01 08:00:00,0.05009823,0.05009823,0.04984735,0.04984735,3047.0
2023-06-01 12:00:00,0.04984735,0.04984735,0.04984735,0.04984735,0.0
2023-06-01 16:00:00,0.04984735,0.04984735,0.04984735,0.04984735,0.0
2023-06-01 20:00:00,0.04984735,0.04984735,0.04984735,0.04984735,0.0
2023-06-02 00:00:00,0.04984735,0.04984735,0.04984735,0.04984735,112.0
2023-06-02 04:00:00,0.04984735,0.04984735,0.04984735,0.04984735,0.0
2023-06-02 08:00:00,0.04997663,0.04997663,0.04997663,0.04997663,111.0
2023-06-02 12:00:00,0.04984735,0.04984735,0.04984735,0.04984735,1966.0
2023-06-02 16:00:00,0.04984735,0.04984735,0.04984735,0.04984735,0.0
2023-06-02 20:00:00,0.04984735,0.04984735,0.04984735,0.04984735,0.0
2023-06-03 00:00:00,0.04984735,0.04984735,0.04984735,0.04984735,471.0
2023-06-03 04:00:00,0.04984735,0.04984735,0.04984735,0.04984735,0.0
2023-06-03 08:00:00,0.04984735,0.04984735,0.04984735,0.04984735,0.0
2023-06-03 12:00:00,0.04984735,0.04984735,0.04984735,0.04984735,0.0
2023-06-03 16:00:00,0.04984735,0.04984735,0.04984735,0.04984735,448.0
2023-06-03 20:00:00,0.04984735,0.04984735,0.04984735,0.04984735,0.0
2023-06-04 00:00:00,0.04984735,0.04984735,0.04984735,0.04984735,0.0
2023-06-04 04:00:00,0.04984735,0.04984735,0.04984735,0.04984735,0.0
2023-06-04 08:00:00,0.04984735,0.04984735,0.04984735,0.04984735,0.0
2023-06-04 12:00:00,0.04984735,0.04984735,0.04984735,0.04984735,0.0
2023-06-04 16:00:00,0.04984735,0.04984735,0.04984735,0.04984735,0.0
2023-06-04 20:00:00,0.04984735,0.04984735,0.04984735,0.04984735,0.0
2023-06-05 00:00:00,0.04984735,0.04984735,0.04984735,0.04984735,0.0
2023-06-05 04:00:00,0.04984735,0.04984735,0.04984735,0.04984735,0.0
2023-06-05 08:00:00,0.04984735,0.04984735,0.04984735,0.04984735,0.0
2023-06-05 12:00:00,0.04984735,0.04984735,0.04984735,0.04984735,124.0
2023-06-05 16:00:00,0.04984735,0.04984735,0.04984735,0.04984735,0.0
2023-06-05 20:00:00,0.04984735,0.04984735,0.04984735,0.04984735,0.0
2023-06-06 00:00:00,0.04984735,0.04984735,0.04984735,0.04984735,0.0
2023-06-06 04:00:00,0.04984735,0.04984735,0.04984735,0.04984735,0.0
2023-06-06 08:00:00,0.04984735,0.04984735,0.04984735,0.04984735,0.0
2023-06-06 12:00:00,0.04984735,0.04984735,0.04984735,0.04984735,409.0
2023-06-06 16:00:00,0.04984735,0.04984735,0.04984735,0.04984735,0.0
2023-06-06 20:00:00,0.04984735,0.04984735,0.04984735,0.04984735,0.0
2023-06-07 00:00:00,0.04984735,0.04984735,0.04984735,0.04984735,0.0
2023-06-07 04:00:00,0.04984735,0.04984735,0.04984735,0.04984735,0.0
2023-06-07 08:00:00,0.04984735,0.04984735,0.04984735,0.04984735,0.0
2023-06-07 12:00:00,0.04984735,0.04984735,0.04984735,0.04984735,0.0
2023-06-07 16:00:00,0.04984735,0.04984735,0.04967182,0.04967182,199.0
2023-06-07 20:00:00,0.04967182,0.04967182,0.04967182,0.04967182,0.0
2023-06-08 00:00:00,0.04967182,0.04967182,0.04967182,0.04967182,0.0
2023-06-08 04:00:00,0.04967182,0.04967182,0.04967182,0.04967182,0.0
2023-06-08 08:00:00,0.04997663,0.04997663,0.04980888,0.04982568,39379.0
2023-06-08 12:00:00,0.04989275,0.04995231,0.04974512,0.0497856,26065.0
2023-06-08 16:00:00,0.04976745,0.04983097,0.04967238,0.04978028,79171.0
2023-06-08 20:00:00,0.04977035,0.04990672,0.04974761,0.04978368,59733.0
2023-06-09 00:00:00,0.0497676,0.0497676,0.04969845,0.04970322,13576.0
2023-06-09 04:00:00,0.04968982,0.05038638,0.04968982,0.05037154,11279.0
2023-06-09 08:00:00,0.050385,0.05046794,0.05032401,0.05033597,43022.0
2023-06-09 12:00:00,0.05032735,0.05041582,0.05032735,0.05035672,34251.0
2023-06-09 16:00:00,0.05034875,0.05060627,0.05034513,0.05058695,36749.0
2023-06-09 20:00:00,0.05057425,0.05060131,0.05050256,0.05050256,39266.0
2023-06-10 00:00:00,0.0504846,0.05055278,0.0504846,0.05055278,3939.0
2023-06-10 04:00:00,0.05024517,0.05024517,0.05024517,0.05024517,332.0
2023-06-10 08:00:00,0.05024517,0.05024517,0.05024517,0.05024517,0.0
2023-06-10 12:00:00,0.0502063,0.0502063,0.0499459,0.05006931,34421.0
2023-06-10 16:00:00,0.0500507,0.05006931,0.0500507,0.05006035,4881.0
2023-06-10 20:00:00,0.05004198,0.0500693,0.04999619,0.05001307,32188.0
2023-06-11 00:00:00,0.05001307,0.05001307,0.04999649,0.05001117,7097.0
2023-06-11 04:00:00,0.05001117,0.05001117,0.05001117,0.05001117,0.0
2023-06-11 08:00:00,0.05001295,0.05002663,0.05000891,0.0500238,24845.0
2023-06-11 12:00:00,0.05002663,0.05002663,0.05000972,0.05001135,57814.0
2023-06-11 16:00:00,0.04995393,0.04995393,0.04984907,0.04984907,44979.0
2023-06-11 20:00:00,0.04984907,0.04990619,0.04983109,0.04987097,52512.0
2023-06-12 00:00:00,0.0498858,0.04991306,0.04984727,0.04991174,18062.0
2023-06-12 04:00:00,0.04997069,0.04997069,0.04997069,0.04997069,2016.0
2023-06-12 08:00:00,0.04995208,0.04995208,0.04988247,0.04993576,31312.0
2023-06-12 12:00:00,0.04992606,0.04994943,0.04988247,0.04992022,80848.0
2023-06-12 16:00:00,0.04991371,0.04994695,0.04988247,0.04989762,31813.0
2023-06-12 20:00:00,0.04988246,0.04993575,0.04975673,0.04990262,57944.0
2023-06-13 00:00:00,0.04988534,0.04991302,0.04978037,0.04991301,34477.0
2023-06-13 04:00:00,0.04988527,0.04993699,0.04983293,0.04983293,29715.0
2023-06-13 08:00:00,0.04983936,0.05016128,0.04983004,0.05016128,103888.0
2023-06-13 12:00:00,0.05016128,0.05016128,0.04997546,0.05001671,78228.0
2023-06-13 16:00:00,0.0499914,0.05018419,0.04992467,0.05018419,113514.0
2023-06-13 20:00:00,0.05016953,0.05018431,0.04999178,0.05018431,97957.0
2023-06-14 00:00:00,0.05018431,0.05018431,0.0500955,0.0500955,27663.0
2023-06-14 04:00:00,0.05006598,0.0501579,0.04997852,0.0501579,45303.0
2023-06-14 08:00:00,0.05013249,0.05049144,0.04983553,0.05049144,120707.0
2023-06-14 12:00:00,0.05047008,0.05125472,0.05041925,0.05124996,105567.0
2023-06-14 16:00:00,0.05125646,0.05126172,0.05082538,0.05085957,107606.0
2023-06-14 20:00:00,0.0508803,0.05128473,0.05081972,0.05115199,131410.0
2023-06-15 00:00:00,0.05112582,0.05128384,0.05112582,0.05121786,23141.0
2023-06-15 04:00:00,0.05122872,0.0514635,0.05120235,0.0514635,19729.0
2023-06-15 08:00:00,0.05143708,0.05154877,0.05129869,0.05136559,86496.0
2023-06-15 12:00:00,0.05137804,0.05137804,0.05117559,0.05120931,64878.0
2023-06-15 16:00:00,0.05123205,0.05137591,0.05114458,0.05118174,85576.0
2023-06-15 20:00:00,0.05119752,0.05153928,0.05116479,0.05147741,94524.0
2023-06-16 00:00:00,0.05150066,0.05155541,0.05143839,0.05149274,15742.0
2023-06-16 04:00:00,0.05147168,0.05158454,0.05141788,0.05155066,29853.0
2023-06-16 08:00:00,0.05153569,0.05159228,0.05112205,0.05142082,77449.0
2023-06-16 12:00:00,0.05142794,0.05143671,0.05123504,0.05132529,59104.0
2023-06-16 16:00:00,0.05129898,0.05129898,0.05100256,0.05113697,103995.0
2023-06-16 20:00:00,0.05111452,0.05129541,0.05100558,0.05125781,91574.0
2023-06-17 00:00:00,0.0512822,0.05140357,0.05123939,0.05124448,24286.0
2023-06-17 04:00:00,0.05122953,0.05129165,0.05111553,0.05111553,21135.0
2023-06-17 08:00:00,0.05113885,0.05140619,0.05107353,0.05113653,113207.0
2023-06-17 12:00:00,0.05115218,0.0512965,0.05097671,0.05098509,73090.0
2023-06-17 16:00:00,0.05100301,0.05139601,0.05100301,0.05139051,59178.0
2023-06-17 20:00:00,0.05137204,0.05139268,0.05119402,0.05126761,75865.0
2023-06-18 00:00:00,0.05125402,0.05136154,0.05122498,0.05135091,9111.0
2023-06-18 04:00:00,0.05137998,0.05138969,0.05122379,0.05125051,10135.0
2023-06-18 08:00:00,0.05122972,0.05138507,0.05106043,0.0512777,44478.0
2023-06-18 12:00:00,0.05129606,0.05137665,0.05105607,0.05119199,32022.0
2023-06-18 16:00:00,0.05120897,0.05121692,0.05096605,0.05100183,36953.0
2023-06-18 20:00:00,0.05102008,0.051312,0.05102008,0.0512673,40494.0
2023-06-19 00:00:00,0.0512397,0.05125478,0.05108742,0.05115177,8493.0
2023-06-19 04:00:00,0.05117119,0.05120724,0.05097833,0.05097848,10107.0
2023-06-19 08:00:00,0.05100846,0.05139113,0.05100118,0.05134994,27229.0
2023-06-19 12:00:00,0.05137585,0.05139602,0.0511784,0.05134735,35471.0
2023-06-19 16:00:00,0.05133531,0.05140057,0.05115371,0.05125576,37305.0
2023-06-19 20:00:00,0.05123841,0.05136967,0.05112999,0.05130999,33351.0
2023-06-20 00:00:00,0.0512797,0.05139217,0.05122037,0.05132377,14386.0
2023-06-20 04:00:00,0.05134425,0.05139274,0.05119718,0.05119718,18296.0
2023-06-20 08:00:00,0.05116754,0.05139567,0.05098581,0.05112545,55782.0
2023-06-20 12:00:00,0.05110632,0.05142764,0.05104743,0.05129133,53564.0
2023-06-20 16:00:00,0.05127764,0.05132948,0.05103266,0.05118767,60343.0
2023-06-20 20:00:00,0.05119847,0.05138205,0.05096796,0.05107368,80223.0
2023-06-21 00:00:00,0.05106047,0.05138115,0.05097294,0.05134195,27467.0
2023-06-21 04:00:00,0.0513222,0.05141129,0.05116663,0.05116663,22057.0
2023-06-21 08:00:00,0.05115435,0.05119682,0.05099282,0.05108091,55180.0
2023-06-21 12:00:00,0.0510979,0.05129499,0.05097672,0.05115035,61527.0
2023-06-21 16:00:00,0.05116985,0.05138576,0.05103286,0.05138576,63454.0
2023-06-21 20:00:00,0.05139836,0.05140972,0.0509954,0.05099797,59908.0
2023-06-22 00:00:00,0.05101899,0.05115229,0.05098574,0.05113516,11415.0
2023-06-22 04:00:00,0.05116173,0.0512539,0.05100637,0.05100637,17833.0
2023-06-22 08:00:00,0.0510069,0.05123198,0.05098711,0.05114444,62748.0
2023-06-22 12:00:00,0.0511335,0.05126651,0.05096478,0.05111409,44831.0
2023-06-22 16:00:00,0.05112626,0.05119223,0.05096779,0.05098157,55798.0
2023-06-22 20:00:00,0.05097755,0.05113943,0.05097334,0.05101539,67279.0
2023-06-23 00:00:00,0.05100229,0.05106537,0.05097669,0.05106537,11633.0
2023-06-23 04:00:00,0.05108813,0.05108813,0.0509843,0.05104128,9299.0
2023-06-23 08:00:00,0.05102446,0.05140341,0.05097455,0.05138701,36022.0
2023-06-23 12:00:00,0.05135908,0.05140411,0.05116082,0.05122083,36133.0
2023-06-23 16:00:00,0.05124531,0.05139114,0.05119363,0.05137409,35874.0
2023-06-23 20:00:00,0.05135614,0.05138414,0.05108277,0.05110284,37320.0
2023-06-24 00:00:00,0.05108013,0.05109583,0.05101027,0.05106678,4830.0
2023-06-24 04:00:00,0.05107761,0.05109169,0.05096864,0.05109169,11467.0
2023-06-24 08:00:00,0.05110822,0.05133377,0.05097501,0.05130633,32143.0
2023-06-24 12:00:00,0.05128684,0.05138677,0.05118724,0.05138677,36590.0
2023-06-24 16:00:00,0.05136753,0.05139226,0.05097007,0.05118392,38008.0
2023-06-24 20:00:00,0.05120088,0.05139121,0.05116926,0.05122565,38002.0
2023-06-25 00:00:00,0.05121128,0.05126539,0.05111926,0.05122782,8986.0
2023-06-25 04:00:00,0.05119884,0.05125934,0.05107084,0.05119431,12967.0
2023-06-25 08:00:00,0.05120635,0.05134141,0.05092097,0.0513008,31149.0
2023-06-25 12:00:00,0.05131881,0.05139221,0.05119648,0.05137114,38038.0
2023-06-25 16:00:00,0.05138093,0.05138586,0.05097003,0.05120648,47921.0
2023-06-25 20:00:00,0.05123513,0.05139302,0.05108233,0.05139005,40474.0
2023-06-26 00:00:00,0.05136756,0.051382,0.0512431,0.0512431,8465.0
2023-06-26 04:00:00,0.05122864,0.05140055,0.05115409,0.05135124,12432.0
2023-06-26 08:00:00,0.05133146,0.0513993,0.05101407,0.05139683,35428.0
2023-06-26 12:00:00,0.05140334,0.05140334,0.0512229,0.05127882,49373.0
2023-06-26 16:00:00,0.05128969,0.05128969,0.05098682,0.05114045,34624.0
2023-06-26 20:00:00,0.05112043,0.05128903,0.0509724,0.05117635,37785.0
2023-06-27 00:00:00,0.05114734,0.05128734,0.05112959,0.05128734,4863.0
2023-06-27 04:00:00,0.05129976,0.05129976,0.05120665,0.05124765,3202.0
2023-06-27 08:00:00,0.05124765,0.05140905,0.05122882,0.0513782,23033.0
2023-06-27 12:00:00,0.0513782,0.05139965,0.05120325,0.05120325,25690.0
2023-06-27 16:00:00,0.05117258,0.05119558,0.0509678,0.05107583,26446.0
2023-06-27 20:00:00,0.0510542,0.05139252,0.05100093,0.05133841,29028.0
2023-06-28 00:00:00,0.05133841,0.05138541,0.05115152,0.05116305,7688.0
2023-06-28 04:00:00,0.05116305,0.05119597,0.05097104,0.05113067,15392.0
2023-06-28 08:00:00,0.05113067,0.05139464,0.0510581,0.05128463,38649.0
2023-06-28 12:00:00,0.05130351,0.05139794,0.05104819,0.05106278,29643.0
2023-06-28 16:00:00,0.05106278,0.05131761,0.05097363,0.05120148,28569.0
2023-06-28 20:00:00,0.05117917,0.05120616,0.05097598,0.05110165,29858.0
2023-06-29 00:00:00,0.05110165,0.05115891,0.05098786,0.05114209,7359.0
2023-06-29 04:00:00,0.05114209,0.05123651,0.05105782,0.05120795,8355.0
2023-06-29 08:00:00,0.05120795,0.05130826,0.05097787,0.05107223,25470.0
2023-06-29 12:00:00,0.05107223,0.05115927,0.05097988,0.05115927,27513.0
2023-06-29 16:00:00,0.05115927,0.05131252,0.05098545,0.0511404,25652.0
2023-06-29 20:00:00,0.0511404,0.05124969,0.05097452,0.0510041,31116.0
2023-06-30 00:00:00,0.0510041,0.05100536,0.05097783,0.05100536,4666.0
2023-06-30 04:00:00,0.05100536,0.05431012,0.05099118,0.054301,5312.0
2023-06-30 08:00:00,0.054301,0.06818564,0.05430397,0.06785185,18355.0
2023-06-30 12:00:00,0.06785185,0.06818564,0.06753277,0.06804936,21620.0
2023-06-30 16:00:00,0.06804936,0.06830193,0.06790437,0.06820481,19189.0
2023-06-30 20:00:00,0.06824051,0.06829022,0.0677175,0.06796429,24133.0
2023-07-01 00:00:00,0.06796429,0.06801961,0.06787811,0.06787811,2672.0
2023-07-01 04:00:00,0.06787811,0.06794438,0.06764427,0.06787555,5767.0
2023-07-01 08:00:00,0.06787555,0.06837312,0.06779724,0.06811967,17672.0
2023-07-01 12:00:00,0.06811967,0.06812823,0.06756305,0.06777267,15353.0
2023-07-01 16:00:00,0.06777267,0.06794339,0.06764407,0.06794339,12887.0
2023-07-01 20:00:00,0.06797877,0.06818254,0.06756305,0.06803285,17201.0
2023-07-02 00:00:00,0.06803285,0.06810257,0.06756305,0.06808662,4132.0
2023-07-02 04:00:00,0.06808662,0.06813395,0.06798192,0.06810933,4415.0
2023-07-02 08:00:00,0.06810933,0.068144,0.0678808,0.06812205,18742.0
2023-07-02 12:00:00,0.06813696,0.06814661,0.06793024,0.06804081,18482.0
2023-07-02 16:00:00,0.06804081,0.0681461,0.06772637,0.06783267,20056.0
2023-07-02 20:00:00,0.06783267,0.06793795,0.06759447,0.06760446,21718.0
2023-07-03 00:00:00,0.06760446,0.06781988,0.06761278,0.06781988,3921.0
2023-07-03 04:00:00,0.06781988,0.06811453,0.06756532,0.06811144,6526.0
2023-07-03 08:00:00,0.06809017,0.06813185,0.06798905,0.06803883,26242.0
2023-07-03 12:00:00,0.06803883,0.06808922,0.06773622,0.06789992,23362.0
2023-07-03 16:00:00,0.06789992,0.06811328,0.06774938,0.06778676,26851.0
2023-07-03 20:00:00,0.06778676,0.06811054,0.06750683,0.06776057,28455.0
2023-07-04 00:00:00,0.06776057,0.06803906,0.0677927,0.06799383,6255.0
2023-07-04 04:00:00,0.06799383,0.06802601,0.0679139,0.06792741,5621.0
2023-07-04 08:00:00,0.06792741,0.06808296,0.06774462,0.06793832,31689.0
2023-07-04 12:00:00,0.06793832,0.06800755,0.06759043,0.06773398,24878.0
2023-07-04 16:00:00,0.06773398,0.06799169,0.06753864,0.06796009,24492.0
2023-07-04 20:00:00,0.06796009,0.06809123,0.06762293,0.06773324,29478.0
2023-07-05 00:00:00,0.06775152,0.06783652,0.06768301,0.06782224,5976.0
2023-07-05 04:00:00,0.06782224,0.06785927,0.0676624,0.06769677,7803.0
2023-07-05 08:00:00,0.06769677,0.06775348,0.0675491,0.0675623,21815.0
2023-07-05 12:00:00,0.06754243,0.06799092,0.06754243,0.06792146,24609.0
2023-07-05 16:00:00,0.06792146,0.06809242,0.06778109,0.0680865,26984.0
2023-07-05 20:00:00,0.06807259,0.06809725,0.06785325,0.06785442,24232.0
2023-07-06 00:00:00,0.06785442,0.06792072,0.06779181,0.06781998,4839.0
2023-07-06 04:00:00,0.06781998,0.06804248,0.06783885,0.06798447,5934.0
2023-07-06 08:00:00,0.06798447,0.0681105,0.06754554,0.06756842,19025.0
2023-07-06 12:00:00,0.06756842,0.06794061,0.06752426,0.06784379,18208.0
2023-07-06 16:00:00,0.06784379,0.06790301,0.06776181,0.067813,14914.0
2023-07-06 20:00:00,0.067813,0.06809901,0.06780335,0.06808,16677.0
2023-07-07 00:00:00,0.06808,0.06809435,0.06800249,0.06806396,3289.0
2023-07-07 04:00:00,0.06806396,0.06807451,0.06752043,0.06796076,3682.0
2023-07-07 08:00:00,0.06796076,0.06808362,0.06794535,0.06801096,13406.0
2023-07-07 12:00:00,0.06801096,0.06806358,0.06781973,0.06788148,16805.0
2023-07-07 16:00:00,0.06788148,0.06791219,0.0675249,0.06785092,18474.0
2023-07-07 20:00:00,0.06785092,0.06806551,0.06782378,0.06791228,17814.0
2023-07-08 00:00:00,0.06791228,0.06799179,0.06782862,0.06782862,3753.0
2023-07-08 04:00:00,0.06782862,0.06788822,0.06774167,0.06779717,4773.0
2023-07-08 08:00:00,0.06779717,0.06806506,0.06777767,0.06795628,12049.0
2023-07-08 12:00:00,0.06795628,0.0680668,0.06771015,0.06774578,15702.0
2023-07-08 16:00:00,0.06774578,0.0680619,0.06751757,0.06800385,19493.0
2023-07-08 20:00:00,0.06800385,0.06799961,0.06772497,0.06785961,16414.0
2023-07-09 00:00:00,0.06785961,0.06799664,0.06785132,0.06799066,4465.0
2023-07-09 04:00:00,0.06799066,0.06799176,0.06789057,0.0679257,3984.0
2023-07-09 08:00:00,0.0679257,0.06799213,0.0675727,0.06766408,10629.0
2023-07-09 12:00:00,0.06766408,0.06784922,0.06753998,0.06767808,13698.0
2023-07-09 16:00:00,0.06767808,0.06786775,0.06759149,0.06769399,12334.0
2023-07-09 20:00:00,0.06769399,0.06779177,0.06749553,0.06772605,17125.0
2023-07-10 00:00:00,0.06772605,0.0677897,0.06768503,0.06768503,3396.0
2023-07-10 04:00:00,0.06768503,0.06784509,0.06771889,0.06784509,5005.0
2023-07-10 08:00:00,0.06784509,0.06796779,0.06760242,0.06778917,33146.0
2023-07-10 12:00:00,0.06778917,0.06781209,0.06764684,0.06776023,25779.0
2023-07-10 16:00:00,0.06776023,0.06837607,0.06740081,0.06800778,35209.0
2023-07-10 20:00:00,0.06800329,0.06801579,0.06758252,0.06771495,41925.0
2023-07-11 00:00:00,0.06771495,0.0677598,0.0676242,0.06762922,12362.0
2023-07-11 04:00:00,0.06762922,0.06771492,0.06755235,0.06758366,9299.0
2023-07-11 08:00:00,0.06758366,0.06770098,0.06746507,0.06765682,32229.0
2023-07-11 12:00:00,0.06768927,0.06802721,0.06768927,0.06802385,48659.0
2023-07-11 16:00:00,0.06798329,0.06798329,0.06777148,0.06779188,42308.0
2023-07-11 20:00:00,0.067775,0.06821,0.06770376,0.06808798,46105.0
2023-07-12 00:00:00,0.06808798,0.0684,0.06792762,0.06839,15877.0
2023-07-12 04:00:00,0.06839,0.06869048,0.068316,0.068423,15255.0
2023-07-12 08:00:00,0.068423,0.06869102,0.06831601,0.0683515,55802.0
2023-07-12 12:00:00,0.0683515,0.0690485,0.06831601,0.06877841,39302.0
2023-07-12 16:00:00,0.06877841,0.06904849,0.06877841,0.06903573,60346.0
2023-07-12 20:00:00,0.06904849,0.06904849,0.06877841,0.06904849,49600.0
2023-07-13 00:00:00,0.06904849,0.06904849,0.0687133,0.06878776,21874.0
2023-07-13 04:00:00,0.06878776,0.0688985,0.068621,0.068621,18004.0
2023-07-13 08:00:00,0.068621,0.0691258,0.0686192,0.06865629,65750.0
2023-07-13 12:00:00,0.06865629,0.06948065,0.06861921,0.06914603,42445.0
2023-07-13 16:00:00,0.06913174,0.069711,0.06909345,0.0694789,50791.0
2023-07-13 20:00:00,0.06949276,0.07122,0.06949276,0.07063786,48790.0
2023-07-14 00:00:00,0.07063786,0.07096301,0.0702174,0.07024061,8325.0
2023-07-14 04:00:00,0.07024061,0.07122,0.07022632,0.0704762,9157.0
2023-07-14 08:00:00,0.0704762,0.07094974,0.0704195,0.07090534,108576.0
2023-07-14 12:00:00,0.07093795,0.07100746,0.07042909,0.07057994,101895.0
2023-07-14 16:00:00,0.07057994,0.07099162,0.07039332,0.07097917,119303.0
2023-07-14 20:00:00,0.0709657,0.07123485,0.0700123,0.070231,120605.0
2023-07-15 00:00:00,0.07023099,0.07033535,0.06996698,0.07031646,13652.0
2023-07-15 04:00:00,0.07031646,0.07043568,0.06981086,0.07036484,27433.0
2023-07-15 08:00:00,0.07038934,0.07049622,0.07003936,0.07029044,85862.0
2023-07-15 12:00:00,0.07025226,0.07064919,0.07007013,0.07064575,61257.0
2023-07-15 16:00:00,0.07064575,0.07065076,0.070418,0.07045345,73170.0
2023-07-15 20:00:00,0.07047363,0.07065356,0.0702314,0.07046763,76357.0
2023-07-16 00:00:00,0.07049963,0.07178059,0.07049963,0.07155768,35013.0
2023-07-16 04:00:00,0.07155768,0.0715313,0.0712279,0.07128743,22225.0
2023-07-16 08:00:00,0.0712625,0.07232784,0.07121066,0.07227093,74031.0
2023-07-16 12:00:00,0.07227093,0.07203824,0.07182019,0.07202882,52182.0
2023-07-16 16:00:00,0.07203106,0.07203657,0.0718228,0.07200213,56337.0
2023-07-16 20:00:00,0.07200213,0.07205278,0.07182479,0.07188869,96384.0
2023-07-17 00:00:00,0.07188869,0.0720854,0.07176985,0.07183525,21356.0
2023-07-17 04:00:00,0.07183525,0.07199424,0.071621,0.07189243,30888.0
2023-07-17 08:00:00,0.07186255,0.07205125,0.07162101,0.07204881,80093.0
2023-07-17 12:00:00,0.07204881,0.072065,0.07162101,0.07184717,98492.0
2023-07-17 16:00:00,0.07184717,0.0720629,0.07162101,0.07168919,132238.0
2023-07-17 20:00:00,0.07164964,0.07197449,0.0715231,0.07195745,132856.0
2023-07-18 00:00:00,0.07195745,0.07206793,0.07184412,0.07195952,32776.0
2023-07-18 04:00:00,0.07193759,0.07206269,0.0718314,0.07187229,36784.0
2023-07-18 08:00:00,0.07187229,0.0720879,0.07182168,0.07203714,118218.0
2023-07-18 12:00:00,0.07199615,0.07208204,0.0718249,0.07190388,124862.0
2023-07-18 16:00:00,0.07190388,0.0720821,0.07182783,0.0719325,127768.0
2023-07-18 20:00:00,0.07197264,0.0720713,0.07172321,0.07206625,130663.0
2023-07-19 00:00:00,0.07206625,0.07321506,0.07197025,0.07253493,78295.0
2023-07-19 04:00:00,0.07253493,0.07276908,0.0724063,0.07246629,50672.0
2023-07-19 08:00:00,0.07243428,0.07282118,0.07240631,0.07240631,402870.0
2023-07-19 12:00:00,0.0724063,0.07416745,0.07236458,0.07350643,377747.0
2023-07-19 16:00:00,0.07350643,0.07363888,0.07304324,0.07362242,528827.0
2023-07-19 20:00:00,0.07363736,0.073963,0.07304266,0.0735419,465454.0
2023-07-20 00:00:00,0.07358021,0.07370613,0.07341231,0.07344428,121535.0
2023-07-20 04:00:00,0.07344428,0.07369696,0.07316452,0.07325108,99705.0
2023-07-20 08:00:00,0.07325108,0.07371957,0.07328158,0.07350338,344182.0
2023-07-20 12:00:00,0.07350338,0.07371063,0.07316453,0.07338249,370835.0
2023-07-20 16:00:00,0.07338249,0.07373682,0.07316453,0.07372243,360526.0
2023-07-20 20:00:00,0.07372632,0.0745123,0.07366846,0.07395147,222968.0
2023-07-21 00:00:00,0.07395147,0.0741237,0.07379518,0.07402821,65329.0
2023-07-21 04:00:00,0.07402821,0.07404932,0.07399631,0.07403835,121335.0
2023-07-21 08:00:00,0.07403835,0.0740566,0.07399631,0.07403128,277758.0
2023-07-21 12:00:00,0.07399631,0.07405762,0.07372,0.07379058,198632.0
2023-07-21 16:00:00,0.07377122,0.07405305,0.07345385,0.07397346,205422.0
2023-07-21 20:00:00,0.07393975,0.07511573,0.07346098,0.07459629,231340.0
2023-07-22 00:00:00,0.07459629,0.0745631,0.07449009,0.07456157,48070.0
2023-07-22 04:00:00,0.07456157,0.07508653,0.07451516,0.07475596,53942.0
2023-07-22 08:00:00,0.07475596,0.07476647,0.07471491,0.07471491,184728.0
2023-07-22 12:00:00,0.07475267,0.07499276,0.07397185,0.07471498,250949.0
2023-07-22 16:00:00,0.07468041,0.07492112,0.07431925,0.07446272,211510.0
2023-07-22 20:00:00,0.07448306,0.07492439,0.07432323,0.07489495,253345.0
2023-07-23 00:00:00,0.07489495,0.07487612,0.07348624,0.0740521,41111.0
2023-07-23 04:00:00,0.0740354,0.07460709,0.07403201,0.07444466,80869.0
2023-07-23 08:00:00,0.07444466,0.07459696,0.07381239,0.07411338,295095.0
2023-07-23 12:00:00,0.07411338,0.0746196,0.07400746,0.07449707,258986.0
2023-07-23 16:00:00,0.07446609,0.07461421,0.07411265,0.07442267,275399.0
2023-07-23 20:00:00,0.07442267,0.07461542,0.07401557,0.0743869,310853.0
2023-07-24 00:00:00,0.0743869,0.07471639,0.07408582,0.07464532,57932.0
2023-07-24 04:00:00,0.07464532,0.07464792,0.07426852,0.07428488,68571.0
2023-07-24 08:00:00,0.07428488,0.07465348,0.07414274,0.07464568,198423.0
2023-07-24 12:00:00,0.07462762,0.07465853,0.07409108,0.0744929,198304.0
2023-07-24 16:00:00,0.07446462,0.07465898,0.07429857,0.07464419,138765.0
2023-07-24 20:00:00,0.07464419,0.07465863,0.07433871,0.07447626,161560.0
2023-07-25 00:00:00,0.07447626,0.07452653,0.07433509,0.07445677,26467.0
2023-07-25 04:00:00,0.07445677,0.07441314,0.07336972,0.07418477,28238.0
2023-07-25 08:00:00,0.07418477,0.07447836,0.07411027,0.07414392,94222.0
2023-07-25 12:00:00,0.07410955,0.07447551,0.07387124,0.07434273,142862.0
2023-07-25 16:00:00,0.07434273,0.07446797,0.07386944,0.07427917,114757.0
2023-07-25 20:00:00,0.07423662,0.07447257,0.07396881,0.07425849,107545.0
2023-07-26 00:00:00,0.07422142,0.0744757,0.07419654,0.07430775,42038.0
2023-07-26 04:00:00,0.0743415,0.07896394,0.07425805,0.07797243,146030.0
2023-07-26 08:00:00,0.07794002,0.08182023,0.07729299,0.08065477,253373.0
2023-07-26 12:00:00,0.08069176,0.08422003,0.08064351,0.08250624,314835.0
2023-07-26 16:00:00,0.08250615,0.08316313,0.08248435,0.08279502,354789.0
2023-07-26 20:00:00,0.08275065,0.0839456,0.08248626,0.0830665,337075.0
2023-07-27 00:00:00,0.08302696,0.08319173,0.08213285,0.08262286,123864.0
2023-07-27 04:00:00,0.08258118,0.08288256,0.08257134,0.0828533,115391.0
2023-07-27 08:00:00,0.08288406,0.08314452,0.08251841,0.08266465,461322.0
2023-07-27 12:00:00,0.08269917,0.08323676,0.08245672,0.08281218,442361.0
2023-07-27 16:00:00,0.08283885,0.08322249,0.08254399,0.0828609,570187.0
2023-07-27 20:00:00,0.08289012,0.08316496,0.08231234,0.08297563,452723.0
2023-07-28 00:00:00,0.08299598,0.08302565,0.08213654,0.0826995,150899.0
2023-07-28 04:00:00,0.0826995,0.08344788,0.08259159,0.0833638,129535.0
2023-07-28 08:00:00,0.0833638,0.08349347,0.08281582,0.0830938,521517.0
2023-07-28 12:00:00,0.08305455,0.0834957,0.08284632,0.0833402,571536.0
2023-07-28 16:00:00,0.0833402,0.08348521,0.08187157,0.08285046,511067.0
2023-07-28 20:00:00,0.08282542,0.08555197,0.08263866,0.08420325,332587.0
2023-07-29 00:00:00,0.08418314,0.08423,0.08343691,0.08406709,156037.0
2023-07-29 04:00:00,0.08406709,0.08403166,0.08003854,0.08320616,153809.0
2023-07-29 08:00:00,0.08318587,0.08321681,0.08249091,0.08274669,394690.0
2023-07-29 12:00:00,0.08272811,0.08321298,0.0825398,0.0830181,419463.0
2023-07-29 16:00:00,0.0830181,0.08320971,0.08253732,0.0826867,399734.0
2023-07-29 20:00:00,0.08266503,0.08321262,0.08253627,0.082892,437756.0
2023-07-30 00:00:00,0.082892,0.08299626,0.08247822,0.08258438,69744.0
2023-07-30 04:00:00,0.08258438,0.08327262,0.08250665,0.08262037,94330.0
2023-07-30 08:00:00,0.08262037,0.08319191,0.08253763,0.08309227,240487.0
2023-07-30 12:00:00,0.08305787,0.08319614,0.08270812,0.08307033,251920.0
2023-07-30 16:00:00,0.08310056,0.08318789,0.08251635,0.08297868,235636.0
2023-07-30 20:00:00,0.08295055,0.08319557,0.08257113,0.08283802,323209.0
2023-07-31 00:00:00,0.08283802,0.08313353,0.08262592,0.08270069,99955.0
2023-07-31 04:00:00,0.08270069,0.08318725,0.0820598,0.08272943,122664.0
2023-07-31 08:00:00,0.0826888,0.08300674,0.08246771,0.08266606,347107.0
2023-07-31 12:00:00,0.08266606,0.08313759,0.08213456,0.08309814,291743.0
2023-07-31 16:00:00,0.08309835,0.08311404,0.08243045,0.0824771,321026.0
2023-07-31 20:00:00,0.08245242,0.08309998,0.08242835,0.0828698,362551.0
2023-08-01 00:00:00,0.0828698,0.08307529,0.0823603,0.08246842,109962.0
2023-08-01 04:00:00,0.08246842,0.08279926,0.08241749,0.08272195,123568.0
2023-08-01 08:00:00,0.08275321,0.08310065,0.08242771,0.08249304,398069.0
2023-08-01 12:00:00,0.08249304,0.08303546,0.08242874,0.08261345,360571.0
2023-08-01 16:00:00,0.08261345,0.08325547,0.08257684,0.08319403,416625.0
2023-08-01 20:00:00,0.0832238,0.08323191,0.08256407,0.08298214,457259.0
2023-08-02 00:00:00,0.08298214,0.08305708,0.08258844,0.08285731,90463.0
2023-08-02 04:00:00,0.08290473,0.08367747,0.08284357,0.08332991,92106.0
2023-08-02 08:00:00,0.08335263,0.0885,0.08292677,0.08639274,279441.0
2023-08-02 12:00:00,0.08639274,0.08826047,0.08579246,0.08637455,345668.0
2023-08-02 16:00:00,0.08640037,0.08683639,0.086388,0.08673188,317754.0
2023-08-02 20:00:00,0.08676481,0.08775987,0.08605766,0.08677151,358480.0
2023-08-03 00:00:00,0.08680162,0.08688848,0.08667211,0.0868505,49595.0
2023-08-03 04:00:00,0.0868505,0.08690014,0.08623861,0.08668196,71187.0
2023-08-03 08:00:00,0.08665131,0.08693542,0.08624137,0.08624137,252043.0
2023-08-03 12:00:00,0.08624137,0.08703382,0.08573345,0.08669274,242217.0
2023-08-03 16:00:00,0.08669274,0.08691093,0.08621032,0.0866556,300530.0
2023-08-03 20:00:00,0.08670272,0.09004234,0.08563757,0.08691637,233439.0
2023-08-04 00:00:00,0.08691637,0.08702916,0.08685994,0.08687267,85028.0
2023-08-04 04:00:00,0.08687267,0.08732137,0.08687501,0.08728783,117248.0
2023-08-04 08:00:00,0.08728783,0.08759995,0.08689659,0.08740671,480194.0
2023-08-04 12:00:00,0.0873742,0.0875956,0.0868574,0.08756098,461910.0
2023-08-04 16:00:00,0.08758128,0.08765365,0.08707603,0.08765365,549446.0
2023-08-04 20:00:00,0.08768247,0.08768247,0.08705318,0.08706016,546018.0
2023-08-05 00:00:00,0.08706016,0.08881631,0.08706178,0.08785831,148398.0
2023-08-05 04:00:00,0.08785831,0.08976675,0.08765313,0.08826934,104523.0
2023-08-05 08:00:00,0.08826934,0.08871276,0.08812367,0.08823011,288653.0
2023-08-05 12:00:00,0.0882644,0.08927136,0.08812367,0.08841701,393885.0
2023-08-05 16:00:00,0.08841701,0.08841836,0.08832011,0.08832011,434386.0
2023-08-05 20:00:00,0.08832011,0.0906566,0.08832011,0.08899912,474662.0
2023-08-06 00:00:00,0.08899912,0.0890262,0.08861028,0.08876292,101849.0
2023-08-06 04:00:00,0.08876292,0.08902,0.08858497,0.08883298,109262.0
2023-08-06 08:00:00,0.08883298,0.09040562,0.08862454,0.08941506,251377.0
2023-08-06 12:00:00,0.08944776,0.08951545,0.08866779,0.0888732,304277.0
2023-08-06 16:00:00,0.08883012,0.08932627,0.08859993,0.08906627,347521.0
2023-08-06 20:00:00,0.08908666,0.09231304,0.08861223,0.08941831,369479.0
2023-08-07 00:00:00,0.08941831,0.0894813,0.08932201,0.08946774,97845.0
2023-08-07 04:00:00,0.08947365,0.08948069,0.08923886,0.08942193,143247.0
2023-08-07 08:00:00,0.0893973,0.08948979,0.08876017,0.08889419,415525.0
2023-08-07 12:00:00,0.08893132,0.0894432,0.08874591,0.08936245,409186.0
2023-08-07 16:00:00,0.08936245,0.08941903,0.08894716,0.08936688,423172.0
2023-08-07 20:00:00,0.08939626,0.08940758,0.08865943,0.08923788,525466.0
2023-08-08 00:00:00,0.08923788,0.08926785,0.08818117,0.08926785,96737.0
2023-08-08 04:00:00,0.08926785,0.09352172,0.08813135,0.09198847,123084.0
2023-08-08 08:00:00,0.09198847,0.09345851,0.09132304,0.09193023,340315.0
2023-08-08 12:00:00,0.09193023,0.09623972,0.09197258,0.09399136,270568.0
2023-08-08 16:00:00,0.09399136,0.09450903,0.09376724,0.09421056,413412.0
2023-08-08 20:00:00,0.09415833,0.09732113,0.09372147,0.09549338,442511.0
2023-08-09 00:00:00,0.09551338,0.09687657,0.09551338,0.09562367,110935.0
2023-08-09 04:00:00,0.09562367,0.09737072,0.09501321,0.09538033,115368.0
2023-08-09 08:00:00,0.09538033,0.09878595,0.09521953,0.09612818,401219.0
2023-08-09 12:00:00,0.09612818,0.09821692,0.09601793,0.09621181,373553.0
2023-08-09 16:00:00,0.09623629,0.09700687,0.09620405,0.09668756,421277.0
2023-08-09 20:00:00,0.0966553,0.09857045,0.09620517,0.09702136,431459.0
2023-08-10 00:00:00,0.09702136,0.09771291,0.09702135,0.09722557,90154.0
2023-08-10 04:00:00,0.09722557,0.09725141,0.09687488,0.09723709,73983.0
2023-08-10 08:00:00,0.09723709,0.09723708,0.09619667,0.09620588,336362.0
2023-08-10 12:00:00,0.09623148,0.09694209,0.09555857,0.0965889,294896.0
2023-08-10 16:00:00,0.09662071,0.09683064,0.09604681,0.09677633,291219.0
2023-08-10 20:00:00,0.09677633,0.09684307,0.09549959,0.0967021,322580.0
2023-08-11 00:00:00,0.0967021,0.10074522,0.09655426,0.0975156,67942.0
2023-08-11 04:00:00,0.0975156,0.09965806,0.09688955,0.09744603,123943.0
2023-08-11 08:00:00,0.09744603,0.09879457,0.0973989,0.09813343,333752.0
2023-08-11 12:00:00,0.0980913,0.09829591,0.09750228,0.09829267,242103.0
2023-08-11 16:00:00,0.09829267,0.09829544,0.09640853,0.09808363,265230.0
2023-08-11 20:00:00,0.09803751,0.10110168,0.09790346,0.09904646,267388.0
2023-08-12 00:00:00,0.09900013,0.09986449,0.09898526,0.0992784,89727.0
2023-08-12 04:00:00,0.0992784,0.10089812,0.09911232,0.09922431,98328.0
2023-08-12 08:00:00,0.09922431,0.09984265,0.09921902,0.09962362,336774.0
2023-08-12 12:00:00,0.09962362,0.10166414,0.09962362,0.10020204,347137.0
2023-08-12 16:00:00,0.10025722,0.10071274,0.10012346,0.10012346,422388.0
2023-08-12 20:00:00,0.10012346,0.10081826,0.10012346,0.10074859,411756.0
2023-08-13 00:00:00,0.10074859,0.10084548,0.10042288,0.10079042,57660.0
2023-08-13 04:00:00,0.10079042,0.10087276,0.10048012,0.10057096,82639.0
2023-08-13 08:00:00,0.10061842,0.10081681,0.10001633,0.10079837,290197.0
2023-08-13 12:00:00,0.10079837,0.10082245,0.09999532,0.10041351,249743.0
2023-08-13 16:00:00,0.10044021,0.10055455,0.10000833,0.10010858,285244.0
2023-08-13 20:00:00,0.10005873,0.10037436,0.10001386,0.1001066,324889.0
2023-08-14 00:00:00,0.1001066,0.10058072,0.10002092,0.10055224,116211.0
2023-08-14 04:00:00,0.10055224,0.10101355,0.10047188,0.10065181,126032.0
2023-08-14 08:00:00,0.10065181,0.10096908,0.10015881,0.10042067,540316.0
2023-08-14 12:00:00,0.10044422,0.10056531,0.10016106,0.10033832,334303.0
2023-08-14 16:00:00,0.10033832,0.10094148,0.10018417,0.10018417,357273.0
2023-08-14 20:00:00,0.1001627,0.10084977,0.10013475,0.10035923,391622.0
2023-08-15 00:00:00,0.10035923,0.10046166,0.10014652,0.10036078,67444.0
2023-08-15 04:00:00,0.10036078,0.11939467,0.10041885,0.1186488,116137.0
2023-08-15 08:00:00,0.11762796,0.11862286,0.11755944,0.11829101,271999.0
2023-08-15 12:00:00,0.11832348,0.11949884,0.1151065,0.11743939,273744.0
2023-08-15 16:00:00,0.11746762,0.11765204,0.11694693,0.11702135,289003.0
2023-08-15 20:00:00,0.11702135,0.11741579,0.11680283,0.11684726,275801.0
2023-08-16 00:00:00,0.11677757,0.11848283,0.11667902,0.11689725,61345.0
2023-08-16 04:00:00,0.11689725,0.11700817,0.11669549,0.1168593,59636.0
2023-08-16 08:00:00,0.1168593,0.11743616,0.11676269,0.11743616,201878.0
2023-08-16 12:00:00,0.11743616,0.1174697,0.11670965,0.11714333,183954.0
2023-08-16 16:00:00,0.11714333,0.11760128,0.11690236,0.11705116,215167.0
2023-08-16 20:00:00,0.11705116,0.11755547,0.11670779,0.11676965,226571.0
2023-08-17 00:00:00,0.11676965,0.1170695,0.11667925,0.11691546,34773.0
2023-08-17 04:00:00,0.11691546,0.11720262,0.11684235,0.11696763,32662.0
2023-08-17 08:00:00,0.11696763,0.11749724,0.11672243,0.11677275,160327.0
2023-08-17 12:00:00,0.11677275,0.1173141,0.11437715,0.11729176,157491.0
2023-08-17 16:00:00,0.11729912,0.1173161,0.11659029,0.11692352,185206.0
2023-08-17 20:00:00,0.11698033,0.1177736,0.11553384,0.11693396,180325.0
2023-08-18 00:00:00,0.11693396,0.11701511,0.11628347,0.11644553,22674.0
2023-08-18 04:00:00,0.11644553,0.11654726,0.11629725,0.11638907,37574.0
2023-08-18 08:00:00,0.11636185,0.11681892,0.11632502,0.11659897,164190.0
2023-08-18 12:00:00,0.11659897,0.11659897,0.11659897,0.11659897,0.0
2023-08-18 16:00:00,0.11659897,0.11794016,0.11578986,0.11697319,82161.0
2023-08-18 20:00:00,0.11700461,0.1174644,0.11695179,0.11744845,190923.0
2023-08-19 00:00:00,0.11744845,0.11817431,0.11726037,0.11726037,27330.0
2023-08-19 04:00:00,0.11726037,0.11831015,0.11716093,0.1173928,37751.0
2023-08-19 08:00:00,0.1173928,0.11767948,0.11707505,0.11746596,137949.0
2023-08-19 12:00:00,0.11746596,0.11820966,0.11704956,0.11704956,109002.0
2023-08-19 16:00:00,0.11704956,0.11730181,0.11661533,0.11700184,131368.0
2023-08-19 20:00:00,0.11700184,0.11719986,0.11690026,0.11690493,111861.0
2023-08-20 00:00:00,0.11690493,0.11881513,0.11600407,0.11600407,44705.0
2023-08-20 04:00:00,0.11600407,0.11722123,0.11687441,0.11719176,40337.0
2023-08-20 08:00:00,0.11719176,0.11719136,0.11669575,0.11689489,123333.0
2023-08-20 12:00:00,0.11689489,0.11725768,0.11688346,0.11689959,126452.0
2023-08-20 16:00:00,0.11689959,0.11717571,0.11688357,0.11691944,121844.0
2023-08-20 20:00:00,0.11691944,0.11850577,0.11688814,0.11719983,169348.0
2023-08-21 00:00:00,0.11719983,0.11767829,0.11724483,0.117515,52992.0
2023-08-21 04:00:00,0.117515,0.11779665,0.11734687,0.11740868,59273.0
2023-08-21 08:00:00,0.11740868,0.11911232,0.11695247,0.11702835,241783.0
2023-08-21 12:00:00,0.11702835,0.11756959,0.11695053,0.11695053,203876.0
2023-08-21 16:00:00,0.11695053,0.11758748,0.11693794,0.11706677,251663.0
2023-08-21 20:00:00,0.11706677,0.1173764,0.11621696,0.11699376,207748.0
2023-08-22 00:00:00,0.11704616,0.11739723,0.11682867,0.11739723,56646.0
2023-08-22 04:00:00,0.11739723,0.12786825,0.11615295,0.1241515,117893.0
2023-08-22 08:00:00,0.1241515,0.12645017,0.12414487,0.12429962,217588.0
2023-08-22 12:00:00,0.12436209,0.12574436,0.12345843,0.12457486,227221.0
2023-08-22 16:00:00,0.12452673,0.12484475,0.12401867,0.12412062,291122.0
2023-08-22 20:00:00,0.12412062,0.12472338,0.12329933,0.12422517,283649.0
2023-08-23 00:00:00,0.12422517,0.12422821,0.12328574,0.12395433,39354.0
2023-08-23 04:00:00,0.12395433,0.12560763,0.1231893,0.12436513,35245.0
2023-08-23 08:00:00,0.12436513,0.12495548,0.12403216,0.12417991,132891.0
2023-08-23 12:00:00,0.12413838,0.12458376,0.1239485,0.12402212,168849.0
2023-08-23 16:00:00,0.12402212,0.12490603,0.12391795,0.12433482,153520.0
2023-08-23 20:00:00,0.12433482,0.12739927,0.12390686,0.12558053,191032.0
2023-08-24 00:00:00,0.12558053,0.1266188,0.12501732,0.12590636,29655.0
2023-08-24 04:00:00,0.12590636,0.12592325,0.12561629,0.12580367,30764.0
2023-08-24 08:00:00,0.12586607,0.12595594,0.12530695,0.12595594,114163.0
2023-08-24 12:00:00,0.12595594,0.12597447,0.12500125,0.12500125,104459.0
2023-08-24 16:00:00,0.12500125,0.12540631,0.12500124,0.125213,103925.0
2023-08-24 20:00:00,0.12527624,0.12880132,0.12527624,0.12739132,116066.0
2023-08-25 00:00:00,0.12739132,0.13224724,0.12732161,0.13208573,42334.0
2023-08-25 04:00:00,0.13099615,0.13175146,0.1292468,0.13025607,30937.0
2023-08-25 08:00:00,0.13025607,0.13055733,0.12991549,0.13027051,123779.0
2023-08-25 12:00:00,0.13022841,0.13194314,0.13008518,0.1307519,109535.0
2023-08-25 16:00:00,0.1307519,0.13077739,0.12895993,0.1297546,127811.0
2023-08-25 20:00:00,0.1297546,0.13334078,0.12951429,0.13057124,157628.0
2023-08-26 00:00:00,0.13057124,0.13051556,0.1303217,0.1303217,32234.0
2023-08-26 04:00:00,0.1303217,0.1311,0.1303217,0.13065014,100087.0
2023-08-26 08:00:00,0.13069572,0.13102962,0.13035678,0.13069784,140015.0
2023-08-26 12:00:00,0.13072833,0.13564789,0.13046546,0.13202368,136722.0
2023-08-26 16:00:00,0.13202368,0.13213573,0.13145746,0.1320621,142448.0
2023-08-26 20:00:00,0.13203983,0.13480907,0.13147285,0.1332409,156166.0
2023-08-27 00:00:00,0.13325864,0.13440428,0.13321681,0.13326214,53771.0
2023-08-27 04:00:00,0.13326214,0.13568229,0.13321681,0.13568229,85712.0
2023-08-27 08:00:00,0.13325539,0.1335351,0.13174185,0.13329523,256238.0
2023-08-27 12:00:00,0.13332947,0.13353112,0.13283556,0.13353112,265343.0
2023-08-27 16:00:00,0.13348735,0.13354231,0.13282694,0.1331058,279238.0
2023-08-27 20:00:00,0.13307119,0.13818407,0.13288705,0.13536462,268748.0
2023-08-28 00:00:00,0.13535395,0.13561391,0.13522379,0.13552873,39496.0
2023-08-28 04:00:00,0.13548002,0.13561941,0.13499954,0.13532306,23954.0
2023-08-28 08:00:00,0.13530261,0.13573213,0.13496199,0.13545893,96305.0
2023-08-28 12:00:00,0.13543741,0.13565347,0.1350189,0.13506839,89414.0
2023-08-28 16:00:00,0.13506839,0.1357057,0.13497199,0.13546615,104420.0
2023-08-28 20:00:00,0.1354986,0.1355351,0.13394509,0.13493954,103072.0
2023-08-29 00:00:00,0.13493954,0.13499999,0.13388328,0.13484364,22831.0
2023-08-29 04:00:00,0.13484364,0.14280423,0.13443321,0.14008668,159953.0
2023-08-29 08:00:00,0.14010423,0.15130795,0.13957446,0.14643254,209483.0
2023-08-29 12:00:00,0.146412,0.15033207,0.14630452,0.1470445,144720.0
2023-08-29 16:00:00,0.14706857,0.16132101,0.14697994,0.15432458,243488.0
2023-08-29 20:00:00,0.15436306,0.15720103,0.1531561,0.15494822,201257.0
2023-08-30 00:00:00,0.15492113,0.15699236,0.15432138,0.15510185,57794.0
2023-08-30 04:00:00,0.15504985,0.15913,0.15500599,0.15572568,76658.0
2023-08-30 08:00:00,0.15569557,0.15803438,0.15539257,0.15556487,223148.0
2023-08-30 12:00:00,0.15553643,0.16098274,0.15547424,0.1589395,141853.0
2023-08-30 16:00:00,0.1589395,0.15914679,0.15683767,0.15709669,50335.0
2023-08-30 20:00:00,0.157058,0.15732831,0.15650216,0.15726465,261720.0
2023-08-31 00:00:00,0.15729099,0.15917468,0.15709846,0.15715558,55496.0
2023-08-31 04:00:00,0.15715558,0.15832546,0.15659682,0.15700544,73282.0
2023-08-31 08:00:00,0.15696373,0.15739764,0.15659053,0.15729037,235847.0
2023-08-31 12:00:00,0.15727064,0.15741096,0.15657561,0.15733341,221776.0
2023-08-31 16:00:00,0.15738323,0.15742746,0.15660979,0.15734521,222618.0
2023-08-31 20:00:00,0.15736786,0.15967772,0.15606454,0.15745696,279315.0
2023-09-01 00:00:00,0.15745696,0.15793407,0.15358036,0.15585912,47405.0
2023-09-01 04:00:00,0.15590869,0.15652058,0.15269365,0.15488996,57901.0
2023-09-01 08:00:00,0.15491514,0.1553819,0.15459357,0.15465205,158801.0
2023-09-01 12:00:00,0.15460388,0.15536731,0.15453226,0.15496398,170470.0
2023-09-01 16:00:00,0.15496398,0.15541874,0.15457468,0.15507674,177518.0
2023-09-01 20:00:00,0.1551107,0.15521562,0.15452342,0.15456519,207609.0
2023-09-02 00:00:00,0.15453475,0.15498025,0.15452043,0.15489555,42227.0
2023-09-02 04:00:00,0.15492112,0.15646285,0.15432135,0.15507633,46095.0
2023-09-02 08:00:00,0.15511072,0.15538599,0.15458466,0.15502643,174273.0
2023-09-02 12:00:00,0.15497356,0.15537238,0.15456234,0.15534784,161364.0
2023-09-02 16:00:00,0.15534681,0.15536176,0.15452489,0.15459374,187616.0
2023-09-02 20:00:00,0.15454762,0.15711405,0.15339683,0.15484488,194941.0
2023-09-03 00:00:00,0.15484488,0.15535159,0.15460818,0.1552096,46839.0
2023-09-03 04:00:00,0.1552096,0.15543056,0.15488552,0.15525431,65741.0
2023-09-03 08:00:00,0.15525431,0.15542202,0.15458953,0.15525359,228322.0
2023-09-03 12:00:00,0.15519855,0.15540073,0.15277543,0.15469793,209452.0
2023-09-03 16:00:00,0.15465904,0.15528963,0.154508,0.15469648,216377.0
2023-09-03 20:00:00,0.15474812,0.15544554,0.1546344,0.15542809,239182.0
2023-09-04 00:00:00,0.1553931,0.15542083,0.15465443,0.154848,73094.0
2023-09-04 04:00:00,0.15481191,0.1553213,0.15280989,0.15459559,100366.0
2023-09-04 08:00:00,0.15456504,0.15522227,0.15450927,0.15491634,281570.0
2023-09-04 12:00:00,0.15495549,0.15531539,0.15450764,0.15491172,283068.0
2023-09-04 16:00:00,0.15495047,0.15532394,0.15450707,0.15531221,307354.0
2023-09-04 20:00:00,0.15533093,0.15533093,0.15266907,0.15480102,340578.0
2023-09-05 00:00:00,0.15480102,0.15520842,0.15440859,0.15493016,98478.0
2023-09-05 04:00:00,0.15490623,0.15522436,0.1544593,0.15516539,116860.0
2023-09-05 08:00:00,0.15521958,0.15640777,0.15443264,0.1553543,410262.0
2023-09-05 12:00:00,0.1553335,0.15547395,0.15468599,0.15546033,387998.0
2023-09-05 16:00:00,0.15542867,0.15547685,0.15463454,0.1546554,470095.0
2023-09-05 20:00:00,0.15464475,0.15543974,0.15463247,0.15507393,455246.0
2023-09-06 00:00:00,0.15502274,0.15554029,0.1547434,0.15476421,133388.0
2023-09-06 04:00:00,0.15476421,0.15726909,0.15475356,0.15533697,149527.0
2023-09-06 08:00:00,0.15538787,0.15564073,0.15483788,0.15535178,561446.0
2023-09-06 12:00:00,0.15532104,0.15564185,0.15482845,0.15493476,524272.0
2023-09-06 16:00:00,0.15488263,0.15567344,0.15481628,0.15565471,583008.0
2023-09-06 20:00:00,0.15561768,0.15573652,0.15492115,0.15521713,642337.0
2023-09-07 00:00:00,0.15521713,0.16572433,0.15382886,0.16301951,156871.0
2023-09-07 04:00:00,0.16301951,0.1863213,0.16253844,0.18404238,249696.0
2023-09-07 08:00:00,0.18407398,0.185221,0.18321658,0.18379142,418718.0
2023-09-07 12:00:00,0.18374144,0.1861222,0.1835391,0.18421189,455991.0
2023-09-07 16:00:00,0.18421296,0.18514416,0.18418032,0.1848266,434886.0
2023-09-07 20:00:00,0.18478018,0.18614245,0.18419038,0.18451535,517588.0
2023-09-08 00:00:00,0.18446834,0.18614245,0.18422989,0.18426694,125517.0
2023-09-08 04:00:00,0.18426694,0.1851653,0.18421041,0.18515259,146533.0
2023-09-08 08:00:00,0.18510313,0.18521484,0.18326373,0.18421839,503496.0
2023-09-08 12:00:00,0.18420034,0.18514786,0.18416891,0.18443181,533335.0
2023-09-08 16:00:00,0.18436326,0.18543457,0.18420085,0.1852147,519601.0
2023-09-08 20:00:00,0.18526069,0.18578821,0.18448745,0.18501531,538497.0
2023-09-09 00:00:00,0.18501531,0.18678982,0.18483629,0.18570335,94469.0
2023-09-09 04:00:00,0.18570335,0.18585339,0.18489532,0.18539019,109590.0
2023-09-09 08:00:00,0.18532521,0.18584644,0.1848796,0.18517704,333382.0
2023-09-09 12:00:00,0.18522788,0.18582348,0.18457908,0.18509105,357300.0
2023-09-09 16:00:00,0.18512109,0.18551938,0.18457407,0.18507386,357773.0
2023-09-09 20:00:00,0.18509955,0.18565224,0.18470544,0.18471981,444285.0
2023-09-10 00:00:00,0.18478871,0.18564813,0.18470079,0.18485774,101372.0
2023-09-10 04:00:00,0.18485774,0.18589134,0.18469388,0.18548436,120541.0
2023-09-10 08:00:00,0.18554717,0.18957999,0.18378287,0.18553995,436045.0
2023-09-10 12:00:00,0.18558995,0.18604195,0.18507617,0.18519961,406793.0
2023-09-10 16:00:00,0.18516871,0.18598736,0.18499029,0.18572371,438488.0
2023-09-10 20:00:00,0.18576339,0.18598374,0.18500713,0.18548001,474155.0
2023-09-11 00:00:00,0.18544763,0.18561089,0.18403216,0.18535754,93897.0
2023-09-11 04:00:00,0.18535754,0.18596803,0.18500197,0.18505275,107515.0
2023-09-11 08:00:00,0.18510714,0.18598267,0.18499271,0.18510962,348551.0
2023-09-11 12:00:00,0.18505323,0.18597221,0.18382603,0.18588781,369839.0
2023-09-11 16:00:00,0.18591819,0.18595914,0.18498384,0.18584848,367475.0
2023-09-11 20:00:00,0.18588071,0.18596133,0.18498097,0.1850496,435157.0
2023-09-12 00:00:00,0.1850496,0.18694707,0.18397966,0.18534031,101738.0
2023-09-12 04:00:00,0.18534031,0.18694707,0.18456322,0.1854099,96449.0
2023-09-12 08:00:00,0.18544869,0.18600605,0.18502369,0.18580471,441389.0
2023-09-12 12:00:00,0.18574248,0.1860183,0.18421829,0.18467738,643708.0
2023-09-12 16:00:00,0.18471158,0.18487907,0.18290837,0.18442171,704936.0
2023-09-12 20:00:00,0.18435684,0.18460137,0.18289303,0.18438085,791192.0
2023-09-13 00:00:00,0.18442116,0.18456713,0.18241729,0.1836156,190070.0
2023-09-13 04:00:00,0.1835758,0.18432641,0.18335094,0.18372395,216261.0
2023-09-13 08:00:00,0.18376196,0.18461308,0.18338031,0.18388164,708526.0
2023-09-13 12:00:00,0.18382878,0.18450606,0.18351848,0.18383487,741574.0
2023-09-13 16:00:00,0.18376949,0.18446888,0.18265013,0.18430403,799303.0
2023-09-13 20:00:00,0.18437099,0.18444024,0.18265014,0.18417913,899330.0
2023-09-14 00:00:00,0.18413919,0.18431645,0.18021321,0.180983,132528.0
2023-09-14 04:00:00,0.18094719,0.18174708,0.17983952,0.18092273,99999.0
2023-09-14 08:00:00,0.18098657,0.18175813,0.18003213,0.18165609,206544.0
2023-09-14 12:00:00,0.18161464,0.1821498,0.18080063,0.18117736,184848.0
2023-09-14 16:00:00,0.18117736,0.181738,0.18081048,0.18137206,201155.0
2023-09-14 20:00:00,0.18140864,0.1817419,0.18003246,0.1808331,216941.0
2023-09-15 00:00:00,0.18086507,0.18104127,0.18078667,0.18085052,37170.0
2023-09-15 04:00:00,0.18085052,0.18138739,0.18080148,0.18123186,44612.0
2023-09-15 08:00:00,0.18123186,0.18169799,0.17924932,0.18141197,166054.0
2023-09-15 12:00:00,0.18147876,0.18169604,0.18078251,0.18121313,154589.0
2023-09-15 16:00:00,0.18118659,0.18170618,0.1807642,0.18126719,149907.0
2023-09-15 20:00:00,0.18124,0.18213475,0.18076483,0.18168944,189020.0
2023-09-16 00:00:00,0.18171244,0.18213475,0.181138,0.1815003,57966.0
2023-09-16 04:00:00,0.1815003,0.18188583,0.18109091,0.18180977,55896.0
2023-09-16 08:00:00,0.18180977,0.18219438,0.18099222,0.1820156,195710.0
2023-09-16 12:00:00,0.18206232,0.18218083,0.18124146,0.18128992,208531.0
2023-09-16 16:00:00,0.18125886,0.18200737,0.18123659,0.18135389,178633.0
2023-09-16 20:00:00,0.18140536,0.1815447,0.17877875,0.18124549,212115.0
2023-09-17 00:00:00,0.18124549,0.18132119,0.18107865,0.18121776,65330.0
2023-09-17 04:00:00,0.18121776,0.18184459,0.18107387,0.18169567,74751.0
2023-09-17 08:00:00,0.18172923,0.18201128,0.1811183,0.18147532,265567.0
2023-09-17 12:00:00,0.18147532,0.18187146,0.18093087,0.18182864,242206.0
2023-09-17 16:00:00,0.18182864,0.18187683,0.18094064,0.18134454,242968.0
2023-09-17 20:00:00,0.18138084,0.18187794,0.17937037,0.18093473,261193.0
2023-09-18 00:00:00,0.18099216,0.18216846,0.18099216,0.18139302,51553.0
2023-09-18 04:00:00,0.18139302,0.18181872,0.18120877,0.1814789,47310.0
2023-09-18 08:00:00,0.18151029,0.18393513,0.18012313,0.18326983,194639.0
2023-09-18 12:00:00,0.18333845,0.1854146,0.18281251,0.18458672,186194.0
2023-09-18 16:00:00,0.1846344,0.18505466,0.18409175,0.18495333,200723.0
2023-09-18 20:00:00,0.18501175,0.18504473,0.18409443,0.18445571,207737.0
2023-09-19 00:00:00,0.18445571,0.1847379,0.18410195,0.18468937,66445.0
2023-09-19 04:00:00,0.18468937,0.18487336,0.18161622,0.18416785,64030.0
2023-09-19 08:00:00,0.18420793,0.18504689,0.18399292,0.18458154,232157.0
2023-09-19 12:00:00,0.1845292,0.18464099,0.18201321,0.18393544,205212.0
2023-09-19 16:00:00,0.18393544,0.18393544,0.18385807,0.18393544,260016.0
2023-09-19 20:00:00,0.18393544,0.18432102,0.18208088,0.18384663,305000.0
2023-09-20 00:00:00,0.18384663,0.1839978,0.18359465,0.1839978,57966.0
2023-09-20 04:00:00,0.1839978,0.18422657,0.18373236,0.1838171,61328.0
2023-09-20 08:00:00,0.1838171,0.18457579,0.18363343,0.18407922,191193.0
2023-09-20 12:00:00,0.18401302,0.18459851,0.18362238,0.18429181,186851.0
2023-09-20 16:00:00,0.18429181,0.18459201,0.18362546,0.18443527,191060.0
2023-09-20 20:00:00,0.18447108,0.18460242,0.18365614,0.18401544,239105.0
2023-09-21 00:00:00,0.18401544,0.18436747,0.18301684,0.18375299,45526.0
2023-09-21 04:00:00,0.18372038,0.18403212,0.18203354,0.18386398,70991.0
2023-09-21 08:00:00,0.18386398,0.18403212,0.18369354,0.18393982,200332.0
2023-09-21 12:00:00,0.18399858,0.18403212,0.18384135,0.18403212,165985.0
2023-09-21 16:00:00,0.18403212,0.18403212,0.18403212,0.18403212,0.0
2023-09-21 20:00:00,0.18403212,0.18437503,0.18157526,0.18262133,8998.0
2023-09-22 00:00:00,0.18244979,0.18353213,0.17991436,0.18308494,73390.0
2023-09-22 04:00:00,0.18308494,0.18306414,0.18046531,0.18273086,48631.0
2023-09-22 08:00:00,0.18273086,0.18305541,0.17993216,0.18217499,150780.0
2023-09-22 12:00:00,0.18217499,0.18293875,0.1819801,0.18232156,139737.0
2023-09-22 16:00:00,0.18232156,0.18293212,0.18217012,0.18284117,141716.0
2023-09-22 20:00:00,0.1828753,0.18292582,0.18132103,0.18249371,150235.0
2023-09-23 00:00:00,0.18255088,0.18291652,0.18248915,0.1827638,30049.0
2023-09-23 04:00:00,0.1827638,0.18281788,0.18238594,0.18278895,27437.0
2023-09-23 08:00:00,0.18278895,0.18302124,0.18215312,0.18251896,110629.0
2023-09-23 12:00:00,0.18245528,0.18290391,0.1822811,0.1828128,108070.0
2023-09-23 16:00:00,0.18287348,0.18290758,0.18196659,0.18197406,129548.0
2023-09-23 20:00:00,0.18200409,0.18289116,0.18041419,0.18287475,141911.0
2023-09-24 00:00:00,0.18287475,0.18290697,0.18098351,0.18281017,39393.0
2023-09-24 04:00:00,0.18281017,0.18291736,0.18222625,0.18222625,56141.0
2023-09-24 08:00:00,0.18219321,0.1829223,0.18200565,0.18283692,160365.0
2023-09-24 12:00:00,0.18283692,0.18321315,0.18042071,0.18287001,170502.0
2023-09-24 16:00:00,0.18287001,0.18289762,0.18196256,0.18259863,161222.0
2023-09-24 20:00:00,0.18255454,0.18282859,0.17803213,0.17896321,159636.0
2023-09-25 00:00:00,0.17896321,0.18078609,0.17765465,0.18072756,35860.0
2023-09-25 04:00:00,0.18072756,0.1807653,0.1776338,0.18007878,48002.0
2023-09-25 08:00:00,0.18004706,0.18088624,0.17932131,0.1805448,198094.0
2023-09-25 12:00:00,0.18050388,0.18087414,0.17840961,0.17998761,182496.0
2023-09-25 16:00:00,0.17998761,0.18083081,0.18001398,0.18069302,203048.0
2023-09-25 20:00:00,0.18075758,0.18081861,0.17989564,0.18049296,214027.0
2023-09-26 00:00:00,0.1805469,0.18082869,0.17675371,0.17953286,23823.0
2023-09-26 04:00:00,0.17959025,0.17984594,0.17708696,0.17936548,90639.0
2023-09-26 08:00:00,0.17932491,0.18010729,0.17919693,0.1792004,278184.0
2023-09-26 12:00:00,0.17919478,0.18014763,0.17919478,0.18014294,218655.0
2023-09-26 16:00:00,0.18012436,0.18016951,0.17922883,0.17950767,300973.0
2023-09-26 20:00:00,0.17953692,0.18014578,0.17922816,0.17978694,280188.0
2023-09-27 00:00:00,0.17984905,0.17995726,0.17681195,0.17946115,34394.0
2023-09-27 04:00:00,0.17946115,0.17952068,0.1790803,0.17919705,67138.0
2023-09-27 08:00:00,0.17919705,0.18006512,0.17910978,0.17914623,160010.0
2023-09-27 12:00:00,0.17919278,0.18003198,0.17623132,0.17940388,154453.0
2023-09-27 16:00:00,0.17946884,0.17964197,0.17875123,0.17956067,193215.0
2023-09-27 20:00:00,0.17958458,0.17966514,0.17735804,0.17916729,177928.0
2023-09-28 00:00:00,0.17916729,0.17982942,0.17902826,0.17971429,49278.0
2023-09-28 04:00:00,0.17967437,0.1798386,0.17905238,0.17947442,72683.0
2023-09-28 08:00:00,0.17947442,0.17985644,0.17890838,0.17910286,212015.0
2023-09-28 12:00:00,0.17914665,0.17982655,0.17887892,0.1794745,224581.0
2023-09-28 16:00:00,0.17950754,0.17965361,0.17875153,0.17916332,254646.0
2023-09-28 20:00:00,0.17922928,0.17965962,0.17870532,0.1789022,249924.0
2023-09-29 00:00:00,0.1789022,0.18006087,0.17832132,0.17917012,67720.0
2023-09-29 04:00:00,0.17917012,0.17931697,0.17873037,0.17874625,103436.0
2023-09-29 08:00:00,0.17874625,0.1796726,0.1787306,0.17905703,360034.0
2023-09-29 12:00:00,0.17902065,0.17968042,0.1787253,0.17942401,293880.0
2023-09-29 16:00:00,0.1793849,0.17966091,0.17873363,0.17943471,343147.0
2023-09-29 20:00:00,0.17948753,0.18004747,0.17872714,0.1796579,357054.0
2023-09-30 00:00:00,0.17966346,0.17966346,0.17803548,0.17901152,57904.0
2023-09-30 04:00:00,0.17901152,0.17923671,0.17873627,0.17890878,90650.0
2023-09-30 08:00:00,0.17890878,0.17965348,0.17853213,0.17916494,265641.0
2023-09-30 12:00:00,0.17920492,0.17964342,0.17776513,0.17926759,316049.0
2023-09-30 16:00:00,0.17920599,0.1794645,0.17870544,0.17886164,345824.0
2023-09-30 20:00:00,0.17892458,0.17933831,0.17869442,0.17930628,352238.0
2023-10-01 00:00:00,0.17936847,0.18036707,0.17880536,0.18021435,104640.0
2023-10-01 04:00:00,0.18023717,0.18096861,0.18006345,0.18074435,119045.0
2023-10-01 08:00:00,0.18074435,0.18073859,0.17954321,0.18034264,398223.0
2023-10-01 12:00:00,0.18037968,0.18097992,0.18004992,0.180861,397855.0
2023-10-01 16:00:00,0.18083025,0.18098403,0.1800611,0.1806342,406458.0
2023-10-01 20:00:00,0.18056817,0.18725456,0.18004548,0.18609281,546159.0
2023-10-02 00:00:00,0.18614595,0.18722324,0.18533254,0.18616299,75569.0
2023-10-02 04:00:00,0.18616299,0.18658984,0.18502343,0.18597145,89477.0
2023-10-02 08:00:00,0.18593796,0.18823155,0.18590766,0.18779033,313668.0
2023-10-02 12:00:00,0.18778723,0.18821259,0.18742066,0.18780748,320109.0
2023-10-02 16:00:00,0.18780748,0.18797813,0.18709497,0.18721773,338707.0
2023-10-02 20:00:00,0.18718479,0.187996,0.18452773,0.18625063,372763.0
2023-10-03 00:00:00,0.18625109,0.18653211,0.18440794,0.18611797,84959.0
2023-10-03 04:00:00,0.18611797,0.18696851,0.18463212,0.18647146,99176.0
2023-10-03 08:00:00,0.18647146,0.18701209,0.18604456,0.1866783,327600.0
2023-10-03 12:00:00,0.18670924,0.18679095,0.18580529,0.18595059,333916.0
2023-10-03 16:00:00,0.18595059,0.1870663,0.18583107,0.1870663,361050.0
2023-10-03 20:00:00,0.18703696,0.187188,0.18619573,0.18626603,364188.0
2023-10-04 00:00:00,0.18629691,0.18716852,0.18623667,0.18644104,86811.0
2023-10-04 04:00:00,0.18644104,0.18716652,0.1861321,0.18703346,85491.0
2023-10-04 08:00:00,0.18699678,0.18716216,0.18621037,0.18674951,302070.0
2023-10-04 12:00:00,0.18681177,0.18718758,0.18622751,0.18704192,288256.0
2023-10-04 16:00:00,0.18701483,0.187361,0.18658206,0.18668794,340559.0
2023-10-04 20:00:00,0.18662333,0.18736685,0.18606132,0.18645608,333119.0
2023-10-05 00:00:00,0.18645608,0.18787749,0.18586351,0.18700244,83154.0
2023-10-05 04:00:00,0.18700244,0.1968321,0.1852685,0.19316958,142835.0
2023-10-05 08:00:00,0.19323192,0.20465133,0.19320391,0.19614665,395912.0
2023-10-05 12:00:00,0.19620312,0.19890425,0.19480354,0.19747996,344905.0
2023-10-05 16:00:00,0.19751152,0.19895701,0.19685313,0.19816437,371756.0
2023-10-05 20:00:00,0.19809908,0.19929336,0.19702345,0.19837225,430494.0
2023-10-06 00:00:00,0.19840451,0.19870964,0.19794363,0.19794363,96451.0
2023-10-06 04:00:00,0.19794363,0.19935132,0.19782002,0.19816185,156095.0
2023-10-06 08:00:00,0.19820227,0.19891391,0.19788706,0.19880074,443728.0
2023-10-06 12:00:00,0.19876605,0.21552331,0.19791946,0.20078548,429931.0
2023-10-06 16:00:00,0.20082602,0.20220738,0.20040543,0.20139091,524118.0
2023-10-06 20:00:00,0.20140653,0.20735465,0.20042353,0.20425315,546422.0
2023-10-07 00:00:00,0.20425315,0.20769645,0.20398941,0.20543066,96530.0
2023-10-07 04:00:00,0.20543066,0.20602195,0.20542698,0.20548097,114435.0
2023-10-07 08:00:00,0.20548097,0.20832103,0.20551147,0.20626443,360375.0
2023-10-07 12:00:00,0.20620378,0.21024198,0.20565163,0.20775174,339796.0
2023-10-07 16:00:00,0.20775174,0.20808864,0.2076523,0.2080177,278283.0
2023-10-07 20:00:00,0.20799139,0.21028029,0.20639926,0.20860972,415929.0
2023-10-08 00:00:00,0.20853619,0.20911239,0.20849961,0.20893096,89427.0
2023-10-08 04:00:00,0.20893096,0.21035262,0.20846936,0.20966906,114900.0
2023-10-08 08:00:00,0.20966906,0.21074044,0.2081321,0.20941687,351821.0
2023-10-08 12:00:00,0.2093525,0.21088875,0.2080841,0.20932293,361820.0
2023-10-08 16:00:00,0.20932293,0.20960917,0.20852973,0.20942109,368472.0
2023-10-08 20:00:00,0.20937349,0.21036546,0.20852553,0.209489,378883.0
2023-10-09 00:00:00,0.209489,0.21040521,0.20867083,0.20893661,99757.0
2023-10-09 04:00:00,0.20893661,0.21058048,0.20811036,0.20913493,123363.0
2023-10-09 08:00:00,0.2091802,0.21065,0.20869727,0.21055099,467905.0
2023-10-09 12:00:00,0.21051067,0.21064096,0.20922292,0.20962347,424134.0
2023-10-09 16:00:00,0.20954552,0.21057358,0.20935449,0.20935449,423359.0
2023-10-09 20:00:00,0.20935449,0.21137335,0.20885299,0.20963874,39699.0
2023-10-10 00:00:00,0.20963874,0.21137335,0.20956183,0.20991504,142508.0
2023-10-10 04:00:00,0.20991504,0.21051069,0.20961458,0.20983415,172329.0
2023-10-10 08:00:00,0.20989449,0.21077749,0.20959409,0.21047468,538581.0
2023-10-10 12:00:00,0.21042574,0.21089701,0.20974791,0.21083655,606902.0
2023-10-10 16:00:00,0.21083655,0.21089703,0.20977114,0.21011486,578474.0
2023-10-10 20:00:00,0.2101457,0.21366253,0.2097604,0.2119104,588961.0
2023-10-11 00:00:00,0.21195058,0.21563213,0.21195058,0.21387483,63829.0
2023-10-11 04:00:00,0.21387483,0.21529732,0.21387493,0.21497338,83022.0
2023-10-11 08:00:00,0.21496145,0.22231265,0.2132132,0.22029453,496491.0
2023-10-11 12:00:00,0.22021916,0.22460761,0.22021321,0.22289774,515776.0
2023-10-11 16:00:00,0.22294126,0.22331111,0.22216257,0.22223283,600316.0
2023-10-11 20:00:00,0.22228063,0.22735461,0.22176541,0.22673516,589756.0
2023-10-12 00:00:00,0.22621414,0.22735461,0.2239542,0.22422498,120574.0
2023-10-12 04:00:00,0.22422498,0.22521321,0.22319635,0.22448713,144984.0
2023-10-12 08:00:00,0.22448713,0.22450131,0.22333269,0.22408988,460474.0
2023-10-12 12:00:00,0.22414349,0.22452899,0.22335583,0.22411159,445026.0
2023-10-12 16:00:00,0.22414355,0.22456541,0.22338576,0.22388251,451683.0
2023-10-12 20:00:00,0.22380662,0.22583132,0.22337514,0.22583132,488189.0
2023-10-13 00:00:00,0.22583132,0.2286679,0.22431321,0.22756298,151544.0
2023-10-13 04:00:00,0.22756298,0.22975853,0.22639354,0.22808686,143030.0
2023-10-13 08:00:00,0.22814171,0.2301684,0.22712384,0.2287848,433602.0
2023-10-13 12:00:00,0.22887002,0.2317463,0.22781102,0.22933341,329849.0
2023-10-13 16:00:00,0.22933341,0.22989578,0.22803547,0.22956217,372775.0
2023-10-13 20:00:00,0.22959372,0.22990881,0.22832132,0.2294641,430630.0
2023-10-14 00:00:00,0.2294641,0.22982954,0.22877027,0.22877027,93698.0
2023-10-14 04:00:00,0.22877027,0.22982864,0.22867447,0.2296095,127699.0
2023-10-14 08:00:00,0.22969188,0.2324654,0.22903933,0.23089089,346626.0
2023-10-14 12:00:00,0.23092204,0.23241609,0.23034406,0.23109731,372698.0
2023-10-14 16:00:00,0.23109731,0.23151668,0.23034084,0.23088097,403411.0
2023-10-14 20:00:00,0.23083713,0.23284166,0.23029145,0.23114391,454328.0
2023-10-15 00:00:00,0.23114391,0.23197101,0.23082937,0.23103742,93553.0
2023-10-15 04:00:00,0.23103742,0.23513554,0.23100741,0.23144042,97055.0
2023-10-15 08:00:00,0.23144042,0.2344265,0.23089975,0.23283892,314085.0
2023-10-15 12:00:00,0.23283892,0.23513554,0.23183239,0.2329885,317505.0
2023-10-15 16:00:00,0.2329885,0.23484895,0.23272659,0.23354079,343916.0
2023-10-15 20:00:00,0.23360786,0.24534687,0.23204868,0.23836468,378640.0
2023-10-16 00:00:00,0.23836468,0.23958501,0.23684455,0.23755524,48775.0
2023-10-16 04:00:00,0.23755524,0.2384887,0.23745621,0.2377014,61686.0
2023-10-16 08:00:00,0.2377014,0.23846183,0.23700321,0.23814678,237772.0
2023-10-16 12:00:00,0.23821444,0.2385529,0.23676546,0.23803173,222100.0
2023-10-16 16:00:00,0.23796315,0.23848972,0.2371682,0.23753695,258139.0
2023-10-16 20:00:00,0.23747586,0.23844646,0.23720407,0.23794969,235495.0
2023-10-17 00:00:00,0.23794969,0.23795825,0.23629683,0.23784372,54516.0
2023-10-17 04:00:00,0.23784372,0.23938833,0.2372676,0.23734093,63309.0
2023-10-17 08:00:00,0.23734093,0.23837719,0.23714762,0.23834255,228321.0
2023-10-17 12:00:00,0.23830048,0.23836493,0.23713678,0.23829046,271122.0
2023-10-17 16:00:00,0.23829046,0.23835126,0.23690621,0.23696891,259989.0
2023-10-17 20:00:00,0.23698505,0.23819046,0.23515068,0.23615274,299749.0
2023-10-18 00:00:00,0.23612991,0.23689164,0.23611021,0.23637836,67185.0
2023-10-18 04:00:00,0.23637836,0.23668713,0.23565465,0.23648684,72564.0
2023-10-18 08:00:00,0.23655489,0.23742349,0.23619339,0.236351,286617.0
2023-10-18 12:00:00,0.23642083,0.23747608,0.23639323,0.23735782,267453.0
2023-10-18 16:00:00,0.23741495,0.2374981,0.23622964,0.23682482,272891.0
2023-10-18 20:00:00,0.23689472,0.23746835,0.23471927,0.23583535,313098.0
2023-10-19 00:00:00,0.23583535,0.23705963,0.23477592,0.23590369,88196.0
2023-10-19 04:00:00,0.23478135,0.23766767,0.23445721,0.23571972,114404.0
2023-10-19 08:00:00,0.23563236,0.23653902,0.23390509,0.23545341,342619.0
2023-10-19 12:00:00,0.23548659,0.23603554,0.23423213,0.23571292,330598.0
2023-10-19 16:00:00,0.23565005,0.23646986,0.23524086,0.23611157,337175.0
2023-10-19 20:00:00,0.23618352,0.23645775,0.23424082,0.2360985,385983.0
2023-10-20 00:00:00,0.23602142,0.23903607,0.23515262,0.23823826,57093.0
2023-10-20 04:00:00,0.23823826,0.23735664,0.23619936,0.23727044,85539.0
2023-10-20 08:00:00,0.23727044,0.24125802,0.23669833,0.2379363,246288.0
2023-10-20 12:00:00,0.2379363,0.24125802,0.23788267,0.23940411,247559.0
2023-10-20 16:00:00,0.23934677,0.23946997,0.2386204,0.23875734,242205.0
2023-10-20 20:00:00,0.23880741,0.23973769,0.23856586,0.23973769,280280.0
2023-10-21 00:00:00,0.23973769,0.23982346,0.23866178,0.23883614,50005.0
2023-10-21 04:00:00,0.23883614,0.24080998,0.23755708,0.2388094,68846.0
2023-10-21 08:00:00,0.23889697,0.23986869,0.23843213,0.23955853,225988.0
2023-10-21 12:00:00,0.23963552,0.23985184,0.23704558,0.23914951,203402.0
2023-10-21 16:00:00,0.23909219,0.23922663,0.23650097,0.23781366,188366.0
2023-10-21 20:00:00,0.23773164,0.24260319,0.2374124,0.23947109,264714.0
2023-10-22 00:00:00,0.23947109,0.23985943,0.23817465,0.2393983,56972.0
2023-10-22 04:00:00,0.2393983,0.23982936,0.23786546,0.23858327,86469.0
2023-10-22 08:00:00,0.23858327,0.23963244,0.23777765,0.2390251,273302.0
2023-10-22 12:00:00,0.2389672,0.23926842,0.23645028,0.23766508,231207.0
2023-10-22 16:00:00,0.23759933,0.23809391,0.23623273,0.23695209,269984.0
2023-10-22 20:00:00,0.23700832,0.23823545,0.23632065,0.23632065,312207.0
2023-10-23 00:00:00,0.23632065,0.23704171,0.23572754,0.23661637,45747.0
2023-10-23 04:00:00,0.23661637,0.23868846,0.23338138,0.23540474,98558.0
2023-10-23 08:00:00,0.23531922,0.23644823,0.23452313,0.23592157,270270.0
2023-10-23 12:00:00,0.23585299,0.23680045,0.23145502,0.23308335,259693.0
2023-10-23 16:00:00,0.23316916,0.2340828,0.23295725,0.2332179,289879.0
2023-10-23 20:00:00,0.23314692,0.23418116,0.23237308,0.23339399,354307.0
2023-10-24 00:00:00,0.23336466,0.23503246,0.23135162,0.23372236,55080.0
2023-10-24 04:00:00,0.23372236,0.2336608,0.22761611,0.23080686,63856.0
2023-10-24 08:00:00,0.23084583,0.23200045,0.22734385,0.22936525,164316.0
2023-10-24 12:00:00,0.22931405,0.22942299,0.22825599,0.22930096,158907.0
2023-10-24 16:00:00,0.22923509,0.22942299,0.22909435,0.22925314,174058.0
2023-10-24 20:00:00,0.22917916,0.22942299,0.22486424,0.22682484,170899.0
2023-10-25 00:00:00,0.22682484,0.22766843,0.22681785,0.2270617,36566.0
2023-10-25 04:00:00,0.2270617,0.22790214,0.22681014,0.22681014,32326.0
2023-10-25 08:00:00,0.22681014,0.22882575,0.2259606,0.2272089,118644.0
2023-10-25 12:00:00,0.22726817,0.22763656,0.22643245,0.22704439,110697.0
2023-10-25 16:00:00,0.22704439,0.22765499,0.22664277,0.22665688,120929.0
2023-10-25 20:00:00,0.2266462,0.22762192,0.2266462,0.2274599,126871.0
2023-10-26 00:00:00,0.2274599,0.22751094,0.22664788,0.22711601,31822.0
2023-10-26 04:00:00,0.22717761,0.22717761,0.22649848,0.22692612,36939.0
2023-10-26 08:00:00,0.22692612,0.22801199,0.226749,0.22689728,140759.0
2023-10-26 12:00:00,0.22697699,0.22766857,0.22443213,0.22613033,129129.0
2023-10-26 16:00:00,0.22621153,0.22752193,0.22467651,0.22616935,169049.0
2023-10-26 20:00:00,0.22624597,0.22660126,0.22545125,0.22573972,183420.0
2023-10-27 00:00:00,0.22573972,0.22658376,0.22038859,0.22420928,60145.0
2023-10-27 04:00:00,0.22420928,0.22417845,0.21896631,0.22246382,68276.0
2023-10-27 08:00:00,0.22246382,0.22249524,0.21823905,0.22005919,132447.0
2023-10-27 12:00:00,0.22005919,0.22056579,0.21743554,0.22052173,101226.0
2023-10-27 16:00:00,0.22056579,0.22056579,0.22048652,0.22051166,218438.0
2023-10-27 20:00:00,0.22050469,0.22056579,0.21968931,0.22053085,237678.0
2023-10-28 00:00:00,0.22053085,0.22056579,0.22028288,0.220283,63726.0
2023-10-28 04:00:00,0.220283,0.22056579,0.22027628,0.22050324,84989.0
2023-10-28 08:00:00,0.22050324,0.22056579,0.22028589,0.22055963,281389.0
2023-10-28 12:00:00,0.22056579,0.22056579,0.22050466,0.22056579,279210.0
2023-10-28 16:00:00,0.22051798,0.22056579,0.22049779,0.22049779,315751.0
2023-10-28 20:00:00,0.22055703,0.22056579,0.22049779,0.22056579,324553.0
2023-10-29 00:00:00,0.22056579,0.22056579,0.22050464,0.22056579,51289.0
2023-10-29 04:00:00,0.22056579,0.22056579,0.22050481,0.22054989,8024.0
2023-10-29 08:00:00,0.22054989,0.22054989,0.22054989,0.22054989,0.0
2023-10-29 12:00:00,0.22054989,0.22054989,0.22054989,0.22054989,0.0
2023-10-29 16:00:00,0.22054989,0.22054989,0.22054989,0.22054989,0.0
2023-10-29 20:00:00,0.22054989,0.22054989,0.22054989,0.22054989,0.0
2023-10-30 00:00:00,0.22054989,0.22054989,0.22054989,0.22054989,0.0
2023-10-30 04:00:00,0.22054989,0.22054989,0.22054989,0.22054989,0.0
2023-10-30 08:00:00,0.22054989,0.22157485,0.21875775,0.22157485,163335.0
2023-10-30 12:00:00,0.22157485,0.22157485,0.22040148,0.22107696,287894.0
2023-10-30 16:00:00,0.22115026,0.22149102,0.22037286,0.22045873,310706.0
2023-10-30 20:00:00,0.22053257,0.22061024,0.21342456,0.21850937,314565.0
2023-10-31 00:00:00,0.21843551,0.2187532,0.21807506,0.21823777,43711.0
2023-10-31 04:00:00,0.21823777,0.21843849,0.21512857,0.21748194,48053.0
2023-10-31 08:00:00,0.21748194,0.2180776,0.21343465,0.21678545,116190.0
2023-10-31 12:00:00,0.21678545,0.21731421,0.21343465,0.21655852,52741.0
2023-10-31 16:00:00,0.21655852,0.21738239,0.21623467,0.21679293,208927.0
2023-10-31 20:00:00,0.21684655,0.21736338,0.20921244,0.2162293,229038.0
2023-11-01 00:00:00,0.2162293,0.21625684,0.21545596,0.21545596,28800.0
2023-11-01 04:00:00,0.21545596,0.21572035,0.21521904,0.21528205,42456.0
2023-11-01 08:00:00,0.21528205,0.2155046,0.21300854,0.2144475,142443.0
2023-11-01 12:00:00,0.2144475,0.21459985,0.21354297,0.21354297,2919.0
2023-11-01 16:00:00,0.21354297,0.21354297,0.21354297,0.21354297,0.0
2023-11-01 20:00:00,0.21354297,0.21422895,0.2106043,0.21099373,138885.0
2023-11-02 00:00:00,0.21099373,0.21554394,0.20925426,0.21254566,74805.0
2023-11-02 04:00:00,0.21254566,0.21389186,0.21122269,0.21379835,24680.0
2023-11-02 08:00:00,0.21387754,0.21418146,0.21342851,0.21417938,216411.0
2023-11-02 12:00:00,0.21417938,0.21417938,0.19963516,0.21259846,181827.0
2023-11-02 16:00:00,0.21259846,0.2131645,0.21207436,0.21215235,193780.0
2023-11-02 20:00:00,0.21210906,0.21317584,0.21208213,0.21315609,232868.0
2023-11-03 00:00:00,0.21315609,0.21432101,0.20855122,0.20999515,43394.0
2023-11-03 04:00:00,0.20999515,0.21236013,0.20953245,0.21150304,39164.0
2023-11-03 08:00:00,0.21150304,0.21243136,0.20939405,0.20939405,174254.0
2023-11-03 12:00:00,0.20939405,0.21212161,0.20002463,0.20729766,149748.0
2023-11-03 16:00:00,0.2073416,0.2073416,0.20651269,0.20707857,196942.0
2023-11-03 20:00:00,0.20712901,0.20758826,0.19921571,0.20471561,232314.0
2023-11-04 00:00:00,0.20465241,0.20471561,0.19765374,0.20024985,71347.0
2023-11-04 04:00:00,0.19849205,0.20010353,0.19731731,0.19941582,71499.0
2023-11-04 08:00:00,0.19941582,0.19985865,0.19634632,0.19844917,262253.0
2023-11-04 12:00:00,0.19844917,0.19900012,0.19629815,0.19798958,240800.0
2023-11-04 16:00:00,0.19795374,0.19897041,0.19786802,0.19868835,252404.0
2023-11-04 20:00:00,0.1986527,0.19923546,0.19722029,0.19853404,271958.0
2023-11-05 00:00:00,0.19853404,0.19849897,0.19788748,0.19796239,49034.0
2023-11-05 04:00:00,0.19796239,0.19883833,0.19790162,0.19826709,75442.0
2023-11-05 08:00:00,0.19829266,0.19889968,0.19789543,0.1986761,208084.0
2023-11-05 12:00:00,0.19872844,0.19890575,0.19797301,0.19841032,209943.0
2023-11-05 16:00:00,0.19835726,0.19862942,0.19716356,0.19798214,216589.0
2023-11-05 20:00:00,0.19794371,0.19972103,0.19786475,0.19860844,259616.0
2023-11-06 00:00:00,0.1985703,0.19959652,0.19788578,0.19805831,41140.0
2023-11-06 04:00:00,0.19805831,0.19886417,0.19799759,0.19863292,59492.0
2023-11-06 08:00:00,0.1987049,0.19922446,0.19797804,0.19847307,183503.0
2023-11-06 12:00:00,0.19840929,0.19921798,0.19811345,0.19811989,183446.0
2023-11-06 16:00:00,0.19811989,0.19910082,0.19810673,0.19823643,193415.0
2023-11-06 20:00:00,0.19818769,0.19914303,0.19629796,0.19828748,209800.0
2023-11-07 00:00:00,0.19828748,0.19987315,0.19732207,0.19822809,67036.0
2023-11-07 04:00:00,0.19822809,0.19868172,0.19817464,0.19823511,73883.0
2023-11-07 08:00:00,0.19818086,0.20040664,0.19816853,0.19862147,278765.0
2023-11-07 12:00:00,0.19856349,0.19955613,0.19854791,0.19910928,290417.0
2023-11-07 16:00:00,0.19913873,0.19985666,0.19876212,0.19904073,287411.0
2023-11-07 20:00:00,0.19901473,0.20132746,0.19880701,0.19975516,319343.0
2023-11-08 00:00:00,0.19979141,0.20246703,0.19387933,0.19387933,83355.0
2023-11-08 04:00:00,0.19474521,0.19563056,0.19285175,0.19427793,102666.0
2023-11-08 08:00:00,0.19421,0.19435023,0.19020807,0.19166916,336551.0
2023-11-08 12:00:00,0.19162265,0.1919155,0.18881672,0.19111451,281499.0
2023-11-08 16:00:00,0.19111451,0.19112705,0.19018528,0.19095031,348880.0
2023-11-08 20:00:00,0.19097743,0.19112796,0.18911446,0.19086153,365751.0
2023-11-09 00:00:00,0.19082661,0.19091524,0.18908064,0.19039574,65061.0
2023-11-09 04:00:00,0.190367,0.19103723,0.18733258,0.18908569,95095.0
2023-11-09 08:00:00,0.18908569,0.18921484,0.1821446,0.18394961,253998.0
2023-11-09 12:00:00,0.18390485,0.18394899,0.18196068,0.18297418,215844.0
2023-11-09 16:00:00,0.1829396,0.18378417,0.18187544,0.18294063,227260.0
2023-11-09 20:00:00,0.18290708,0.18333078,0.18159486,0.18323747,186102.0
2023-11-10 00:00:00,0.18320235,0.18323328,0.18035456,0.18218411,99972.0
2023-11-10 04:00:00,0.18218411,0.18220691,0.17618692,0.17836699,109813.0
2023-11-10 08:00:00,0.17839826,0.17846708,0.17454864,0.17666348,321833.0
2023-11-10 12:00:00,0.17666846,0.17666846,0.17035465,0.17299495,311121.0
2023-11-10 16:00:00,0.17304537,0.17324209,0.17235694,0.17279942,333191.0
2023-11-10 20:00:00,0.17279942,0.1729024,0.16568235,0.16782597,324140.0
2023-11-11 00:00:00,0.16782597,0.16782597,0.16695916,0.16695916,71014.0
2023-11-11 04:00:00,0.16695916,0.16740372,0.16694924,0.16695682,76222.0
2023-11-11 08:00:00,0.16700067,0.16737851,0.16695601,0.16696516,167007.0
2023-11-11 12:00:00,0.16696516,0.16812311,0.166861,0.16717113,198087.0
2023-11-11 16:00:00,0.16717113,0.168017,0.16709549,0.16790396,334445.0
2023-11-11 20:00:00,0.16786275,0.16949328,0.16515133,0.16688185,386599.0
2023-11-12 00:00:00,0.16692189,0.16692189,0.1647637,0.16606212,65726.0
2023-11-12 04:00:00,0.1661045,0.16636172,0.16553153,0.16553153,63225.0
2023-11-12 08:00:00,0.16553153,0.16549685,0.15970893,0.16121182,288952.0
2023-11-12 12:00:00,0.161159,0.16146708,0.15652845,0.1581411,330091.0
2023-11-12 16:00:00,0.15817654,0.15857324,0.15800014,0.15800014,312122.0
2023-11-12 20:00:00,0.15795371,0.15847961,0.15468317,0.15654965,385725.0
2023-11-13 00:00:00,0.15650911,0.15650911,0.15222931,0.15325483,95635.0
2023-11-13 04:00:00,0.15325483,0.15397778,0.1529591,0.15397744,68825.0
2023-11-13 08:00:00,0.15309382,0.15407043,0.15275092,0.15310859,334853.0
2023-11-13 12:00:00,0.15306346,0.15362782,0.15284639,0.15300267,338108.0
2023-11-13 16:00:00,0.15300267,0.15334905,0.15286666,0.15289299,310963.0
2023-11-13 20:00:00,0.15291308,0.15357296,0.15206458,0.15291077,358980.0
2023-11-14 00:00:00,0.15286202,0.15448936,0.15286202,0.15410008,76220.0
2023-11-14 04:00:00,0.15410008,0.1548681,0.15391425,0.15399632,93798.0
2023-11-14 08:00:00,0.15404863,0.15496675,0.15370542,0.15391291,304833.0
2023-11-14 12:00:00,0.15391291,0.15500792,0.15391291,0.15487048,299159.0
2023-11-14 16:00:00,0.15482551,0.15514503,0.15432917,0.15446424,303727.0
2023-11-14 20:00:00,0.15444376,0.15510876,0.15432428,0.154399,374883.0
2023-11-15 00:00:00,0.154399,0.15558904,0.15439275,0.15490271,56304.0
2023-11-15 04:00:00,0.15490271,0.15567793,0.15482504,0.15485023,76212.0
2023-11-15 08:00:00,0.15485023,0.1552381,0.15446883,0.15477979,265919.0
2023-11-15 12:00:00,0.15472639,0.15592216,0.1543738,0.15549427,234287.0
2023-11-15 16:00:00,0.15552571,0.15557379,0.15397879,0.15523575,178296.0
2023-11-15 20:00:00,0.15518765,0.15532555,0.15472819,0.15477815,217697.0
2023-11-16 00:00:00,0.15477815,0.15584107,0.15481088,0.15550703,43773.0
2023-11-16 04:00:00,0.15550703,0.15567784,0.15514115,0.15529154,53580.0
2023-11-16 08:00:00,0.15529154,0.15567829,0.15491701,0.1553382,180740.0
2023-11-16 12:00:00,0.15539546,0.15607423,0.15490596,0.15539613,166242.0
2023-11-16 16:00:00,0.15537588,0.15574225,0.15495074,0.15522399,184655.0
2023-11-16 20:00:00,0.15525136,0.15602363,0.15497198,0.15573556,225888.0
2023-11-17 00:00:00,0.15573556,0.15607688,0.15535254,0.15551868,65264.0
2023-11-17 04:00:00,0.15555995,0.15581877,0.15504659,0.15566883,76190.0
2023-11-17 08:00:00,0.15566883,0.15614832,0.1551065,0.15550402,226719.0
2023-11-17 12:00:00,0.15544626,0.15588681,0.15512015,0.15513989,225963.0
2023-11-17 16:00:00,0.15513989,0.15590882,0.15512628,0.15556043,239545.0
2023-11-17 20:00:00,0.15551888,0.15615146,0.15511175,0.15573552,279085.0
2023-11-18 00:00:00,0.15576595,0.15582994,0.15509757,0.15509757,75110.0
2023-11-18 04:00:00,0.15509757,0.15575771,0.15509203,0.1554603,74684.0
2023-11-18 08:00:00,0.15543396,0.15624835,0.15530637,0.15578906,274779.0
2023-11-18 12:00:00,0.15574138,0.15607559,0.15522879,0.1558792,317337.0
2023-11-18 16:00:00,0.15584421,0.15605222,0.15525314,0.15546035,322201.0
2023-11-18 20:00:00,0.15548173,0.1560395,0.15524657,0.1560395,343254.0
2023-11-19 00:00:00,0.1560395,0.15643756,0.15573477,0.15623525,77903.0
2023-11-19 04:00:00,0.15623525,0.1562426,0.15585169,0.15623194,107562.0
2023-11-19 08:00:00,0.15623194,0.156529,0.15550476,0.15593491,311534.0
2023-11-19 12:00:00,0.15589314,0.15630852,0.1555157,0.15560147,314131.0
2023-11-19 16:00:00,0.15555537,0.15631339,0.15551294,0.15557248,333018.0
2023-11-19 20:00:00,0.15561613,0.15662568,0.15552208,0.15591682,374650.0
2023-11-20 00:00:00,0.15587766,0.15598308,0.15467924,0.15541692,48617.0
2023-11-20 04:00:00,0.15541692,0.156143,0.15516212,0.15582341,59466.0
2023-11-20 08:00:00,0.15578683,0.15759387,0.15520404,0.15704782,200547.0
2023-11-20 12:00:00,0.15704782,0.15815681,0.15660002,0.15755078,198588.0
2023-11-20 16:00:00,0.15755078,0.15784293,0.15703072,0.157304,210221.0
2023-11-20 20:00:00,0.15726713,0.15861208,0.15699072,0.1582033,234357.0
2023-11-21 00:00:00,0.1582033,0.1582896,0.1566005,0.15772686,41661.0
2023-11-21 04:00:00,0.15772686,0.15790007,0.15653693,0.15763692,48670.0
2023-11-21 08:00:00,0.15766691,0.15808071,0.15728262,0.15799122,160032.0
2023-11-21 12:00:00,0.15802096,0.15808053,0.15738225,0.15807686,180185.0
2023-11-21 16:00:00,0.158095,0.15809958,0.15730075,0.15732404,170244.0
2023-11-21 20:00:00,0.15734595,0.15808817,0.15728038,0.15785064,188121.0
2023-11-22 00:00:00,0.15785064,0.15811276,0.15623258,0.15753336,34351.0
2023-11-22 04:00:00,0.15753336,0.15759996,0.1557558,0.15692197,46520.0
2023-11-22 08:00:00,0.15692197,0.157249,0.15647425,0.1570876,149995.0
2023-11-22 12:00:00,0.15706043,0.15725476,0.1564656,0.15648319,147723.0
2023-11-22 16:00:00,0.15653816,0.15699792,0.15647156,0.15658564,156307.0
2023-11-22 20:00:00,0.15654599,0.15721184,0.15513441,0.15651359,159831.0
2023-11-23 00:00:00,0.15651359,0.15665398,0.15608236,0.15610989,40421.0
2023-11-23 04:00:00,0.15610989,0.15668352,0.15593821,0.15637332,69188.0
2023-11-23 08:00:00,0.15637332,0.15641086,0.15589125,0.15607087,189039.0
2023-11-23 12:00:00,0.15609111,0.15667798,0.15372875,0.15498863,193381.0
2023-11-23 16:00:00,0.15498863,0.15504777,0.15492604,0.15502107,149317.0
2023-11-23 20:00:00,0.15504054,0.15506417,0.153937,0.15468628,172287.0
2023-11-24 00:00:00,0.15467367,0.15521281,0.15467367,0.15521281,52634.0
2023-11-24 04:00:00,0.15521281,0.1554409,0.15503183,0.15508862,64671.0
2023-11-24 08:00:00,0.15503327,0.15542819,0.15385177,0.15531834,257922.0
2023-11-24 12:00:00,0.15534453,0.15546788,0.15468117,0.15479523,209601.0
2023-11-24 16:00:00,0.15479523,0.15531229,0.15453544,0.1548508,247124.0
2023-11-24 20:00:00,0.15490598,0.15533245,0.15480269,0.15480835,256647.0
2023-11-25 00:00:00,0.15480835,0.15522046,0.15480321,0.15509153,58222.0
2023-11-25 04:00:00,0.15509153,0.15526146,0.15480718,0.15486407,49696.0
2023-11-25 08:00:00,0.15486407,0.15560271,0.15481,0.15496478,194257.0
2023-11-25 12:00:00,0.15500739,0.1555954,0.15481461,0.15513597,223174.0
2023-11-25 16:00:00,0.15513597,0.15560887,0.15482304,0.1555116,222281.0
2023-11-25 20:00:00,0.15548317,0.15561354,0.15483742,0.15505226,249083.0
2023-11-26 00:00:00,0.15505226,0.15517306,0.15483279,0.15496963,54385.0
2023-11-26 04:00:00,0.15496963,0.15541193,0.15483839,0.15541193,55870.0
2023-11-26 08:00:00,0.15538615,0.15561717,0.15484104,0.15513768,184198.0
2023-11-26 12:00:00,0.1551618,0.15562762,0.15493803,0.15502343,203109.0
2023-11-26 16:00:00,0.15508023,0.15565881,0.15486708,0.1551504,199604.0
2023-11-26 20:00:00,0.1551109,0.15539061,0.15486219,0.15492305,207328.0
2023-11-27 00:00:00,0.15492305,0.15520787,0.15404421,0.15507282,50206.0
2023-11-27 04:00:00,0.15507282,0.15541867,0.15479301,0.15519597,57097.0
2023-11-27 08:00:00,0.15517104,0.15537319,0.153886,0.15499934,169790.0
2023-11-27 12:00:00,0.15496478,0.15536287,0.15495128,0.15531447,167066.0
2023-11-27 16:00:00,0.15533498,0.15536978,0.15457207,0.15465446,180083.0
2023-11-27 20:00:00,0.15460696,0.15563806,0.1545948,0.15530504,214044.0
2023-11-28 00:00:00,0.15530504,0.15553673,0.15493636,0.15497685,45326.0
2023-11-28 04:00:00,0.15497685,0.15579181,0.15393898,0.15553835,57083.0
2023-11-28 08:00:00,0.15553362,0.15553362,0.15475305,0.15477257,176156.0
2023-11-28 12:00:00,0.1548212,0.15553582,0.15475662,0.15516108,194134.0
2023-11-28 16:00:00,0.15516108,0.15549925,0.15484574,0.15505716,181107.0
2023-11-28 20:00:00,0.15508782,0.15546637,0.15469664,0.15495253,220070.0
2023-11-29 00:00:00,0.15495253,0.15541652,0.15492387,0.15506065,51256.0
2023-11-29 04:00:00,0.15506065,0.15544247,0.15475897,0.15538911,53646.0
2023-11-29 08:00:00,0.15535001,0.15547913,0.15493419,0.15531164,193854.0
2023-11-29 12:00:00,0.15534722,0.1554545,0.15466847,0.15527788,197478.0
2023-11-29 16:00:00,0.15527788,0.15553821,0.15472928,0.15533081,203531.0
2023-11-29 20:00:00,0.15536763,0.15543325,0.15475022,0.15512441,231273.0
2023-11-30 00:00:00,0.15512441,0.15515608,0.1547401,0.15505843,48541.0
2023-11-30 04:00:00,0.15505843,0.1553332,0.15486516,0.15530133,63445.0
2023-11-30 08:00:00,0.15527122,0.15527122,0.15299649,0.15449658,211519.0
2023-11-30 12:00:00,0.15449658,0.15449161,0.15291125,0.1536752,162010.0
2023-11-30 16:00:00,0.15367468,0.15442747,0.15366156,0.15402754,192345.0
2023-11-30 20:00:00,0.15399787,0.15442671,0.15365635,0.15419456,217667.0
2023-12-01 00:00:00,0.15419456,0.15433437,0.15160924,0.15342485,39535.0
2023-12-01 04:00:00,0.15342485,0.15365642,0.15182033,0.15277434,46711.0
2023-12-01 08:00:00,0.15280534,0.15330068,0.15257341,0.15328466,160848.0
2023-12-01 12:00:00,0.15328466,0.15330076,0.15242898,0.15283586,164379.0
2023-12-01 16:00:00,0.15283586,0.153199,0.15241392,0.15275349,167833.0
2023-12-01 20:00:00,0.15275349,0.15317795,0.15263909,0.15310225,190799.0
2023-12-02 00:00:00,0.15313131,0.15316245,0.15239385,0.15265024,42090.0
2023-12-02 04:00:00,0.15265024,0.15293797,0.15239873,0.15272768,59132.0
2023-12-02 08:00:00,0.15276317,0.15316769,0.15240897,0.15251865,204457.0
2023-12-02 12:00:00,0.15251865,0.15316288,0.15239898,0.15274373,188955.0
2023-12-02 16:00:00,0.15269256,0.1531856,0.15240369,0.15318027,182030.0
2023-12-02 20:00:00,0.15315075,0.15315075,0.15240187,0.15258686,213940.0
2023-12-03 00:00:00,0.15258686,0.15316137,0.15239748,0.15312819,47209.0
2023-12-03 04:00:00,0.15312819,0.15317473,0.15268025,0.15312983,61094.0
2023-12-03 08:00:00,0.15312983,0.15318429,0.15241542,0.15241542,166838.0
2023-12-03 12:00:00,0.15245581,0.15319298,0.15245581,0.15280674,148692.0
2023-12-03 16:00:00,0.15278488,0.15317545,0.15257507,0.15266847,158197.0
2023-12-03 20:00:00,0.15266847,0.15319283,0.15240236,0.1528146,190239.0
2023-12-04 00:00:00,0.1528146,0.15278909,0.15241852,0.15273764,51260.0
2023-12-04 04:00:00,0.15277985,0.15353333,0.15277985,0.15312618,53943.0
2023-12-04 08:00:00,0.15312618,0.15323459,0.15257859,0.15290054,172733.0
2023-12-04 12:00:00,0.15292536,0.15327669,0.15276218,0.15324655,166281.0
2023-12-04 16:00:00,0.15324655,0.15329569,0.15251116,0.15257346,180914.0
2023-12-04 20:00:00,0.15260109,0.15327461,0.15163123,0.15259773,196154.0
2023-12-05 00:00:00,0.1525698,0.15272935,0.15241428,0.15241908,48539.0
2023-12-05 04:00:00,0.15241908,0.15309796,0.15241908,0.15282937,66464.0
2023-12-05 08:00:00,0.15282937,0.1531704,0.15239572,0.15313486,230585.0
2023-12-05 12:00:00,0.15309576,0.15309576,0.15240156,0.15251491,234008.0
2023-12-05 16:00:00,0.15251491,0.15289781,0.15240212,0.15247945,236079.0
2023-12-05 20:00:00,0.15244004,0.15270759,0.15205505,0.15229881,289871.0
2023-12-06 00:00:00,0.15227584,0.15307637,0.15128031,0.15208274,75467.0
2023-12-06 04:00:00,0.15208274,0.15303157,0.15201072,0.15211426,92117.0
2023-12-06 08:00:00,0.15211426,0.15281858,0.15205334,0.15273341,288603.0
2023-12-06 12:00:00,0.15268213,0.15282651,0.15205218,0.15256984,334141.0
2023-12-06 16:00:00,0.15254777,0.15285203,0.15126994,0.1520631,320025.0
2023-12-06 20:00:00,0.15208781,0.15282671,0.1512958,0.15227872,352029.0
2023-12-07 00:00:00,0.15232616,0.15261217,0.15205117,0.15259078,78361.0
2023-12-07 04:00:00,0.15259078,0.15282813,0.15226099,0.15282813,93096.0
2023-12-07 08:00:00,0.15282813,0.156427,0.15276764,0.15612937,4064.0
2023-12-07 12:00:00,0.15612937,0.15600079,0.15418739,0.15441157,2630.0
2023-12-07 16:00:00,0.15441157,0.15655404,0.15430109,0.15591893,2535.0
2023-12-07 20:00:00,0.15591893,0.1559668,0.15398346,0.15490929,2734.0
2023-12-08 00:00:00,0.15534647,0.15582158,0.15336605,0.15427993,21964.0
2023-12-08 04:00:00,0.15419375,0.15558793,0.15306827,0.15519059,118351.0
2023-12-08 08:00:00,0.15520233,0.15600156,0.15267794,0.15267794,119876.0
2023-12-08 12:00:00,0.1527385,0.1541378,0.14989393,0.1541251,118358.0
2023-12-08 16:00:00,0.15373653,0.1539898,0.1520111,0.15220799,131552.0
2023-12-08 20:00:00,0.15232553,0.15349405,0.15200171,0.1530782,130367.0
2023-12-09 00:00:00,0.15300929,0.15405331,0.15275569,0.15300996,127922.0
2023-12-09 04:00:00,0.15307773,0.15477015,0.15274554,0.15379332,121624.0
2023-12-09 08:00:00,0.15348258,0.15384699,0.152754,0.15377232,120914.0
2023-12-09 12:00:00,0.15380561,0.15490132,0.15294193,0.15318928,121971.0
2023-12-09 16:00:00,0.15319659,0.15409971,0.15270577,0.15280581,131588.0
2023-12-09 20:00:00,0.15336716,0.15496612,0.15270682,0.15321427,130698.0
2023-12-10 00:00:00,0.1530281,0.15531371,0.15269291,0.15327405,123731.0
2023-12-10 04:00:00,0.15330994,0.154843,0.15270732,0.15290785,114428.0
2023-12-10 08:00:00,0.15299838,0.15513428,0.15270642,0.15447276,58106.0
2023-12-10 12:00:00,0.15447276,0.15447276,0.15447276,0.15447276,0.0
2023-12-10 16:00:00,0.15447276,0.15447276,0.15447276,0.15447276,0.0
2023-12-10 20:00:00,0.15447276,0.15447276,0.15447276,0.15447276,0.0
2023-12-11 00:00:00,0.15447276,0.15447276,0.15447276,0.15447276,0.0
2023-12-11 04:00:00,0.15447276,0.19822945,0.14234545,0.15610607,83017.0
2023-12-11 08:00:00,0.15640338,0.15701323,0.15550447,0.15642271,136836.0
2023-12-11 12:00:00,0.15624368,0.15774302,0.15551855,0.15735648,187082.0
2023-12-11 16:00:00,0.15730514,0.15780002,0.15571092,0.15744867,239642.0
2023-12-11 20:00:00,0.15739889,0.15768352,0.15553986,0.15580599,230092.0
2023-12-12 00:00:00,0.15567332,0.15719524,0.15537585,0.15694105,241414.0
2023-12-12 04:00:00,0.15712749,0.15712749,0.15551105,0.15592425,202818.0
2023-12-12 08:00:00,0.15596914,0.15666362,0.15527694,0.15569304,119142.0
2023-12-12 12:00:00,0.15569496,0.15680444,0.15533011,0.15571971,133234.0
2023-12-12 16:00:00,0.15593391,0.15624489,0.15461467,0.15611316,102888.0
2023-12-12 20:00:00,0.1561604,0.15629816,0.15490097,0.15539491,66485.0
2023-12-13 00:00:00,0.15512198,0.15722829,0.15491075,0.15589675,55658.0
2023-12-13 04:00:00,0.15609487,0.15618569,0.1546147,0.15562735,78792.0
2023-12-13 08:00:00,0.15558336,0.1558345,0.15487541,0.15529009,119795.0
2023-12-13 12:00:00,0.15509624,0.15587355,0.15489813,0.15519818,134441.0
2023-12-13 16:00:00,0.15523452,0.15630496,0.1548599,0.15581211,102202.0
2023-12-13 20:00:00,0.1556616,0.15628271,0.1548836,0.15495794,65525.0
2023-12-14 00:00:00,0.15497541,0.15630613,0.15487509,0.15548212,55551.0
2023-12-14 04:00:00,0.15567863,0.1560714,0.15489437,0.15496472,78369.0
2023-12-14 08:00:00,0.15516541,0.15583335,0.15461466,0.15512019,109423.0
2023-12-14 12:00:00,0.15530321,0.15552704,0.15483639,0.15507389,116877.0
2023-12-14 16:00:00,0.15512179,0.15556185,0.15489695,0.15519859,98111.0
2023-12-14 20:00:00,0.15500223,0.15533388,0.15490145,0.15495188,74508.0
2023-12-15 00:00:00,0.15516378,0.15535646,0.15488573,0.15521206,67858.0
2023-12-15 04:00:00,0.15496559,0.15537779,0.15487369,0.15499954,85259.0
2023-12-15 08:00:00,0.15513289,0.15538234,0.15489458,0.15499556,130871.0
2023-12-15 12:00:00,0.15491763,0.1553547,0.15490125,0.15496402,147114.0
2023-12-15 16:00:00,0.15498118,0.15537141,0.15488589,0.15500154,109443.0
2023-12-15 20:00:00,0.15500216,0.15538416,0.15488442,0.1551602,69178.0
2023-12-16 00:00:00,0.15511861,0.15536779,0.15463099,0.15501536,60056.0
2023-12-16 04:00:00,0.15510523,0.15542177,0.15459729,0.15467453,82955.0
2023-12-16 08:00:00,0.15465203,0.15516936,0.154616,0.15494815,134146.0
2023-12-16 12:00:00,0.15491293,0.15516551,0.15468172,0.15487826,156537.0
2023-12-16 16:00:00,0.15504774,0.15512596,0.15465672,0.15490662,104126.0
2023-12-16 20:00:00,0.15479401,0.1551957,0.15465512,0.15496789,50278.0
2023-12-17 00:00:00,0.1549644,0.15517783,0.15464005,0.15498516,39571.0
2023-12-17 04:00:00,0.15512913,0.15515102,0.15464502,0.154903,70677.0
2023-12-17 08:00:00,0.15496103,0.15556346,0.15466183,0.15490597,131230.0
2023-12-17 12:00:00,0.15489419,0.15513453,0.15458617,0.15500249,146448.0
2023-12-17 16:00:00,0.15490794,0.15516031,0.15456602,0.15491161,110541.0
2023-12-17 20:00:00,0.1546456,0.15511947,0.15456221,0.15477915,69427.0
2023-12-18 00:00:00,0.15488956,0.15681927,0.15450884,0.15628433,66718.0
2023-12-18 04:00:00,0.15613004,0.15741908,0.15544185,0.15585692,121201.0
2023-12-18 08:00:00,0.15562196,0.15622422,0.1545229,0.15545063,128494.0
2023-12-18 12:00:00,0.15543711,0.15810868,0.15495147,0.1573015,118663.0
2023-12-18 16:00:00,0.15738017,0.15781645,0.15560611,0.15716348,111905.0
2023-12-18 20:00:00,0.15724361,0.15783018,0.15563529,0.1558807,86217.0
2023-12-19 00:00:00,0.15600182,0.15770395,0.15566669,0.15645203,69992.0
2023-12-19 04:00:00,0.15655909,0.15773649,0.15580445,0.15702413,67992.0
2023-12-19 08:00:00,0.15693615,0.15779784,0.15594665,0.15761082,77103.0
2023-12-19 12:00:00,0.15750666,0.1578458,0.15567999,0.15665062,104279.0
2023-12-19 16:00:00,0.15656234,0.15739274,0.15567287,0.15696612,123650.0
2023-12-19 20:00:00,0.1569413,0.15727456,0.15561469,0.1561639,150838.0
2023-12-20 00:00:00,0.15615291,0.15776815,0.15588337,0.15736974,116796.0
2023-12-20 04:00:00,0.15711724,0.15788853,0.15591289,0.15742521,76158.0
2023-12-20 08:00:00,0.15741791,0.15754807,0.15586969,0.15596143,52311.0
2023-12-20 12:00:00,0.15607673,0.15783778,0.15579611,0.15633663,79272.0
2023-12-20 16:00:00,0.15633718,0.15773392,0.15579134,0.15768053,124916.0
2023-12-20 20:00:00,0.15774283,0.15780011,0.15611804,0.15647977,136099.0
2023-12-21 00:00:00,0.15683349,0.15775406,0.15593272,0.15664132,98757.0
2023-12-21 04:00:00,0.15667366,0.15695974,0.15648062,0.15669547,95319.0
2023-12-21 08:00:00,0.15670562,0.15737311,0.15657251,0.15687672,71759.0
2023-12-21 12:00:00,0.15688875,0.15714455,0.15628088,0.15686736,61910.0
2023-12-21 16:00:00,0.1568754,0.15729017,0.1566275,0.15710848,94962.0
2023-12-21 20:00:00,0.15703671,0.15721511,0.15668956,0.15688588,91512.0
2023-12-22 00:00:00,0.15686087,0.15728053,0.15561014,0.15607389,103151.0
2023-12-22 04:00:00,0.15590887,0.1564149,0.15468862,0.15513997,107331.0
2023-12-22 08:00:00,0.15512958,0.1553042,0.15464552,0.15491836,101522.0
2023-12-22 12:00:00,0.15507572,0.15526063,0.15466219,0.15501308,100672.0
2023-12-22 16:00:00,0.15507012,0.15524325,0.15469614,0.15515435,89079.0
2023-12-22 20:00:00,0.15475294,0.15522264,0.15465755,0.155015,72370.0
2023-12-23 00:00:00,0.15512727,0.15527533,0.15473356,0.15488877,94162.0
2023-12-23 04:00:00,0.1550027,0.15522676,0.15465149,0.15510279,136827.0
2023-12-23 08:00:00,0.15502186,0.15550193,0.15471033,0.15527137,159918.0
2023-12-23 12:00:00,0.15508809,0.15529962,0.15503064,0.15529866,95762.0
2023-12-23 16:00:00,0.15524181,0.15529895,0.15503101,0.1552218,83641.0
2023-12-23 20:00:00,0.15504252,0.15529962,0.15503023,0.15507915,95321.0
2023-12-24 00:00:00,0.15511841,0.15529837,0.15503125,0.15527275,75187.0
2023-12-24 04:00:00,0.15506566,0.15645237,0.15503881,0.15562772,127940.0
2023-12-24 08:00:00,0.15546703,0.15645683,0.15517156,0.1563055,163182.0
2023-12-24 12:00:00,0.15635497,0.1564706,0.15503293,0.1556117,99838.0
2023-12-24 16:00:00,0.15564271,0.15626624,0.15472412,0.15555421,66518.0
2023-12-24 20:00:00,0.15549899,0.15652706,0.15480863,0.15633509,58157.0
2023-12-25 00:00:00,0.15620212,0.15653265,0.1548553,0.15514498,77808.0
2023-12-25 04:00:00,0.15514395,0.1565668,0.1547732,0.15551866,108216.0
2023-12-25 08:00:00,0.15531596,0.15649047,0.15465317,0.15629509,128861.0
2023-12-25 12:00:00,0.15596917,0.15654773,0.15515437,0.15645434,82031.0
2023-12-25 16:00:00,0.15635564,0.15650362,0.15585686,0.15586857,85746.0
2023-12-25 20:00:00,0.15603321,0.15617612,0.1558412,0.15598566,107287.0
2023-12-26 00:00:00,0.15607606,0.15755615,0.15585645,0.15660229,76921.0
2023-12-26 04:00:00,0.15650625,0.15778974,0.15518882,0.15614337,118580.0
2023-12-26 08:00:00,0.15624267,0.15654557,0.15469867,0.15504085,126056.0
2023-12-26 12:00:00,0.15495583,0.15656924,0.1546504,0.15578594,113709.0
2023-12-26 16:00:00,0.15582443,0.15644914,0.15464341,0.1561367,79466.0
2023-12-26 20:00:00,0.15596894,0.15646742,0.15477764,0.1550792,64201.0
2023-12-27 00:00:00,0.15536528,0.15658111,0.15470522,0.15526754,92203.0
2023-12-27 04:00:00,0.15534387,0.15558541,0.15477755,0.15532073,109800.0
2023-12-27 08:00:00,0.15522907,0.15699678,0.15497343,0.15567375,111649.0
2023-12-27 12:00:00,0.15578462,0.15689951,0.15457755,0.15634833,109467.0
2023-12-27 16:00:00,0.15644572,0.15705505,0.15481665,0.1551371,85970.0
2023-12-27 20:00:00,0.15518229,0.15679554,0.15456358,0.15669183,83019.0
2023-12-28 00:00:00,0.15687425,0.15777159,0.15601191,0.15648661,90215.0
2023-12-28 04:00:00,0.1563627,0.15770121,0.15573461,0.15702574,92669.0
2023-12-28 08:00:00,0.1569358,0.15774756,0.156002,0.15707941,121279.0
2023-12-28 12:00:00,0.15724809,0.15773211,0.1558384,0.15729862,107248.0
2023-12-28 16:00:00,0.15703104,0.1572986,0.1544888,0.15457916,97699.0
2023-12-28 20:00:00,0.15461832,0.15599748,0.1545756,0.15549416,77607.0
2023-12-29 00:00:00,0.15555307,0.15765083,0.1549727,0.15704119,91659.0
2023-12-29 04:00:00,0.15678303,0.16403438,0.15573639,0.16273645,152453.0
2023-12-29 08:00:00,0.16266518,0.17195183,0.16251563,0.17184878,201228.0
2023-12-29 12:00:00,0.17171474,0.17196253,0.17058987,0.17191404,145964.0
2023-12-29 16:00:00,0.17185374,0.17195753,0.16921293,0.17182492,145234.0
2023-12-29 20:00:00,0.17186813,0.1719493,0.16895762,0.17106667,160246.0
2023-12-30 00:00:00,0.17091521,0.17472547,0.17091521,0.17396918,208104.0
2023-12-30 04:00:00,0.17394678,0.17450632,0.17350014,0.17392586,147939.0
2023-12-30 08:00:00,0.17415691,0.17450993,0.17348118,0.17401546,126414.0
2023-12-30 12:00:00,0.17402236,0.17449939,0.17298701,0.17328902,193734.0
2023-12-30 16:00:00,0.17347401,0.17367607,0.17244357,0.17320331,204278.0
2023-12-30 20:00:00,0.17350766,0.17367157,0.17253861,0.17301707,142233.0
2023-12-31 00:00:00,0.17286517,0.17357496,0.17254734,0.17290126,120122.0
2023-12-31 04:00:00,0.17263556,0.17633299,0.17165668,0.17585833,178435.0
2023-12-31 08:00:00,0.17587877,0.17598095,0.17431319,0.17483274,243650.0
2023-12-31 12:00:00,0.17477409,0.17539932,0.17468581,0.17524935,218760.0
2023-12-31 16:00:00,0.17506462,0.17540732,0.17496846,0.17507257,106761.0
2023-12-31 20:00:00,0.1754072,0.17544915,0.17496811,0.17521458,102492.0
2024-01-01 00:00:00,0.17534553,0.17540384,0.17496836,0.17527003,250391.0
2024-01-01 04:00:00,0.17532706,0.17540687,0.17403315,0.17535145,206033.0
2024-01-01 08:00:00,0.17534489,0.17557654,0.17473814,0.17503688,110632.0
2024-01-01 12:00:00,0.17532133,0.17554555,0.17496825,0.17513204,90217.0
2024-01-01 16:00:00,0.17509598,0.17540623,0.17496838,0.17530401,240976.0
2024-01-01 20:00:00,0.17519692,0.17540303,0.1740332,0.17462142,250130.0
2024-01-02 00:00:00,0.17459579,0.17495153,0.17235508,0.17359344,161903.0
2024-01-02 04:00:00,0.17359619,0.17368805,0.17313589,0.17364358,123791.0
2024-01-02 08:00:00,0.17366704,0.17368533,0.17304041,0.17332446,190175.0
2024-01-02 12:00:00,0.17366262,0.17368361,0.17309912,0.17336244,178423.0
2024-01-02 16:00:00,0.1734509,0.17368618,0.1729634,0.17361238,140292.0
2024-01-02 20:00:00,0.17338069,0.17368645,0.17313313,0.17339415,155074.0
2024-01-03 00:00:00,0.17352029,0.17383214,0.17143816,0.17204961,196904.0
2024-01-03 04:00:00,0.1718239,0.17210397,0.17178553,0.17178741,283930.0
2024-01-03 08:00:00,0.17181444,0.17323724,0.17178512,0.17254032,154981.0
2024-01-03 12:00:00,0.17243594,0.17266114,0.17205454,0.17237882,113441.0
2024-01-03 16:00:00,0.17223669,0.17266146,0.17222765,0.1724803,139137.0
2024-01-03 20:00:00,0.17229085,0.17265941,0.1722275,0.17232967,226371.0
2024-01-04 00:00:00,0.17264858,0.17264858,0.17059099,0.17128469,171626.0
2024-01-04 04:00:00,0.17130729,0.1713272,0.17052121,0.17082525,166985.0
2024-01-04 08:00:00,0.17082612,0.17115549,0.17004324,0.17109966,180656.0
2024-01-04 12:00:00,0.17090401,0.17115535,0.16708471,0.16870674,205347.0
2024-01-04 16:00:00,0.16887873,0.16897242,0.16832728,0.16875683,219812.0
2024-01-04 20:00:00,0.16865314,0.16897283,0.16834777,0.16887153,132622.0
2024-01-05 00:00:00,0.16854682,0.17103371,0.16854682,0.16990428,106830.0
2024-01-05 04:00:00,0.16999784,0.170094,0.16873923,0.16961217,101101.0
2024-01-05 08:00:00,0.16935581,0.16978852,0.16879027,0.16952496,87479.0
2024-01-05 12:00:00,0.16939391,0.16975922,0.16880525,0.16896055,67547.0
2024-01-05 16:00:00,0.16940571,0.17008701,0.16878453,0.16972747,92680.0
2024-01-05 20:00:00,0.16973985,0.1697488,0.16881595,0.16933793,104151.95
2024-01-06 00:00:00,0.16961385,0.16961385,0.16262754,0.16686531,81745.54
2024-01-06 04:00:00,0.16671895,0.16852978,0.16556689,0.16556689,202837.01
2024-01-06 08:00:00,0.16580495,0.16589738,0.15966783,0.16060473,256692.09
2024-01-06 12:00:00,0.16044925,0.16087517,0.16012154,0.16056594,137273.63
2024-01-06 16:00:00,0.16052114,0.16137576,0.15943213,0.16078269,146939.23
2024-01-06 20:00:00,0.1606577,0.16106346,0.15943215,0.15956052,199876.94
2024-01-07 00:00:00,0.15956136,0.15963989,0.15955273,0.15958826,200273.09
2024-01-07 04:00:00,0.15959774,0.15964021,0.15955319,0.15962802,224355.53
2024-01-07 08:00:00,0.15963028,0.16104257,0.15955272,0.16094271,172551.26
2024-01-07 12:00:00,0.16096073,0.16119338,0.16033175,0.16063624,172661.24
2024-01-07 16:00:00,0.16061394,0.16120395,0.16033006,0.16083178,193563.69
2024-01-07 20:00:00,0.16084494,0.16109334,0.16000542,0.16057296,185280.72
2024-01-08 00:00:00,0.16053239,0.16099515,0.15771304,0.15843596,166819.73
2024-01-08 04:00:00,0.15852234,0.15891256,0.15819375,0.15838839,164566.27
2024-01-08 08:00:00,0.15830617,0.15917123,0.15824646,0.15841121,310194.89
2024-01-08 12:00:00,0.15829389,0.16081844,0.15826501,0.16046016,190238.75
2024-01-08 16:00:00,0.16059582,0.16171246,0.15878872,0.16061245,70752.67
2024-01-08 20:00:00,0.16035985,0.16078285,0.15814934,0.16018051,177471.65
2024-01-09 00:00:00,0.15993784,0.16173033,0.15946686,0.1608215,189594.39
2024-01-09 04:00:00,0.16078929,0.16173686,0.15892567,0.15906887,178035.1
2024-01-09 08:00:00,0.15900508,0.16152704,0.15887962,0.16053989,167416.31
2024-01-09 12:00:00,0.16048791,0.16121667,0.15943267,0.16047021,205426.43
2024-01-09 16:00:00,0.16038555,0.16161798,0.1576422,0.15834992,274304.94
2024-01-09 20:00:00,0.15868882,0.15873607,0.15700399,0.15723558,156394.11
2024-01-10 00:00:00,0.15725416,0.15988436,0.1570656,0.15862061,145019.47
2024-01-10 04:00:00,0.15851784,0.15945422,0.15694159,0.15743289,243432.12
2024-01-10 08:00:00,0.15736332,0.15830562,0.15693552,0.15738881,218063.21
2024-01-10 12:00:00,0.15729795,0.15915115,0.15698698,0.15856801,143486.12
2024-01-10 16:00:00,0.15850285,0.16154321,0.15792479,0.16076761,201059.12
2024-01-10 20:00:00,0.16068301,0.1614636,0.1575224,0.15900923,226275.56
2024-01-11 00:00:00,0.15882655,0.16170967,0.15849633,0.16122236,198455.6
2024-01-11 04:00:00,0.16111351,0.161791,0.15896716,0.15900418,123943.21
2024-01-11 08:00:00,0.15921088,0.1592982,0.15655079,0.15711025,208254.46
2024-01-11 12:00:00,0.15738367,0.15771899,0.15511341,0.1555433,253812.31
2024-01-11 16:00:00,0.15571095,0.15586175,0.15514162,0.15546119,171565.3
2024-01-11 20:00:00,0.15573895,0.15586555,0.15509862,0.15526551,115646.98
2024-01-12 00:00:00,0.15543948,0.15856771,0.15516693,0.1575031,221072.58
2024-01-12 04:00:00,0.15731232,0.15824273,0.15505334,0.15682834,270719.42
2024-01-12 08:00:00,0.15695169,0.15784015,0.15522191,0.15626238,157459.08
2024-01-12 12:00:00,0.15637792,0.15722876,0.15505394,0.15615897,127680.85
2024-01-12 16:00:00,0.15612556,0.15948104,0.15570737,0.15929977,200173.19
2024-01-12 20:00:00,0.15945299,0.15956539,0.15521809,0.15601608,217534.86
2024-01-13 00:00:00,0.15609542,0.15707304,0.15180332,0.15221064,175863.17
2024-01-13 04:00:00,0.15228837,0.15296693,0.1516479,0.15253245,170393.81
2024-01-13 08:00:00,0.15235983,0.15350649,0.15167582,0.15227444,289931.22
2024-01-13 12:00:00,0.15210792,0.15339969,0.15171281,0.15293686,206931.89
2024-01-13 16:00:00,0.15259606,0.15567584,0.1525025,0.15509931,99427.32
2024-01-13 20:00:00,0.15505707,0.15510372,0.15176156,0.15431823,171236.74
2024-01-14 00:00:00,0.15404651,0.15511456,0.15267713,0.1534685,222686.47
2024-01-14 04:00:00,0.15316832,0.15513257,0.15172924,0.15404705,176749.38
2024-01-14 08:00:00,0.15404408,0.15676037,0.15335377,0.15674263,156079.95
2024-01-14 12:00:00,0.15690751,0.15718194,0.15339287,0.15394327,204741.03
2024-01-14 16:00:00,0.15393564,0.15572683,0.15332693,0.15386724,249493.5
2024-01-14 20:00:00,0.1537384,0.15644885,0.15357978,0.15492876,162388.63
2024-01-15 00:00:00,0.15477513,0.15783863,0.15418318,0.15499023,129814.36
2024-01-15 04:00:00,0.15481803,0.15528992,0.15332562,0.15445924,237385.82
2024-01-15 08:00:00,0.15435305,0.15780365,0.15399636,0.15705908,286694.72
2024-01-15 12:00:00,0.15692528,0.1598268,0.15628811,0.15840087,147384.14
2024-01-15 16:00:00,0.15816965,0.15985753,0.15747156,0.15842613,142321.73
2024-01-15 20:00:00,0.15828614,0.15985085,0.15816065,0.15891927,230441.66
2024-01-16 00:00:00,0.15850232,0.158973,0.15625285,0.15642117,184865.8
2024-01-16 04:00:00,0.15637379,0.15759393,0.15586703,0.15709129,165528.01
2024-01-16 08:00:00,0.15719121,0.15759326,0.15587671,0.15706456,235001.17
2024-01-16 12:00:00,0.15689766,0.15755083,0.15602911,0.15713073,171566.82
2024-01-16 16:00:00,0.15720544,0.15759062,0.15553998,0.15722883,213637.9
2024-01-16 20:00:00,0.15708146,0.15755929,0.15571088,0.15667276,141822.08
2024-01-17 00:00:00,0.15661075,0.15815248,0.15589321,0.1576217,223978.43
2024-01-17 04:00:00,0.15770548,0.15931809,0.15733113,0.15791933,271385.68
2024-01-17 08:00:00,0.15793566,0.15974624,0.15733408,0.15909189,164096.28
2024-01-17 12:00:00,0.15901206,0.15917922,0.15565491,0.15573506,109155.3
2024-01-17 16:00:00,0.15603609,0.15614079,0.1555681,0.15604626,182921.81
2024-01-17 20:00:00,0.15602092,0.15611965,0.15564296,0.155907,220146.57
2024-01-18 00:00:00,0.15575216,0.1564261,0.15484007,0.15589022,170263.16
2024-01-18 04:00:00,0.15611979,0.15640227,0.15565645,0.15611779,105300.4
2024-01-18 08:00:00,0.15605238,0.15639904,0.15475659,0.15586144,114904.95
2024-01-18 12:00:00,0.15610208,0.15640066,0.15565259,0.15616215,74784.11
2024-01-18 16:00:00,0.15600204,0.15641254,0.15570193,0.15611387,77979.1
2024-01-18 20:00:00,0.15570345,0.15641568,0.15559828,0.15606572,103982.58
2024-01-19 00:00:00,0.15618304,0.15947869,0.15566926,0.15787416,118125.03
2024-01-19 04:00:00,0.15780701,0.15950611,0.15725827,0.15903256,122079.36
2024-01-19 08:00:00,0.15911937,0.1595436,0.15681958,0.15932295,91805.92
2024-01-19 12:00:00,0.15927731,0.15927731,0.15691805,0.15772319,54585.06
2024-01-19 16:00:00,0.15777391,0.15960942,0.15676112,0.15939308,101638.64
2024-01-19 20:00:00,0.15922478,0.15941061,0.15677109,0.15700397,130569.8
2024-01-20 00:00:00,0.15696963,0.15740137,0.15357213,0.15499473,94237.9
2024-01-20 04:00:00,0.15472593,0.15502569,0.15331819,0.15365664,84997.28
2024-01-20 08:00:00,0.15354882,0.15441717,0.1533567,0.15383241,92526.75
2024-01-20 12:00:00,0.1538358,0.15480318,0.15326941,0.15425056,109629.12
2024-01-20 16:00:00,0.15432701,0.15481017,0.15333002,0.15362752,92344.38
2024-01-20 20:00:00,0.15350549,0.15493268,0.15331979,0.15356207,78547.08
2024-01-21 00:00:00,0.15345021,0.15460354,0.15330378,0.15350381,105297.12
2024-01-21 04:00:00,0.15357737,0.15428294,0.15328896,0.15393783,124053.99
2024-01-21 08:00:00,0.15398813,0.15489188,0.15333468,0.15394506,88638.26
2024-01-21 12:00:00,0.15392294,0.15501996,0.15332074,0.15393218,81324.12
2024-01-21 16:00:00,0.15412806,0.15573188,0.15331398,0.1552635,137029.86
2024-01-21 20:00:00,0.15529139,0.15593324,0.15394239,0.15493628,113592.92
2024-01-22 00:00:00,0.15519799,0.15590796,0.15338058,0.15364028,59370.0
2024-01-22 04:00:00,0.1534867,0.154595,0.15326382,0.15362316,73092.8
2024-01-22 08:00:00,0.15346396,0.15520274,0.15332793,0.15425352,128635.37
2024-01-22 12:00:00,0.15398788,0.15496814,0.15252986,0.15358296,95760.46
2024-01-22 16:00:00,0.15324346,0.15423571,0.15268133,0.15390514,63201.38
2024-01-22 20:00:00,0.15380122,0.15456726,0.15330776,0.1541306,97244.61
2024-01-23 00:00:00,0.15412483,0.15474019,0.1533345,0.15410406,160305.49
2024-01-23 04:00:00,0.15407836,0.15500266,0.15338243,0.1543766,87955.57
2024-01-23 08:00:00,0.1541651,0.15574494,0.15379348,0.15491303,64953.83
2024-01-23 12:00:00,0.15456879,0.15553442,0.15292798,0.15292798,124736.62
2024-01-23 16:00:00,0.15317693,0.15519563,0.15292925,0.15497385,138073.55
2024-01-23 20:00:00,0.15509842,0.15611361,0.1533208,0.15402679,79711.64
2024-01-24 00:00:00,0.15386288,0.15495357,0.15321559,0.15353836,69237.49
2024-01-24 04:00:00,0.15362894,0.16167778,0.15341416,0.16005744,251318.56
2024-01-24 08:00:00,0.16023908,0.16170874,0.15891688,0.16015747,415889.13
2024-01-24 12:00:00,0.15996215,0.161681,0.15969306,0.16085143,254009.02
2024-01-24 16:00:00,0.16074519,0.16150626,0.15914442,0.16008901,135860.9
2024-01-24 20:00:00,0.15994445,0.16109594,0.15976068,0.16031977,282103.68
2024-01-25 00:00:00,0.16018588,0.16093364,0.15883772,0.16015259,336873.73
2024-01-25 04:00:00,0.16022328,0.16110152,0.15998943,0.16064956,128651.91
2024-01-25 08:00:00,0.16085906,0.16135387,0.16000562,0.16038343,119753.99
2024-01-25 12:00:00,0.1602378,0.16077182,0.15933979,0.15947358,102291.84
2024-01-25 16:00:00,0.15941912,0.16087799,0.15934965,0.16053168,121212.45
2024-01-25 20:00:00,0.16051061,0.16089657,0.16001174,0.16027567,174236.9
2024-01-26 00:00:00,0.16020718,0.16131862,0.1593879,0.16102507,145887.56
2024-01-26 04:00:00,0.1611471,0.16187982,0.1600242,0.16067473,72932.68
2024-01-26 08:00:00,0.16071463,0.16146271,0.160059,0.16056521,105560.92
2024-01-26 12:00:00,0.16039756,0.16147017,0.16004078,0.16038244,138271.7
2024-01-26 16:00:00,0.16051278,0.16122373,0.15868325,0.15882494,132352.23
2024-01-26 20:00:00,0.15901389,0.15913456,0.15797979,0.15824245,95427.93
2024-01-27 00:00:00,0.15818717,0.15913632,0.15818717,0.15905172,109050.99
2024-01-27 04:00:00,0.15888842,0.15913653,0.15873293,0.1587705,186217.75
2024-01-27 08:00:00,0.15897552,0.15999645,0.15873273,0.15929193,220140.26
2024-01-27 12:00:00,0.1593332,0.16069519,0.15890327,0.1599183,109203.47
2024-01-27 16:00:00,0.16014102,0.16127221,0.15913659,0.16026694,84862.22
2024-01-27 20:00:00,0.16037752,0.1611285,0.1593402,0.15975235,113297.21
2024-01-28 00:00:00,0.15968572,0.16137338,0.15926135,0.16107717,102598.33
2024-01-28 04:00:00,0.16092267,0.16127753,0.15902118,0.15924828,103298.35
2024-01-28 08:00:00,0.15917799,0.16138995,0.15898727,0.16074758,100222.04
2024-01-28 12:00:00,0.1608688,0.16142945,0.15967773,0.16021572,184241.69
2024-01-28 16:00:00,0.16011266,0.16068265,0.15898653,0.15944888,141546.18
2024-01-28 20:00:00,0.15935109,0.16097383,0.15922056,0.15974576,93340.39
2024-01-29 00:00:00,0.15975068,0.16143825,0.15896429,0.15952461,120581.08
2024-01-29 04:00:00,0.15961587,0.16148733,0.15899012,0.15950939,161361.24
2024-01-29 08:00:00,0.15941091,0.16147008,0.15927795,0.15954118,151012.43
2024-01-29 12:00:00,0.15937867,0.1605958,0.15817907,0.15968941,100936.29
2024-01-29 16:00:00,0.15947142,0.16141842,0.15899002,0.16118713,144610.01
2024-01-29 20:00:00,0.16141222,0.16153934,0.15908459,0.16031331,163405.63
2024-01-30 00:00:00,0.16040107,0.16160749,0.15904605,0.1592797,111605.86
2024-01-30 04:00:00,0.15843967,0.16126169,0.15843967,0.16055138,71909.12
2024-01-30 08:00:00,0.16047122,0.16107927,0.15905593,0.16072019,160537.26
2024-01-30 12:00:00,0.1606731,0.1618787,0.15954919,0.1610079,185202.14
2024-01-30 16:00:00,0.16088599,0.16151046,0.15983747,0.16013038,88285.8
2024-01-30 20:00:00,0.16046559,0.16126289,0.1580284,0.15914363,80023.45
2024-01-31 00:00:00,0.1590336,0.16020282,0.15632103,0.15644661,177718.38
2024-01-31 04:00:00,0.15638986,0.15656587,0.15576235,0.15599961,211899.29
2024-01-31 08:00:00,0.1561125,0.15661858,0.15576391,0.1558953,94819.7
2024-01-31 12:00:00,0.15583818,0.1566783,0.15502242,0.15597255,73775.21
2024-01-31 16:00:00,0.15636329,0.15774209,0.15573252,0.15623598,168846.73
2024-01-31 20:00:00,0.15626569,0.15719887,0.15568485,0.15645414,184191.31
2024-02-01 00:00:00,0.15645845,0.15651739,0.15485455,0.15551988,93384.83
2024-02-01 04:00:00,0.15546403,0.15559265,0.15528246,0.15555458,75654.08
2024-02-01 08:00:00,0.15559199,0.1580611,0.15528243,0.1565814,101901.54
2024-02-01 12:00:00,0.15680061,0.15688172,0.15534129,0.1556643,136933.46
2024-02-01 16:00:00,0.15596178,0.15669643,0.15534977,0.15646354,129057.04
2024-02-01 20:00:00,0.15644525,0.15655647,0.15535361,0.15595824,86076.84
2024-02-02 00:00:00,0.15602261,0.156688,0.15532611,0.15541094,120839.59
2024-02-02 04:00:00,0.15585836,0.15695071,0.1553353,0.15580984,69612.35
2024-02-02 08:00:00,0.15589079,0.15679107,0.15539081,0.15614772,71573.52
2024-02-02 12:00:00,0.15640753,0.15662411,0.15536689,0.15557375,71105.78
2024-02-02 16:00:00,0.15546461,0.15686487,0.15537573,0.15570922,68689.12
2024-02-02 20:00:00,0.15619797,0.15665481,0.15539582,0.15614075,47327.7
2024-02-03 00:00:00,0.15574972,0.15667934,0.15539683,0.15646253,40213.6
2024-02-03 04:00:00,0.15603342,0.15649317,0.15490365,0.15586885,78973.07
2024-02-03 08:00:00,0.15555309,0.1555557,0.15515537,0.15554899,125089.36
2024-02-03 12:00:00,0.1551738,0.1558564,0.15485454,0.15540683,144911.79
2024-02-03 16:00:00,0.15578602,0.15580314,0.15526271,0.15534216,130889.2
2024-02-03 20:00:00,0.15571712,0.15580144,0.15526602,0.15563341,66891.08
2024-02-04 00:00:00,0.15545099,0.15769981,0.15497186,0.15743044,55642.18
2024-02-04 04:00:00,0.15719003,0.157797,0.15689813,0.15748353,74170.11
2024-02-04 08:00:00,0.15765005,0.15785818,0.15688256,0.15731093,102879.29
2024-02-04 12:00:00,0.15706809,0.15758156,0.1553956,0.1557423,87980.5
2024-02-04 16:00:00,0.15595774,0.15749731,0.15533158,0.15615933,94108.05
2024-02-04 20:00:00,0.15571781,0.15710743,0.15537707,0.15612936,66685.25
2024-02-05 00:00:00,0.1561584,0.15731254,0.15539837,0.15643364,48469.84
2024-02-05 04:00:00,0.1568526,0.1568526,0.15131979,0.15238129,85479.7
2024-02-05 08:00:00,0.15269248,0.1531891,0.15190433,0.15290111,111135.15
2024-02-05 12:00:00,0.15277918,0.15321314,0.15193419,0.15277556,93793.44
2024-02-05 16:00:00,0.15218784,0.15313516,0.1520256,0.15255516,107769.88
2024-02-05 20:00:00,0.15253448,0.15365534,0.15127629,0.1528826,106350.13
2024-02-06 00:00:00,0.15251332,0.15365534,0.15127629,0.15318582,105324.2
2024-02-06 04:00:00,0.15313701,0.15352657,0.1512763,0.15132826,96538.28
2024-02-06 08:00:00,0.1518115,0.15298144,0.15127628,0.1512763,93801.89
2024-02-06 12:00:00,0.15164826,0.15333802,0.15127628,0.15264357,79868.63
2024-02-06 16:00:00,0.152918,0.15350336,0.15128728,0.15192609,154170.72
2024-02-06 20:00:00,0.15219979,0.15310053,0.15130043,0.15180352,128340.61
2024-02-07 00:00:00,0.15221384,0.15341269,0.15127629,0.15156621,120815.2
2024-02-07 04:00:00,0.15173735,0.15345243,0.15127632,0.15215826,106320.88
2024-02-07 08:00:00,0.15205876,0.15308391,0.15127628,0.15190671,65543.5
2024-02-07 12:00:00,0.15168726,0.15331263,0.15127628,0.15273246,97803.63
2024-02-07 16:00:00,0.15282329,0.15344826,0.15129203,0.15221809,104562.21
2024-02-07 20:00:00,0.15203217,0.15287984,0.15136959,0.15191073,144286.11
2024-02-08 00:00:00,0.15188973,0.15309706,0.15153213,0.15241212,138533.37
2024-02-08 04:00:00,0.15218969,0.15346148,0.15153866,0.15248164,85860.03
2024-02-08 08:00:00,0.15261372,0.15363888,0.15158848,0.15294708,68264.85
2024-02-08 12:00:00,0.15310237,0.15365534,0.15153213,0.15300578,66382.3
2024-02-08 16:00:00,0.15282511,0.15360079,0.15138472,0.15235812,130544.7
2024-02-08 20:00:00,0.1518898,0.15282603,0.15130542,0.15224982,139725.47
2024-02-09 00:00:00,0.15211749,0.15292454,0.15131969,0.1518514,145716.57
2024-02-09 04:00:00,0.15186676,0.1533963,0.15128249,0.15209483,127357.83
2024-02-09 08:00:00,0.15230079,0.15339631,0.15139576,0.15235552,92974.68
2024-02-09 12:00:00,0.15280557,0.15339632,0.1513008,0.15289992,104229.08
2024-02-09 16:00:00,0.15273393,0.15339632,0.15127628,0.15225672,87450.14
2024-02-09 20:00:00,0.15219569,0.15326728,0.15130686,0.15190669,95809.95
2024-02-10 00:00:00,0.15202913,0.15339632,0.15127629,0.15254953,70704.34
2024-02-10 04:00:00,0.15275754,0.15331309,0.15127628,0.15238054,60019.24
2024-02-10 08:00:00,0.1526373,0.15339632,0.15129184,0.15204005,52816.7
2024-02-10 12:00:00,0.15217143,0.15339629,0.15127628,0.15302517,85369.16
2024-02-10 16:00:00,0.15275062,0.15339625,0.15128113,0.15237392,99162.28
2024-02-10 20:00:00,0.1519725,0.15297007,0.151448,0.15214736,99142.01
2024-02-11 00:00:00,0.15232942,0.15283571,0.15080547,0.15119483,94887.16
2024-02-11 04:00:00,0.15152135,0.15205466,0.15080547,0.15147944,89695.65
2024-02-11 08:00:00,0.15145487,0.15205464,0.15080547,0.15133281,72336.83
2024-02-11 12:00:00,0.15137199,0.15272494,0.15080547,0.15126931,88903.56
2024-02-11 16:00:00,0.15148474,0.1525394,0.15084268,0.15141897,116264.32
2024-02-11 20:00:00,0.1511935,0.15166128,0.15088552,0.15136898,123591.38
2024-02-12 00:00:00,0.15102861,0.15247728,0.15089884,0.15156064,97389.8
2024-02-12 04:00:00,0.15161815,0.15248176,0.15090677,0.15107656,71303.99
2024-02-12 08:00:00,0.15112123,0.15254452,0.15090801,0.1515157,68335.28
2024-02-12 12:00:00,0.15141791,0.15246473,0.150926,0.15105214,86518.97
2024-02-12 16:00:00,0.15128908,0.15169066,0.15094303,0.15135821,115918.41
2024-02-12 20:00:00,0.15157721,0.15257314,0.15091507,0.15115321,167112.43
2024-02-13 00:00:00,0.15150904,0.15169801,0.15100401,0.15127048,119334.32
2024-02-13 04:00:00,0.15155976,0.15250528,0.15098783,0.15123099,63540.18
2024-02-13 08:00:00,0.15140678,0.15293204,0.15098187,0.15198539,53005.24
2024-02-13 12:00:00,0.15207423,0.15339632,0.15143233,0.15196503,72012.56
2024-02-13 16:00:00,0.15198045,0.15287884,0.151256,0.15203965,95456.44
2024-02-13 20:00:00,0.15226306,0.15339632,0.1514635,0.15250309,43076.33
2024-02-14 00:00:00,0.15250309,0.15434083,0.1525315,0.15354704,126850.42
2024-02-14 04:00:00,0.15382361,0.15432293,0.15271886,0.15311027,128514.64
2024-02-14 08:00:00,0.15348386,0.15431842,0.15282509,0.15376692,140458.62
2024-02-14 12:00:00,0.15374647,0.15488049,0.15267563,0.15298125,88744.77
2024-02-14 16:00:00,0.15332576,0.15353815,0.15252845,0.15255548,41017.07
2024-02-14 20:00:00,0.15267148,0.15391739,0.15252846,0.15322102,55431.42
2024-02-15 00:00:00,0.15267855,0.15466093,0.15262838,0.1532626,93501.57
2024-02-15 04:00:00,0.15324831,0.15362934,0.15261242,0.15298241,96809.97
2024-02-15 08:00:00,0.15325378,0.15436014,0.15261611,0.153498,99454.71
2024-02-15 12:00:00,0.15340872,0.1540207,0.15303928,0.15345758,73892.88
2024-02-15 16:00:00,0.15334071,0.15469798,0.15309577,0.15350009,74401.09
2024-02-15 20:00:00,0.15326412,0.15412924,0.15295466,0.15369725,85893.75
2024-02-16 00:00:00,0.15372804,0.15524064,0.15295466,0.15427486,110439.3
2024-02-16 04:00:00,0.15426853,0.15511079,0.15265336,0.15479835,151231.72
2024-02-16 08:00:00,0.15453702,0.15563894,0.15267017,0.15320908,126594.77
2024-02-16 12:00:00,0.15300661,0.15410447,0.15091114,0.15110978,92964.12
2024-02-16 16:00:00,0.15138527,0.15244713,0.15089682,0.15126866,53394.24
2024-02-16 20:00:00,0.15124572,0.15170642,0.15089104,0.15094009,59837.86
2024-02-17 00:00:00,0.15149498,0.15202016,0.15090469,0.1518888,68159.61
2024-02-17 04:00:00,0.15195288,0.15210681,0.15081081,0.15109925,106072.52
2024-02-17 08:00:00,0.1511614,0.152387,0.15080547,0.15094641,91572.39
2024-02-17 12:00:00,0.15125612,0.15199999,0.15080547,0.1510294,76805.14
2024-02-17 16:00:00,0.15111436,0.15199999,0.15080547,0.15121378,61427.77
2024-02-17 20:00:00,0.15122611,0.15134129,0.15086873,0.15098707,54382.72
2024-02-18 00:00:00,0.15105819,0.15199999,0.15080547,0.15115066,69832.7
2024-02-18 04:00:00,0.15115066,0.15199999,0.15080547,0.15094292,126283.0
2024-02-18 08:00:00,0.15114252,0.15134163,0.15086564,0.15107163,156389.96
2024-02-18 12:00:00,0.15132453,0.152,0.14981085,0.15107077,96657.43
2024-02-18 16:00:00,0.15087927,0.15114799,0.15040785,0.15056487,69185.95
2024-02-18 20:00:00,0.15088244,0.15195415,0.15044338,0.15058406,52424.88
2024-02-19 00:00:00,0.15076505,0.15199996,0.15040987,0.15083289,55246.73
2024-02-19 04:00:00,0.15067658,0.15180474,0.15040336,0.15180474,112181.52
2024-02-19 08:00:00,0.15180473,0.15180475,0.15040263,0.15060539,136184.8
2024-02-19 12:00:00,0.15056041,0.15199989,0.15035131,0.15104945,102916.66
2024-02-19 16:00:00,0.15075536,0.15148536,0.15032488,0.15111475,73336.12
2024-02-19 20:00:00,0.15091722,0.15113203,0.15067305,0.15080282,58445.94
2024-02-20 00:00:00,0.15108423,0.15148513,0.15032488,0.1506833,62239.32
2024-02-20 04:00:00,0.15063254,0.15099993,0.14995431,0.1505893,98834.25
2024-02-20 08:00:00,0.15041746,0.15068521,0.15026843,0.15051454,124475.82
2024-02-20 12:00:00,0.15051253,0.15099994,0.14953214,0.14996401,114748.09
2024-02-20 16:00:00,0.15004407,0.15022341,0.14983014,0.15020069,78810.93
2024-02-20 20:00:00,0.14994639,0.15022429,0.14982958,0.15010119,45985.4
2024-02-21 00:00:00,0.15002198,0.15069958,0.14983048,0.15068255,59418.33
2024-02-21 04:00:00,0.15052045,0.15099974,0.14999523,0.1505093,111619.38
2024-02-21 08:00:00,0.15069259,0.15099988,0.14953214,0.15003847,137497.37
2024-02-21 12:00:00,0.150355,0.15099847,0.14953214,0.15041493,117641.82
2024-02-21 16:00:00,0.15033365,0.15055868,0.14996858,0.15024441,90576.28
2024-02-21 20:00:00,0.14997716,0.15099947,0.14953215,0.15021614,60888.0
2024-02-22 00:00:00,0.15005463,0.15055724,0.14993262,0.150014,62277.77
2024-02-22 04:00:00,0.15008408,0.15099994,0.14953214,0.15044377,92833.86
2024-02-22 08:00:00,0.15009661,0.15099982,0.14953215,0.15037622,146664.77
2024-02-22 12:00:00,0.15055031,0.15058803,0.1501014,0.15015741,147038.73
2024-02-22 16:00:00,0.15018362,0.15028071,0.14953214,0.15002083,96383.76
2024-02-22 20:00:00,0.14994559,0.15005579,0.14975718,0.14987798,61307.62
2024-02-23 00:00:00,0.14996555,0.15005578,0.14975681,0.14988366,52775.13
2024-02-23 04:00:00,0.14989544,0.151,0.14975719,0.15059077,80422.58
2024-02-23 08:00:00,0.15053688,0.15187661,0.14953815,0.15137893,103642.67
2024-02-23 12:00:00,0.1509031,0.15258451,0.15038186,0.15150465,58103.95
2024-02-23 16:00:00,0.15183213,0.15183213,0.15045796,0.15126689,94891.25
2024-02-23 20:00:00,0.15106833,0.15153143,0.15070803,0.15096025,115337.9
2024-02-24 00:00:00,0.15093875,0.15152068,0.15071775,0.15133137,111657.68
2024-02-24 04:00:00,0.15097732,0.15188859,0.15037728,0.15104913,93706.86
2024-02-24 08:00:00,0.15122269,0.15195149,0.15028392,0.15093458,64737.63
2024-02-24 12:00:00,0.15118777,0.15198391,0.15030879,0.15108595,70795.33
2024-02-24 16:00:00,0.15126038,0.15174538,0.15023549,0.15094118,97139.04
2024-02-24 20:00:00,0.15132495,0.1515233,0.15067051,0.15103566,131027.34
2024-02-25 00:00:00,0.1511205,0.15156897,0.15070576,0.15130213,124331.27
2024-02-25 04:00:00,0.15130391,0.1515543,0.15069216,0.1515543,75525.82
2024-02-25 08:00:00,0.15071105,0.15200932,0.15023137,0.15095119,53429.96
2024-02-25 12:00:00,0.15055221,0.1512532,0.15031265,0.1505641,64516.19
2024-02-25 16:00:00,0.15074372,0.15184582,0.15033773,0.15115992,84009.41
2024-02-25 20:00:00,0.15081882,0.15118025,0.15032665,0.15094648,95935.77
2024-02-26 00:00:00,0.15061481,0.15195355,0.15030528,0.15058006,84197.31
2024-02-26 04:00:00,0.15090934,0.15203453,0.15040961,0.15074987,93778.01
2024-02-26 08:00:00,0.15066042,0.15190205,0.1503906,0.15075217,67466.83
2024-02-26 12:00:00,0.15125466,0.15185983,0.15025542,0.15112644,67835.35
2024-02-26 16:00:00,0.15108056,0.15139388,0.15069671,0.15072468,91004.25
2024-02-26 20:00:00,0.15108653,0.15174863,0.15023136,0.15115058,95013.84
2024-02-27 00:00:00,0.15084957,0.15177347,0.15026332,0.15065013,130247.6
2024-02-27 04:00:00,0.150944,0.15150131,0.15044766,0.15052841,91425.25
2024-02-27 08:00:00,0.15071285,0.15154012,0.15024451,0.15031525,82046.63
2024-02-27 12:00:00,0.1502767,0.15140607,0.15023135,0.15073736,97033.64
2024-02-27 16:00:00,0.15095619,0.15151794,0.15033571,0.15106606,80639.03
2024-02-27 20:00:00,0.15147379,0.15186911,0.15070001,0.15123125,101369.72
2024-02-28 00:00:00,0.15132288,0.15186914,0.1507,0.15107543,131509.74
2024-02-28 04:00:00,0.15111325,0.15157835,0.15086937,0.15115676,84080.76
2024-02-28 08:00:00,0.15144578,0.15186913,0.1503021,0.15083653,60819.87
2024-02-28 12:00:00,0.15106586,0.15185811,0.15016661,0.15103082,57448.1
2024-02-28 16:00:00,0.15076856,0.15174192,0.15016662,0.15073695,83914.48
2024-02-28 20:00:00,0.1510537,0.15142404,0.15050062,0.15114231,129898.55
2024-02-29 00:00:00,0.15098416,0.1514528,0.15033022,0.15099817,115383.62
2024-02-29 04:00:00,0.15079857,0.15141525,0.15039608,0.15089393,108454.41
2024-02-29 08:00:00,0.15093539,0.15175599,0.15022029,0.1507329,90864.6
2024-02-29 12:00:00,0.15042181,0.15134241,0.1502734,0.15086445,74306.82
2024-02-29 16:00:00,0.15089699,0.15134144,0.15029578,0.15041301,75364.84
2024-02-29 20:00:00,0.15113912,0.15137679,0.15029139,0.15042064,122391.1
2024-03-01 00:00:00,0.15100768,0.15186918,0.1502845,0.1507926,134598.32
2024-03-01 04:00:00,0.15069819,0.15154053,0.15052543,0.15132401,111121.63
2024-03-01 08:00:00,0.15135541,0.15164374,0.15051577,0.15084318,82500.79
2024-03-01 12:00:00,0.15115337,0.15164906,0.15050549,0.15126286,60138.43
2024-03-01 16:00:00,0.1511981,0.15163953,0.15053715,0.15086435,53982.25
2024-03-01 20:00:00,0.15122686,0.15166503,0.15049633,0.15080713,110186.94
2024-03-02 00:00:00,0.15120062,0.15160096,0.15042661,0.15093492,136449.36
2024-03-02 04:00:00,0.15097506,0.15138175,0.15034478,0.1505528,130161.78
2024-03-02 08:00:00,0.15094096,0.15138772,0.15034479,0.1510124,87805.27
2024-03-02 12:00:00,0.15049744,0.15136479,0.15034478,0.15088512,61993.99
2024-03-02 16:00:00,0.15071025,0.15137707,0.15034478,0.15099701,64767.61
2024-03-02 20:00:00,0.15117037,0.15138486,0.15034479,0.15050271,83254.08
2024-03-03 00:00:00,0.15087296,0.15138897,0.15042316,0.15083123,103904.72
2024-03-03 04:00:00,0.15045129,0.15139023,0.15042119,0.15100844,94088.59
2024-03-03 08:00:00,0.15096853,0.15223386,0.15042237,0.15169727,124557.35
2024-03-03 12:00:00,0.15176944,0.15220306,0.15092745,0.15164114,95028.2
2024-03-03 16:00:00,0.15188374,0.15342312,0.15109301,0.15246169,104141.1
2024-03-03 20:00:00,0.15272697,0.15296859,0.15151353,0.15202453,100665.94
2024-03-04 00:00:00,0.15188397,0.15279718,0.15101211,0.15192968,88464.88
2024-03-04 04:00:00,0.15184758,0.15214901,0.15135273,0.15174083,79189.63
2024-03-04 08:00:00,0.15205955,0.15220713,0.15148277,0.15205467,101402.19
2024-03-04 12:00:00,0.15185114,0.15209866,0.15137577,0.15205332,128407.62
2024-03-04 16:00:00,0.15181261,0.15254313,0.15102467,0.15204999,137003.84
2024-03-04 20:00:00,0.15202993,0.15293621,0.15103533,0.15264463,89078.34
2024-03-05 00:00:00,0.15254464,0.15308704,0.15102433,0.15247762,79627.46
2024-03-05 04:00:00,0.15266442,0.15309073,0.15103718,0.15209022,62051.72
2024-03-05 08:00:00,0.15295812,0.15295812,0.15117732,0.15256956,81283.44
2024-03-05 12:00:00,0.15224849,0.1528948,0.15135053,0.1522513,138437.11
2024-03-05 16:00:00,0.15203261,0.15305147,0.15151613,0.15305147,173159.55
2024-03-05 20:00:00,0.15267955,0.15377503,0.15196842,0.15304901,127158.88
2024-03-06 00:00:00,0.15295132,0.15389926,0.15197842,0.15216626,96340.93
2024-03-06 04:00:00,0.15234343,0.15266883,0.15110511,0.15209559,61304.47
2024-03-06 08:00:00,0.15225999,0.15267358,0.1510866,0.15186413,65388.97
2024-03-06 12:00:00,0.15179263,0.15263248,0.15111385,0.151689,133284.47
2024-03-06 16:00:00,0.15173027,0.15255416,0.15118527,0.15182897,129806.3
2024-03-06 20:00:00,0.15211241,0.15288669,0.15119021,0.15161328,111290.86
2024-03-07 00:00:00,0.15163084,0.15272274,0.15124751,0.15182626,99210.06
2024-03-07 04:00:00,0.15191058,0.15299003,0.15107799,0.15220645,58799.7
2024-03-07 08:00:00,0.15211467,0.15274726,0.15123069,0.15187269,76362.17
2024-03-07 12:00:00,0.15183482,0.15299427,0.1511275,0.151404,106911.61
2024-03-07 16:00:00,0.15148854,0.15172433,0.15016273,0.15115296,146131.98
2024-03-07 20:00:00,0.15108286,0.15141643,0.15000867,0.1510621,148073.21
2024-03-08 00:00:00,0.15108301,0.15146377,0.15024023,0.15084367,84542.45
2024-03-08 04:00:00,0.15087949,0.15146674,0.15047426,0.15081071,63903.31
2024-03-08 08:00:00,0.1507521,0.15143116,0.15060243,0.15127486,58721.59
2024-03-08 12:00:00,0.1507488,0.15248355,0.15047395,0.15133499,107601.41
2024-03-08 16:00:00,0.15062109,0.15196141,0.14976908,0.15096309,133004.6
2024-03-08 20:00:00,0.15034134,0.15218549,0.14986166,0.15169386,147104.56
2024-03-09 00:00:00,0.1515937,0.15208769,0.14973211,0.15110735,97788.4
2024-03-09 04:00:00,0.15117209,0.15215667,0.15020332,0.15167821,68256.58
2024-03-09 08:00:00,0.15156053,0.15252613,0.14992032,0.15109852,65189.79
2024-03-09 12:00:00,0.15173926,0.15216734,0.14989719,0.1508883,112681.74
2024-03-09 16:00:00,0.15063169,0.15237899,0.15033071,0.15081282,122876.79
2024-03-09 20:00:00,0.1512074,0.15210376,0.15043552,0.1512839,160568.4
2024-03-10 00:00:00,0.15107392,0.15238847,0.15079875,0.15223431,128767.2
2024-03-10 04:00:00,0.15223623,0.15253786,0.15091171,0.15149243,64079.05
2024-03-10 08:00:00,0.1517804,0.15234927,0.15134094,0.15174302,70018.04
2024-03-10 12:00:00,0.15153386,0.15247017,0.15096682,0.15191576,100421.42
2024-03-10 16:00:00,0.15163837,0.15208675,0.15118008,0.15147904,114142.2
2024-03-10 20:00:00,0.15168171,0.15233681,0.15135771,0.15163597,161605.72
2024-03-11 00:00:00,0.15202622,0.1524921,0.15094354,0.15177127,129434.63
2024-03-11 04:00:00,0.15200773,0.15215368,0.15117821,0.15194624,67470.3
2024-03-11 08:00:00,0.15178292,0.15219819,0.15122838,0.15198899,50935.2
2024-03-11 12:00:00,0.15173339,0.15225007,0.15122192,0.15151226,95149.67
2024-03-11 16:00:00,0.15163155,0.15249186,0.15097464,0.1523204,123733.26
2024-03-11 20:00:00,0.15187085,0.15225521,0.15126879,0.15197356,137768.08
2024-03-12 00:00:00,0.15143543,0.15248119,0.15096522,0.15176203,107678.06
2024-03-12 04:00:00,0.15199915,0.15248009,0.15095244,0.15115398,91928.67
2024-03-12 08:00:00,0.15119942,0.15145968,0.15091171,0.15129419,62343.6
2024-03-12 12:00:00,0.15126355,0.15145968,0.15091171,0.15118814,67070.42
2024-03-12 16:00:00,0.15115957,0.15136492,0.15101032,0.15122639,144184.16
2024-03-12 20:00:00,0.15127953,0.15136978,0.15100328,0.15128726,160921.8
2024-03-13 00:00:00,0.15115483,0.1513913,0.15100544,0.15111333,118639.17
2024-03-13 04:00:00,0.15109819,0.15139499,0.15056714,0.15090908,63853.23
2024-03-13 08:00:00,0.15092289,0.15145967,0.15032445,0.15084853,65565.09
2024-03-13 12:00:00,0.15075411,0.15111898,0.15045964,0.15104347,43985.42
2024-03-13 16:00:00,0.15069132,0.15126618,0.1505027,0.15086186,41471.25
2024-03-13 20:00:00,0.15088735,0.15125645,0.15066545,0.15093161,39147.62
2024-03-14 00:00:00,0.15066728,0.15255839,0.15032464,0.15245433,49993.84
2024-03-14 04:00:00,0.15249638,0.152694,0.15032463,0.15081608,99811.44
2024-03-14 08:00:00,0.15085861,0.15173519,0.15032444,0.15089556,52340.67
2024-03-14 12:00:00,0.15085498,0.15173519,0.15032444,0.15084388,51062.1
2024-03-14 16:00:00,0.1511394,0.15142152,0.15062445,0.15107184,45790.25
2024-03-14 20:00:00,0.15076098,0.1517352,0.15032443,0.1511137,42867.69
2024-03-15 00:00:00,0.15100947,0.15151237,0.15064199,0.1512748,46789.44
2024-03-15 04:00:00,0.15128556,0.15144317,0.15055899,0.15107179,58151.45
2024-03-15 08:00:00,0.15108326,0.15173517,0.15032454,0.15118902,61194.8
2024-03-15 12:00:00,0.15080756,0.15173524,0.15032452,0.1508016,75830.43
2024-03-15 16:00:00,0.15128409,0.15174022,0.1505879,0.15097494,65082.71
2024-03-15 20:00:00,0.15114064,0.15184173,0.1503309,0.15110579,48535.5
2024-03-16 00:00:00,0.15144935,0.15199697,0.15051728,0.15090065,36107.37
2024-03-16 04:00:00,0.15090307,0.15179883,0.15059657,0.15112837,41841.21
2024-03-16 08:00:00,0.15116034,0.15179043,0.15078577,0.15104745,51491.95
2024-03-16 12:00:00,0.15117011,0.15188889,0.15068735,0.15141671,63781.22
2024-03-16 16:00:00,0.15122129,0.15204711,0.15053426,0.15148721,60142.51
2024-03-16 20:00:00,0.15130644,0.15190964,0.15087193,0.15160876,46948.19
2024-03-17 00:00:00,0.15166917,0.1518473,0.1507977,0.15142819,48182.72
2024-03-17 04:00:00,0.15151857,0.15203788,0.15052508,0.15098488,46916.73
2024-03-17 08:00:00,0.15145355,0.15211042,0.15059689,0.15136122,54454.58
2024-03-17 12:00:00,0.15151844,0.15171723,0.1506733,0.15093522,69996.27
2024-03-17 16:00:00,0.15095195,0.15127378,0.15073807,0.15124586,67797.43
2024-03-17 20:00:00,0.15116176,0.1514214,0.1506019,0.15115994,51451.62
2024-03-18 00:00:00,0.15104171,0.15146071,0.15061795,0.15102386,39435.3
2024-03-18 04:00:00,0.15106547,0.15253838,0.15063868,0.15114811,40805.48
2024-03-18 08:00:00,0.15128666,0.15258761,0.15066035,0.15068235,54595.42
2024-03-18 12:00:00,0.1508488,0.15095456,0.1506083,0.15088985,54493.68
2024-03-18 16:00:00,0.15083244,0.1509978,0.15063202,0.15068968,57092.38
2024-03-18 20:00:00,0.15077724,0.1520926,0.15048502,0.15128931,60685.38
2024-03-19 00:00:00,0.15153294,0.15225112,0.15086848,0.15173908,50612.95
2024-03-19 04:00:00,0.15164601,0.15218108,0.15078747,0.1514971,44821.87
2024-03-19 08:00:00,0.15147952,0.15224958,0.15051768,0.1510987,49837.18
2024-03-19 12:00:00,0.15110064,0.15227077,0.15079551,0.15184172,59709.43
2024-03-19 16:00:00,0.15173426,0.15234648,0.15095816,0.15187641,78741.93
2024-03-19 20:00:00,0.15173829,0.15228348,0.15090776,0.15185328,56090.1
2024-03-20 00:00:00,0.15176023,0.15240264,0.15088621,0.15162921,42123.58
2024-03-20 04:00:00,0.15180635,0.15225686,0.15072373,0.15109219,33199.99
2024-03-20 08:00:00,0.15156908,0.15241336,0.15087216,0.15209609,41764.49
2024-03-20 12:00:00,0.15190225,0.1527354,0.15083295,0.1518192,53109.76
2024-03-20 16:00:00,0.15189126,0.15251797,0.15102449,0.15179648,60517.12
2024-03-20 20:00:00,0.15219394,0.15254695,0.15144263,0.15219755,55608.29
2024-03-21 00:00:00,0.15184123,0.15302135,0.15121303,0.15150134,47525.01
2024-03-21 04:00:00,0.15164641,0.15231391,0.15066305,0.15161881,39842.16
2024-03-21 08:00:00,0.15171421,0.1523339,0.15048502,0.15148147,46377.53
2024-03-21 12:00:00,0.15111232,0.15224204,0.15074234,0.15137304,51963.57
2024-03-21 16:00:00,0.15172944,0.15233955,0.15048501,0.15145249,59071.44
2024-03-21 20:00:00,0.15124849,0.15222349,0.15088452,0.15151223,54840.62
2024-03-22 00:00:00,0.15165752,0.152227,0.15048503,0.15135019,46886.41
2024-03-22 04:00:00,0.15154935,0.15221714,0.15064549,0.15158103,46032.82
2024-03-22 08:00:00,0.15143485,0.15236045,0.15032444,0.15147476,48189.19
2024-03-22 12:00:00,0.15189411,0.15209476,0.15041402,0.15119532,51888.64
2024-03-22 16:00:00,0.15141073,0.15244459,0.15055413,0.15117466,56151.7
2024-03-22 20:00:00,0.15154713,0.15204359,0.15038729,0.15102557,54568.61
2024-03-23 00:00:00,0.15143034,0.15201423,0.15069333,0.15115405,45369.38
2024-03-23 04:00:00,0.15147641,0.15210904,0.15033497,0.15137165,44191.12
2024-03-23 08:00:00,0.15098181,0.15218015,0.15046887,0.15147613,44190.48
2024-03-23 12:00:00,0.15137123,0.15212918,0.15075314,0.1519385,58528.69
2024-03-23 16:00:00,0.15153571,0.15220547,0.15064668,0.1513934,47697.52
2024-03-23 20:00:00,0.1510528,0.15220366,0.15077037,0.15137368,58882.06
2024-03-24 00:00:00,0.15187547,0.15195678,0.15032447,0.15090824,57428.19
2024-03-24 04:00:00,0.15080569,0.15106046,0.15047063,0.15076054,44179.62
2024-03-24 08:00:00,0.15088341,0.15121955,0.15032447,0.1507757,50045.67
2024-03-24 12:00:00,0.1508804,0.15107862,0.15047548,0.15078014,57290.1
2024-03-24 16:00:00,0.15077365,0.15121956,0.15032446,0.15060471,61966.39
2024-03-24 20:00:00,0.15071691,0.15121955,0.15032447,0.15081519,59110.54
2024-03-25 00:00:00,0.15066679,0.15109863,0.15046676,0.1508202,57005.96
2024-03-25 04:00:00,0.1508573,0.15238626,0.15032446,0.15181221,49426.03
2024-03-25 08:00:00,0.15186917,0.15234211,0.1504145,0.15152934,52219.32
2024-03-25 12:00:00,0.15129478,0.15227774,0.15081431,0.15133648,60332.91
2024-03-25 16:00:00,0.15096891,0.15227913,0.15060597,0.1509231,62096.92
2024-03-25 20:00:00,0.15130397,0.15241054,0.15077843,0.15123946,65858.29
2024-03-26 00:00:00,0.15174365,0.15217363,0.15079273,0.15129779,59895.15
2024-03-26 04:00:00,0.15147588,0.15222958,0.15002145,0.15011533,46271.95
2024-03-26 08:00:00,0.1501791,0.15197374,0.14986576,0.15093114,42004.71
2024-03-26 12:00:00,0.15089243,0.15148866,0.14968672,0.15055196,52247.22
2024-03-26 16:00:00,0.15018001,0.15208914,0.14998524,0.15026005,66622.82
2024-03-26 20:00:00,0.15011035,0.15199635,0.14953214,0.15120853,75708.17
2024-03-27 00:00:00,0.15134971,0.1521603,0.14956649,0.15112591,52324.38
2024-03-27 04:00:00,0.15101097,0.15213272,0.14991069,0.15070777,59570.87
2024-03-27 08:00:00,0.15078659,0.15235182,0.15004939,0.15170656,62675.5
2024-03-27 12:00:00,0.15101968,0.15275461,0.15001988,0.151827,60006.3
2024-03-27 16:00:00,0.15174942,0.15241641,0.15008767,0.15099372,52854.07
2024-03-27 20:00:00,0.15056278,0.15226593,0.15015444,0.15144129,45616.56
2024-03-28 00:00:00,0.15157204,0.15229852,0.14994619,0.15168305,47229.36
2024-03-28 04:00:00,0.15135729,0.15234934,0.15023517,0.15229902,73422.37
2024-03-28 08:00:00,0.15217719,0.15254418,0.15159314,0.15191994,75700.8
2024-03-28 12:00:00,0.15217933,0.1527711,0.15182056,0.15239565,58791.26
2024-03-28 16:00:00,0.15243285,0.15277109,0.15205047,0.1525425,39285.64
2024-03-28 20:00:00,0.15228542,0.15266398,0.15214852,0.15247364,37968.3
2024-03-29 00:00:00,0.15243177,0.15266384,0.15173244,0.15213019,45518.03
2024-03-29 04:00:00,0.15212961,0.152458,0.15196787,0.15227193,60372.09
2024-03-29 08:00:00,0.15212842,0.15277107,0.15173245,0.15209216,62923.73
2024-03-29 12:00:00,0.15238046,0.15265919,0.15188393,0.1521044,52979.86
2024-03-29 16:00:00,0.15220206,0.15277108,0.15173244,0.15242544,47711.99
2024-03-29 20:00:00,0.15235481,0.15245931,0.15192821,0.15237759,46951.05
2024-03-30 00:00:00,0.15223964,0.15246359,0.15190721,0.15217645,45122.49
2024-03-30 04:00:00,0.15239783,0.15261941,0.15186372,0.15205786,58986.93
2024-03-30 08:00:00,0.15217983,0.1527711,0.15173244,0.15218464,56357.93
2024-03-30 12:00:00,0.15221451,0.1527711,0.15045626,0.15091034,52196.19
2024-03-30 16:00:00,0.15136121,0.15271178,0.14998352,0.15228947,51707.87
2024-03-30 20:00:00,0.1521999,0.1527711,0.15174837,0.15225014,47155.84
2024-03-31 00:00:00,0.15218995,0.15261417,0.15119252,0.15214345,43710.83
2024-03-31 04:00:00,0.15219939,0.15275842,0.15122206,0.1517506,55781.19
2024-03-31 08:00:00,0.15210511,0.15240697,0.15154996,0.15220354,56267.98
2024-03-31 12:00:00,0.15223544,0.15231522,0.15062543,0.15118254,75075.67
2024-03-31 16:00:00,0.15114056,0.152771,0.15077968,0.15208827,52082.29
2024-03-31 20:00:00,0.15187564,0.15234656,0.15067398,0.15156486,42830.12
2024-04-01 00:00:00,0.15152601,0.1526449,0.15082226,0.15154405,49437.24
2024-04-01 04:00:00,0.15186444,0.15192133,0.15068977,0.15096902,43389.24
2024-04-01 08:00:00,0.15110402,0.15198271,0.15031924,0.15086366,67114.19
2024-04-01 12:00:00,0.15122646,0.15264425,0.15027071,0.1507331,73013.63
2024-04-01 16:00:00,0.15054386,0.15179386,0.15028349,0.15089968,57236.13
2024-04-01 20:00:00,0.15127495,0.15194291,0.15060072,0.15140801,43123.85
2024-04-02 00:00:00,0.15121234,0.15184418,0.15065432,0.15104405,37328.2
2024-04-02 04:00:00,0.15078815,0.15220913,0.15025465,0.1509963,45847.24
2024-04-02 08:00:00,0.15111516,0.15216255,0.15024654,0.15094795,69007.17
2024-04-02 12:00:00,0.15089565,0.15277096,0.1502667,0.15086762,70879.79
2024-04-02 16:00:00,0.15061887,0.152233,0.15024654,0.15108919,62059.07
2024-04-02 20:00:00,0.15134935,0.15171365,0.15033302,0.15069163,48531.5
2024-04-03 00:00:00,0.15100554,0.15178278,0.15031806,0.15130136,37304.29
2024-04-03 04:00:00,0.15068034,0.15198827,0.15037834,0.15169096,48539.2
2024-04-03 08:00:00,0.15070565,0.15209078,0.14962137,0.15005633,60556.28
2024-04-03 12:00:00,0.15015985,0.15173788,0.14960997,0.15101083,64590.06
2024-04-03 16:00:00,0.15096154,0.15208394,0.14964112,0.15062607,64678.16
2024-04-03 20:00:00,0.15099442,0.1521475,0.14977461,0.1510817,41492.97
2024-04-04 00:00:00,0.15153417,0.15219137,0.14978509,0.15121791,38798.08
2024-04-04 04:00:00,0.15122372,0.15259774,0.14967808,0.14982114,46426.04
2024-04-04 08:00:00,0.14991194,0.15205272,0.14975472,0.15044024,57351.78
2024-04-04 12:00:00,0.15027537,0.15102807,0.14999387,0.1507861,65422.64
2024-04-04 16:00:00,0.15032001,0.1511891,0.15017245,0.15072826,57263.81
2024-04-04 20:00:00,0.15060134,0.15077335,0.15004627,0.1504539,53966.95
2024-04-05 00:00:00,0.15036924,0.15083768,0.15003059,0.15067081,52790.82
2024-04-05 04:00:00,0.15022391,0.15084732,0.14999387,0.1503758,49844.66
2024-04-05 08:00:00,0.1504688,0.15088171,0.15003323,0.15040441,51099.84
2024-04-05 12:00:00,0.15076989,0.15077435,0.15002091,0.15022428,61929.7
2024-04-05 16:00:00,0.15036872,0.15090946,0.15005044,0.15048125,69344.65
2024-04-05 20:00:00,0.15027487,0.15085347,0.15005148,0.1501835,46413.48
2024-04-06 00:00:00,0.15015755,0.15085247,0.15005137,0.15036644,37221.91
2024-04-06 04:00:00,0.15021505,0.15088244,0.15005128,0.15029399,36756.5
2024-04-06 08:00:00,0.15049197,0.15085586,0.1500498,0.15046675,54165.51
2024-04-06 12:00:00,0.1505143,0.15077514,0.15003734,0.15031582,63338.86
2024-04-06 16:00:00,0.15021688,0.15054593,0.15003253,0.15046998,62077.69
2024-04-06 20:00:00,0.15008338,0.15053756,0.15003291,0.15020795,58228.83
2024-04-07 00:00:00,0.15038775,0.15111193,0.14999384,0.15063148,43074.47
2024-04-07 04:00:00,0.15020658,0.15079008,0.15004983,0.15022395,41401.87
2024-04-07 08:00:00,0.15011268,0.15111212,0.14976993,0.15053069,51661.67
2024-04-07 12:00:00,0.15009301,0.15079681,0.14978065,0.15047832,57418.37
2024-04-07 16:00:00,0.14998238,0.15071453,0.14978386,0.15052155,60138.84
2024-04-07 20:00:00,0.15012368,0.1507504,0.14987664,0.15038318,54221.33
2024-04-08 00:00:00,0.15036355,0.15135339,0.1498108,0.15013862,50122.0
2024-04-08 04:00:00,0.14996823,0.15114243,0.14989984,0.15047779,47738.19
2024-04-08 08:00:00,0.15049204,0.15134276,0.14981079,0.15011634,53249.57
2024-04-08 12:00:00,0.15060226,0.15095646,0.1498899,0.1502621,63819.23
2024-04-08 16:00:00,0.15040191,0.15106074,0.15014141,0.15033384,62178.58
2024-04-08 20:00:00,0.15034508,0.15058758,0.15014008,0.15041296,61676.23
2024-04-09 00:00:00,0.15031227,0.15053014,0.15012763,0.15017107,40209.76
2024-04-09 04:00:00,0.15036264,0.15071397,0.15010904,0.1503718,37345.73
2024-04-09 08:00:00,0.15017715,0.15058543,0.15014002,0.15047844,42457.14
2024-04-09 12:00:00,0.15015901,0.15147386,0.14993115,0.15051941,72338.97
2024-04-09 16:00:00,0.15012243,0.15147386,0.1498108,0.15018332,80076.73
2024-04-09 20:00:00,0.15044769,0.15141958,0.14990637,0.15025355,60073.4
2024-04-10 00:00:00,0.15039374,0.15108109,0.14991373,0.15027532,42195.22
2024-04-10 04:00:00,0.1500122,0.15139229,0.14981078,0.15038795,41181.57
2024-04-10 08:00:00,0.15008817,0.15139552,0.14988912,0.15056895,45089.47
2024-04-10 12:00:00,0.1507836,0.15144411,0.14985672,0.15020822,59776.92
2024-04-10 16:00:00,0.15061668,0.15112362,0.14994088,0.15057141,68114.75
2024-04-10 20:00:00,0.15085739,0.15112109,0.15017171,0.150523,55874.9
2024-04-11 00:00:00,0.15056477,0.15122767,0.15013817,0.15063728,49888.28
2024-04-11 04:00:00,0.15076893,0.15157232,0.15031255,0.15087625,49153.64
2024-04-11 08:00:00,0.1509264,0.15157233,0.15048763,0.15061466,51892.77
2024-04-11 12:00:00,0.15068309,0.15157231,0.15048762,0.15084898,58622.62
2024-04-11 16:00:00,0.15083089,0.15157232,0.15031255,0.15050474,58240.77
2024-04-11 20:00:00,0.15078379,0.15154273,0.15031254,0.15046706,63121.08
2024-04-12 00:00:00,0.15040191,0.15157228,0.15031427,0.1507983,52886.05
2024-04-12 04:00:00,0.15089774,0.15119394,0.1503583,0.15070138,41442.26
2024-04-12 08:00:00,0.15071605,0.15157229,0.15009652,0.15058136,46574.34
2024-04-12 12:00:00,0.15058021,0.15157233,0.15009656,0.1503162,52770.92
2024-04-12 16:00:00,0.15036676,0.15054512,0.14995495,0.15010588,58100.5
2024-04-12 20:00:00,0.15003651,0.15057147,0.14999517,0.15029947,58668.46
2024-04-13 00:00:00,0.15024767,0.15073855,0.14995496,0.15048087,52610.87
2024-04-13 04:00:00,0.15023272,0.15050216,0.14999558,0.15001423,42109.28
2024-04-13 08:00:00,0.1502083,0.15157229,0.149955,0.15093455,46185.84
2024-04-13 12:00:00,0.15012427,0.15106465,0.14996119,0.14999685,49464.24
2024-04-13 16:00:00,0.14999572,0.15032437,0.14995616,0.14996435,71513.09
2024-04-13 20:00:00,0.14996225,0.14997422,0.14995635,0.1499671,71089.01
2024-04-14 00:00:00,0.14996486,0.15154626,0.14995629,0.15098063,54069.9
2024-04-14 04:00:00,0.15057776,0.15120193,0.15011678,0.15111044,38789.63
2024-04-14 08:00:00,0.15030392,0.15157224,0.15020167,0.15104571,38748.47
2024-04-14 12:00:00,0.15077953,0.15157211,0.15020166,0.1508656,48501.25
2024-04-14 16:00:00,0.15049607,0.15075736,0.15023688,0.15055075,71380.54
2024-04-14 20:00:00,0.15057223,0.15075735,0.15035043,0.15053118,77766.3
2024-04-15 00:00:00,0.15049563,0.15066114,0.1503634,0.15051753,57000.22
2024-04-15 04:00:00,0.15049638,0.15075735,0.15037419,0.15062475,50578.85
2024-04-15 08:00:00,0.15053466,0.1512561,0.15052136,0.15077032,42246.81
2024-04-15 12:00:00,0.15116218,0.15157233,0.15052137,0.1509046,47262.05
2024-04-15 16:00:00,0.15066222,0.15157233,0.15052137,0.15087385,60647.78
2024-04-15 20:00:00,0.15108965,0.15133951,0.15057397,0.15094677,65244.75
2024-04-16 00:00:00,0.15085406,0.15131522,0.15057575,0.1508801,51962.71
2024-04-16 04:00:00,0.15091705,0.15157233,0.15052136,0.15119582,48023.69
2024-04-16 08:00:00,0.1507293,0.1515723,0.15060901,0.15070616,49116.37
2024-04-16 12:00:00,0.1512472,0.15157233,0.15065468,0.15073659,47290.02
2024-04-16 16:00:00,0.1508853,0.15129656,0.15068762,0.15094547,64047.18
2024-04-16 20:00:00,0.15086339,0.15129521,0.15067715,0.15083408,75985.61
2024-04-17 00:00:00,0.15108546,0.15140732,0.15070331,0.15075268,63126.89
2024-04-17 04:00:00,0.15090397,0.15138839,0.15069309,0.15086418,45608.1
2024-04-17 08:00:00,0.15085888,0.15157156,0.15065466,0.15078173,40126.44
2024-04-17 12:00:00,0.15103054,0.15157232,0.15065465,0.15087904,41923.14
2024-04-17 16:00:00,0.15075485,0.15110183,0.15068457,0.1508488,64267.35
2024-04-17 20:00:00,0.15079794,0.15110714,0.15068485,0.15079146,77107.97
2024-04-18 00:00:00,0.15089806,0.15124354,0.15052135,0.15064339,68385.18
2024-04-18 04:00:00,0.15080609,0.15157231,0.15035045,0.15088398,47607.09
2024-04-18 08:00:00,0.15085382,0.1512352,0.15071833,0.15109208,25866.63
2024-04-18 12:00:00,0.15106626,0.15157228,0.1503506,0.15078691,26312.78
2024-04-18 16:00:00,0.15100989,0.15133476,0.15035047,0.15099735,26428.84
2024-04-18 20:00:00,0.15103538,0.15130367,0.15060132,0.15119749,26289.11
2024-04-19 00:00:00,0.15084311,0.15139416,0.15062961,0.15132239,26170.9
2024-04-19 04:00:00,0.15137038,0.15139894,0.15107925,0.15109261,33918.72
2024-04-19 08:00:00,0.15110127,0.15121449,0.15104795,0.15109481,36796.32
2024-04-19 12:00:00,0.15119814,0.15120947,0.15049023,0.1509651,58813.0
2024-04-19 16:00:00,0.15063944,0.15115981,0.150582,0.15079652,39283.67
2024-04-19 20:00:00,0.15093095,0.15102031,0.15053934,0.15084719,39128.58
2024-04-20 00:00:00,0.15083109,0.15112631,0.1505268,0.15099519,37621.24
2024-04-20 04:00:00,0.15078436,0.15130823,0.15035044,0.15072877,25752.69
2024-04-20 08:00:00,0.15077769,0.15102919,0.15046127,0.1507284,59295.02
2024-04-20 12:00:00,0.15101244,0.15102072,0.15050474,0.15091728,56509.51
2024-04-20 16:00:00,0.15072002,0.15130824,0.15035042,0.15073028,58587.45
2024-04-20 20:00:00,0.15066776,0.15107085,0.15050968,0.15067877,37893.14
2024-04-21 00:00:00,0.15097745,0.15117918,0.15053522,0.15075768,41837.17
2024-04-21 04:00:00,0.15092005,0.15108256,0.15044639,0.15070096,34182.16
2024-04-21 08:00:00,0.15065753,0.15130825,0.15035043,0.15085742,29417.92
2024-04-21 12:00:00,0.15086393,0.15116832,0.15050132,0.15071801,27195.56
2024-04-21 16:00:00,0.15089615,0.15157234,0.15035042,0.15092555,27902.15
2024-04-21 20:00:00,0.15119725,0.15157231,0.15035042,0.15104956,37045.22
2024-04-22 00:00:00,0.15081732,0.15120212,0.15056115,0.15096708,42677.18
2024-04-22 04:00:00,0.1509465,0.15124357,0.15035042,0.15063901,27755.98
2024-04-22 08:00:00,0.15090503,0.15157234,0.15003441,0.15055953,31937.32
2024-04-22 12:00:00,0.15051402,0.15155738,0.15004028,0.1507128,35035.34
2024-04-22 16:00:00,0.15099752,0.15157233,0.1500344,0.15051376,33509.62
2024-04-22 20:00:00,0.15081894,0.15155008,0.15004214,0.15070002,35490.48
2024-04-23 00:00:00,0.15053336,0.15110312,0.15021949,0.15066455,35525.76
2024-04-23 04:00:00,0.15084423,0.15144903,0.1500344,0.15064819,39785.8
2024-04-23 08:00:00,0.15084898,0.15125049,0.15034738,0.15056935,37035.71
2024-04-23 12:00:00,0.15075078,0.1515543,0.1500344,0.15099118,38477.61
2024-04-23 16:00:00,0.15089859,0.15154615,0.1500344,0.15102891,40463.38
2024-04-23 20:00:00,0.15058501,0.15111703,0.15032655,0.15096573,37207.97
2024-04-24 00:00:00,0.15055344,0.15123977,0.15025047,0.15075248,39183.25
2024-04-24 04:00:00,0.15051236,0.15126881,0.15038154,0.15060582,37087.25
2024-04-24 08:00:00,0.15072517,0.15156511,0.15005708,0.15103841,34998.87
2024-04-24 12:00:00,0.15062156,0.1513142,0.15047659,0.15053142,38647.69
2024-04-24 16:00:00,0.15080984,0.15111334,0.15024945,0.15053018,38147.32
2024-04-24 20:00:00,0.15099469,0.15110099,0.1503757,0.15098405,36376.88
2024-04-25 00:00:00,0.15102822,0.15156585,0.15005776,0.15092783,31808.48
2024-04-25 04:00:00,0.15111903,0.15156181,0.1500344,0.15110584,27753.78
2024-04-25 08:00:00,0.1509295,0.15155736,0.15004943,0.15061183,27220.61
2024-04-25 12:00:00,0.1509542,0.15123945,0.15028383,0.150937,28890.06
2024-04-25 16:00:00,0.15059857,0.15112318,0.15031175,0.15073019,30200.3
2024-04-25 20:00:00,0.1506505,0.1511093,0.15034292,0.15054817,32435.48
2024-04-26 00:00:00,0.15080193,0.15121321,0.1500344,0.15048618,31661.19
2024-04-26 04:00:00,0.15055496,0.15105217,0.15038889,0.15063034,31417.13
2024-04-26 08:00:00,0.15074069,0.15121322,0.14995495,0.15069905,30276.64
2024-04-26 12:00:00,0.15061909,0.15121322,0.14995495,0.15044254,33552.52
2024-04-26 16:00:00,0.15038406,0.15101593,0.15017679,0.15070667,33010.67
2024-04-26 20:00:00,0.15065281,0.15098962,0.15033354,0.15067541,35926.55
2024-04-27 00:00:00,0.15080542,0.15083546,0.15014666,0.15082895,34252.8
2024-04-27 04:00:00,0.15064507,0.15089736,0.15018011,0.15065455,33198.86
2024-04-27 08:00:00,0.15076937,0.15105905,0.15010467,0.15071609,33133.57
2024-04-27 12:00:00,0.15070859,0.15121322,0.14995495,0.15052892,30937.36
2024-04-27 16:00:00,0.15076491,0.15101221,0.15025002,0.1503712,33757.2
2024-04-27 20:00:00,0.15080322,0.1508343,0.15017861,0.15044924,31943.45
2024-04-28 00:00:00,0.15069841,0.15083481,0.15033312,0.15037328,34533.69
2024-04-28 04:00:00,0.15073511,0.15121322,0.14995495,0.15059466,40475.75
2024-04-28 08:00:00,0.1508299,0.15087697,0.15022859,0.15075279,40257.03
2024-04-28 12:00:00,0.15035634,0.15083513,0.15021442,0.15068678,27602.09
2024-04-28 16:00:00,0.15048034,0.15083536,0.15021375,0.15057442,40391.93
2024-04-28 20:00:00,0.15036561,0.15098165,0.15022228,0.15053424,42180.22
2024-04-29 00:00:00,0.15047828,0.15096841,0.150178,0.15041751,44116.38
2024-04-29 04:00:00,0.15031231,0.15073542,0.14995495,0.1502135,41448.9
2024-04-29 08:00:00,0.15042792,0.15073542,0.14995495,0.15046318,41764.06
2024-04-29 12:00:00,0.15045815,0.15050006,0.15018959,0.1502182,45742.67
2024-04-29 16:00:00,0.15035037,0.1505543,0.15014017,0.15032284,42758.76
2024-04-29 20:00:00,0.15020411,0.15055513,0.15009372,0.15023349,41954.43
2024-04-30 00:00:00,0.15019773,0.15050081,0.15008855,0.15029785,37861.47
2024-04-30 04:00:00,0.15040288,0.15152088,0.15001329,0.15097538,39978.06
2024-04-30 08:00:00,0.15104695,0.15110771,0.15021642,0.15052126,21509.52
2024-04-30 12:00:00,0.15065304,0.15111372,0.15043612,0.1506065,28317.0
2024-04-30 16:00:00,0.15060753,0.15151299,0.14995495,0.15098602,28556.0
2024-04-30 20:00:00,0.15060383,0.15132299,0.1504203,0.15101533,30726.46
2024-05-01 00:00:00,0.15122062,0.15157233,0.15074157,0.15136306,31028.17
2024-05-01 04:00:00,0.15135449,0.15153663,0.15134153,0.15140547,23413.5
2024-05-01 08:00:00,0.15140881,0.15157233,0.14996898,0.15108101,33503.66
2024-05-01 12:00:00,0.15071281,0.15154302,0.14995497,0.15063898,27938.35
2024-05-01 16:00:00,0.1504674,0.15151739,0.14995495,0.15082265,32423.77
2024-05-01 20:00:00,0.15089781,0.15126928,0.15040248,0.15057263,36699.74
2024-05-02 00:00:00,0.15089809,0.1511011,0.15023091,0.15093195,29401.4
2024-05-02 04:00:00,0.15092454,0.15121948,0.15024359,0.15054052,34690.86
2024-05-02 08:00:00,0.15107003,0.15132483,0.15041126,0.15102552,34139.61
2024-05-02 12:00:00,0.15117672,0.15157233,0.15075469,0.15092843,22426.94
2024-05-02 16:00:00,0.15087757,0.15132524,0.15087757,0.15118793,32469.93
2024-05-02 20:00:00,0.15121992,0.15132527,0.15090552,0.15111442,28661.71
2024-05-03 00:00:00,0.15110818,0.15132702,0.15090283,0.15121497,27934.65
2024-05-03 04:00:00,0.15128831,0.15132619,0.14995496,0.15060541,32019.2
2024-05-03 08:00:00,0.15035225,0.15099264,0.15009688,0.150587,26390.0
2024-05-03 12:00:00,0.15065504,0.15110624,0.15024045,0.15044904,27265.32
2024-05-03 16:00:00,0.15078692,0.15135647,0.14995495,0.15073595,27430.04
2024-05-03 20:00:00,0.15106457,0.15111554,0.15040329,0.15102826,25385.56
2024-05-04 00:00:00,0.15088041,0.15157233,0.15000512,0.15089573,25433.5
2024-05-04 04:00:00,0.15081542,0.15153543,0.14999147,0.15062255,25832.14
2024-05-04 08:00:00,0.15061886,0.15153805,0.15003019,0.15022666,18290.94
2024-05-04 12:00:00,0.1503154,0.15042781,0.15004246,0.15033073,22620.94
2024-05-04 16:00:00,0.15031688,0.15050097,0.1501585,0.15021222,22732.89
2024-05-04 20:00:00,0.15023342,0.15042795,0.15007293,0.15035452,21177.47
2024-05-05 00:00:00,0.15032057,0.15054382,0.15015902,0.15018185,21886.0
2024-05-05 04:00:00,0.15018155,0.15042848,0.15002647,0.15025223,25106.69
2024-05-05 08:00:00,0.15021569,0.15063204,0.14995495,0.15016516,21460.72
2024-05-05 12:00:00,0.15036412,0.15123456,0.14995497,0.1506328,23773.46
2024-05-05 16:00:00,0.15054681,0.15086547,0.15031562,0.15068572,22166.11
2024-05-05 20:00:00,0.15049045,0.15090348,0.15030626,0.1504056,19636.23
2024-05-06 00:00:00,0.15078762,0.15106367,0.15019732,0.15039359,25763.35
2024-05-06 04:00:00,0.1504857,0.15119385,0.14995497,0.15060867,33024.87
2024-05-06 08:00:00,0.15056892,0.15093584,0.15034111,0.15083872,33875.81
2024-05-06 12:00:00,0.15064275,0.15157232,0.15017495,0.15109061,33572.91
2024-05-06 16:00:00,0.15112831,0.151317,0.15046334,0.1509954,34947.77
2024-05-06 20:00:00,0.15059687,0.15115179,0.15041716,0.15068875,37751.2
2024-05-07 00:00:00,0.15114195,0.15128792,0.15038542,0.1507605,35640.02
2024-05-07 04:00:00,0.15071593,0.15133009,0.15032677,0.15096488,38073.7
2024-05-07 08:00:00,0.1511493,0.15157233,0.15032125,0.15115217,31966.65
2024-05-07 12:00:00,0.1510689,0.15157233,0.15032125,0.15118438,41847.97
2024-05-07 16:00:00,0.15098942,0.15157231,0.15017494,0.15092451,43410.79
2024-05-07 20:00:00,0.15080494,0.15157231,0.15017494,0.1508014,30349.34
2024-05-08 00:00:00,0.1510827,0.15115294,0.15027461,0.1505598,41936.99
2024-05-08 04:00:00,0.15073698,0.15098306,0.15017496,0.15041929,38536.75
2024-05-08 08:00:00,0.15046839,0.15098306,0.15017506,0.15068884,38812.43
2024-05-08 12:00:00,0.1506268,0.15098306,0.15017497,0.15068302,42195.44
2024-05-08 16:00:00,0.15058807,0.15088875,0.15032585,0.15069373,39874.79
2024-05-08 20:00:00,0.15052392,0.15081352,0.150372,0.15060194,37006.59
2024-05-09 00:00:00,0.15070136,0.15073821,0.15041772,0.15045218,39503.54
2024-05-09 04:00:00,0.15062769,0.15073761,0.15036026,0.15063167,34596.35
2024-05-09 08:00:00,0.15055606,0.15089115,0.15030989,0.15078413,31695.06
2024-05-09 12:00:00,0.1508609,0.15091555,0.15071258,0.15091555,35753.37
2024-05-09 16:00:00,0.15085743,0.15088995,0.15031902,0.15046335,32477.26
2024-05-09 20:00:00,0.15052721,0.15074011,0.15041936,0.15049968,29938.43
2024-05-10 00:00:00,0.1507256,0.15087054,0.15032814,0.15043425,31649.3
2024-05-10 04:00:00,0.15062477,0.15098306,0.15017494,0.15043484,28773.84
2024-05-10 08:00:00,0.15055128,0.15087708,0.15041859,0.15068819,27826.74
2024-05-10 12:00:00,0.15060507,0.15074013,0.15035841,0.15057528,29867.06
2024-05-10 16:00:00,0.15065069,0.15098306,0.15017495,0.15071016,27121.18
2024-05-10 20:00:00,0.15044678,0.15073893,0.15035745,0.1504476,26473.09
2024-05-11 00:00:00,0.15067123,0.15081353,0.1503102,0.15053983,27462.7
2024-05-11 04:00:00,0.15072531,0.15078572,0.15038793,0.15058814,26965.38
2024-05-11 08:00:00,0.15060072,0.15079055,0.15029979,0.15071496,26466.73
2024-05-11 12:00:00,0.15069091,0.15073971,0.15034247,0.15047933,24846.92
2024-05-11 16:00:00,0.15063772,0.15088153,0.15027924,0.15066087,26037.5
2024-05-11 20:00:00,0.15057424,0.15083179,0.15032798,0.15065385,28606.79
2024-05-12 00:00:00,0.15066855,0.15085049,0.15033322,0.1505254,29018.81
2024-05-12 04:00:00,0.15057448,0.1508424,0.1503179,0.15058463,27628.86
2024-05-12 08:00:00,0.15043654,0.15089801,0.15029536,0.15066616,28841.33
2024-05-12 12:00:00,0.15053934,0.15084036,0.15041742,0.15057486,31191.01
2024-05-12 16:00:00,0.15044342,0.15073928,0.15033101,0.15064203,28230.42
2024-05-12 20:00:00,0.15065295,0.15086273,0.15029085,0.15049832,30583.46
2024-05-13 00:00:00,0.1505481,0.15085315,0.1501751,0.15062777,31580.36
2024-05-13 04:00:00,0.15046269,0.15074028,0.15033577,0.15056515,30957.03
2024-05-13 08:00:00,0.15051715,0.15098307,0.15017591,0.15055455,31566.78
2024-05-13 12:00:00,0.15042764,0.15123546,0.15017494,0.15063558,30832.19
2024-05-13 16:00:00,0.1505783,0.15157164,0.15017494,0.15062919,38237.63
2024-05-13 20:00:00,0.1506116,0.15129213,0.15053304,0.15110789,32673.77
2024-05-14 00:00:00,0.1510285,0.15129417,0.15043716,0.15089259,34799.72
2024-05-14 04:00:00,0.15074561,0.15156896,0.15017494,0.15108859,35417.32
2024-05-14 08:00:00,0.15069094,0.15115351,0.15048785,0.15074197,36256.91
2024-05-14 12:00:00,0.15091507,0.15115308,0.150595,0.15071777,35217.59
2024-05-14 16:00:00,0.15104004,0.1511523,0.15037126,0.15072319,33904.95
2024-05-14 20:00:00,0.15108948,0.15118222,0.1505981,0.15067085,37206.65
2024-05-15 00:00:00,0.15072028,0.15115394,0.15033971,0.15107917,38879.26
2024-05-15 04:00:00,0.15083049,0.15115345,0.15043844,0.15060065,36223.1
2024-05-15 08:00:00,0.15109242,0.15125633,0.15059803,0.15062588,34686.43
2024-05-15 12:00:00,0.15105259,0.15157233,0.15017639,0.15114604,38570.39
2024-05-15 16:00:00,0.15107107,0.15157233,0.15017497,0.15075314,38341.37
2024-05-15 20:00:00,0.15072372,0.15132888,0.15037548,0.15098905,38056.09
2024-05-16 00:00:00,0.1506477,0.15119994,0.15054652,0.15101137,32743.97
2024-05-16 04:00:00,0.15088023,0.15141212,0.15052481,0.15091057,34324.59
2024-05-16 08:00:00,0.15083315,0.15132191,0.15054807,0.15108758,39659.43
2024-05-16 12:00:00,0.15074074,0.15157232,0.15033547,0.15081779,35327.9
2024-05-16 16:00:00,0.15117736,0.15122756,0.1505552,0.15114599,37646.92
2024-05-16 20:00:00,0.15093176,0.15129786,0.15058031,0.15109173,40323.13
2024-05-17 00:00:00,0.15073758,0.15131746,0.15047239,0.15072452,36106.38
2024-05-17 04:00:00,0.15064405,0.1508101,0.15045992,0.15074888,40474.42
2024-05-17 08:00:00,0.15055052,0.15079819,0.15041291,0.15067344,40378.41
2024-05-17 12:00:00,0.15056536,0.15082873,0.15040033,0.15062194,38160.14
2024-05-17 16:00:00,0.15074768,0.15078154,0.15052182,0.15071937,36857.08
2024-05-17 20:00:00,0.15055367,0.15076982,0.15048067,0.15073361,44211.99
2024-05-18 00:00:00,0.15075362,0.15095642,0.15017495,0.15051193,36532.58
2024-05-18 04:00:00,0.15059874,0.15095642,0.15017609,0.15050886,39229.34
2024-05-18 08:00:00,0.15071738,0.15155254,0.15017495,0.15087339,39455.24
2024-05-18 12:00:00,0.15067339,0.15134918,0.15049017,0.15110513,38439.58
2024-05-18 16:00:00,0.15083721,0.15131286,0.1505938,0.15094178,40882.47
2024-05-18 20:00:00,0.15111426,0.15130544,0.15034402,0.15096036,38244.84
2024-05-19 00:00:00,0.15076802,0.15156721,0.15017499,0.15082093,33352.25
2024-05-19 04:00:00,0.15094747,0.15115226,0.15047325,0.15105928,31761.6
2024-05-19 08:00:00,0.15067275,0.15115058,0.15041122,0.15113576,39527.26
2024-05-19 12:00:00,0.15071682,0.15156805,0.15017494,0.15112584,40537.25
2024-05-19 16:00:00,0.15113716,0.1512865,0.1504468,0.15097238,35216.28
2024-05-19 20:00:00,0.15103849,0.15116252,0.15037582,0.15112748,31902.3
2024-05-20 00:00:00,0.15106611,0.15133415,0.15036586,0.1511393,34987.08
2024-05-20 04:00:00,0.15099658,0.15115113,0.15032818,0.15060213,34778.81
2024-05-20 08:00:00,0.15099577,0.15127438,0.15033279,0.15038679,32038.84
2024-05-20 12:00:00,0.15036097,0.15115306,0.15017785,0.15110773,35810.44
2024-05-20 16:00:00,0.15104164,0.1513051,0.15059695,0.15089541,36712.73
2024-05-20 20:00:00,0.15072661,0.15121999,0.15050705,0.15094185,36992.29
2024-05-21 00:00:00,0.15109733,0.15118421,0.15045408,0.15063692,35242.77
2024-05-21 04:00:00,0.15072258,0.15092951,0.15033521,0.15067526,39658.94
2024-05-21 08:00:00,0.15089791,0.15105449,0.15037711,0.1507214,42139.15
2024-05-21 12:00:00,0.15078994,0.15125453,0.15017496,0.15069156,37115.43
2024-05-21 16:00:00,0.15059242,0.15093545,0.15017494,0.15054222,42684.36
2024-05-21 20:00:00,0.15052275,0.15079679,0.15034264,0.15054733,41545.78
2024-05-22 00:00:00,0.15051627,0.15093545,0.15017495,0.15066358,47764.5
2024-05-22 04:00:00,0.15047949,0.15070707,0.1504044,0.1504907,40470.32
2024-05-22 08:00:00,0.15042883,0.15070672,0.15030475,0.15044125,44224.35
2024-05-22 12:00:00,0.15068099,0.15125453,0.15017496,0.15076132,38097.55
2024-05-22 16:00:00,0.15090918,0.15093034,0.15039583,0.15077655,40969.62
2024-05-22 20:00:00,0.15075509,0.15100561,0.15033153,0.1507641,38274.5
2024-05-23 00:00:00,0.15063714,0.15105663,0.15045278,0.15063446,37536.42
2024-05-23 04:00:00,0.15074108,0.15109887,0.15047886,0.1509222,39405.63
2024-05-23 08:00:00,0.15065996,0.15113998,0.15046032,0.15089584,37641.86
2024-05-23 12:00:00,0.1508149,0.15113857,0.15048816,0.1507614,31228.2
2024-05-23 16:00:00,0.15060613,0.15086445,0.15043335,0.15059741,34484.83
2024-05-23 20:00:00,0.15066764,0.1508838,0.15043229,0.15062279,29702.29
2024-05-24 00:00:00,0.15078575,0.1509099,0.15042837,0.15071696,34061.91
2024-05-24 04:00:00,0.15079325,0.15080402,0.15045973,0.1505651,31589.08
2024-05-24 08:00:00,0.15072954,0.15089375,0.15044554,0.15066711,28083.35
2024-05-24 12:00:00,0.15071674,0.15086076,0.15046984,0.15063874,31317.74
2024-05-24 16:00:00,0.15070131,0.15157233,0.15034685,0.15114394,30810.68
2024-05-24 20:00:00,0.15110859,0.15132787,0.15068009,0.15114947,28504.45
2024-05-25 00:00:00,0.15113504,0.15123181,0.1504664,0.15090913,27538.68
2024-05-25 04:00:00,0.15078978,0.15108463,0.15034686,0.15090595,27710.43
2024-05-25 08:00:00,0.15075303,0.15117591,0.15055247,0.15082981,30288.55
2024-05-25 12:00:00,0.15101291,0.1511244,0.15046633,0.1507038,26269.74
2024-05-25 16:00:00,0.15100791,0.1510121,0.15045718,0.1507514,26904.47
2024-05-25 20:00:00,0.15076787,0.15108394,0.1504528,0.15085852,26487.09
2024-05-26 00:00:00,0.150715,0.15114252,0.15058902,0.15100904,33030.14
2024-05-26 04:00:00,0.15083437,0.15107356,0.15052883,0.15070638,28719.68
2024-05-26 08:00:00,0.15101463,0.15130126,0.15017495,0.15062014,31309.99
2024-05-26 12:00:00,0.15065291,0.1511289,0.15039188,0.15072928,26481.69
2024-05-26 16:00:00,0.15084423,0.15113188,0.15051321,0.15064582,29518.67
2024-05-26 20:00:00,0.15068812,0.15096313,0.15039128,0.15064946,30145.32
2024-05-27 00:00:00,0.15062106,0.1509618,0.15042424,0.15089017,31336.31
2024-05-27 04:00:00,0.15066855,0.15151682,0.15017494,0.15104195,32369.41
2024-05-27 08:00:00,0.15092376,0.15119674,0.15039648,0.15103282,32878.71
2024-05-27 12:00:00,0.15101443,0.15157234,0.15032487,0.15061043,31763.45
2024-05-27 16:00:00,0.15070007,0.15099782,0.15034616,0.15054007,32704.8
2024-05-27 20:00:00,0.15044969,0.15114276,0.15024812,0.15069612,36075.34
2024-05-28 00:00:00,0.15070596,0.15107313,0.15017497,0.15054851,35099.9
2024-05-28 04:00:00,0.15068202,0.15095259,0.1503356,0.15060396,35581.63
2024-05-28 08:00:00,0.15063322,0.15143551,0.15017496,0.15035241,35997.09
2024-05-28 12:00:00,0.15049056,0.15053636,0.15028911,0.15037142,37976.7
2024-05-28 16:00:00,0.15037751,0.15049476,0.15024298,0.1503609,36451.17
2024-05-28 20:00:00,0.1503681,0.15055037,0.15026246,0.15035198,37542.86
2024-05-29 00:00:00,0.15037193,0.15055979,0.15022304,0.15050918,37377.38
2024-05-29 04:00:00,0.15031758,0.1505133,0.15031234,0.15045065,35756.2
2024-05-29 08:00:00,0.15031932,0.15148716,0.15017494,0.15061072,35103.4
2024-05-29 12:00:00,0.15090017,0.15110308,0.15048053,0.15050001,36739.89
2024-05-29 16:00:00,0.1505188,0.15136256,0.15017494,0.15091764,35157.37
2024-05-29 20:00:00,0.15073064,0.15113408,0.15037188,0.15090237,32967.07
2024-05-30 00:00:00,0.15069791,0.15112144,0.15047735,0.150719,35125.46
2024-05-30 04:00:00,0.15077178,0.15135744,0.15017494,0.15074232,36451.92
2024-05-30 08:00:00,0.15077144,0.15112197,0.15028862,0.15063836,32729.29
2024-05-30 12:00:00,0.15062274,0.15114742,0.15035884,0.15061285,33937.39
2024-05-30 16:00:00,0.15106173,0.15117803,0.15039553,0.15083426,31926.48
2024-05-30 20:00:00,0.15075638,0.15122958,0.15030601,0.15053943,29743.85
2024-05-31 00:00:00,0.15056487,0.15121618,0.15035375,0.1505934,26193.37
2024-05-31 04:00:00,0.15047829,0.15120216,0.15042052,0.15074992,31117.07
2024-05-31 08:00:00,0.15081666,0.15154427,0.15017499,0.15058459,33995.13
2024-05-31 12:00:00,0.15048472,0.15086632,0.15039703,0.1507488,29426.55
2024-05-31 16:00:00,0.15073165,0.15076731,0.15027557,0.1506388,30036.26
2024-05-31 20:00:00,0.15065183,0.15076885,0.15028781,0.15075246,30511.19
2024-06-01 00:00:00,0.15063814,0.15088264,0.1503769,0.15060002,28918.36
2024-06-01 04:00:00,0.15045908,0.15102307,0.15017493,0.15055207,29303.17
2024-06-01 08:00:00,0.1505429,0.15068553,0.15040056,0.1505981,29243.96
2024-06-01 12:00:00,0.15061221,0.1506391,0.15043815,0.15048972,27492.24
2024-06-01 16:00:00,0.15053809,0.15102345,0.15017493,0.15059742,28815.84
2024-06-01 20:00:00,0.15047344,0.15093472,0.15031564,0.15048167,30198.2
2024-06-02 00:00:00,0.1505674,0.15157117,0.15017494,0.15062784,29068.03
2024-06-02 04:00:00,0.15057451,0.15114854,0.15033219,0.15059546,27615.25
2024-06-02 08:00:00,0.1506373,0.1512055,0.15017494,0.15063171,30040.49
2024-06-02 12:00:00,0.15080141,0.15112185,0.1504639,0.15069694,30336.46
2024-06-02 16:00:00,0.1511181,0.15112013,0.1503132,0.15086692,28997.59
2024-06-02 20:00:00,0.15079983,0.15115058,0.15038785,0.15109855,30341.87
2024-06-03 00:00:00,0.15084851,0.15127174,0.15046851,0.15073795,30261.84
2024-06-03 04:00:00,0.15103025,0.15125269,0.15038985,0.15101583,29471.67
2024-06-03 08:00:00,0.15069714,0.15136028,0.15017494,0.15085127,33986.68
2024-06-03 12:00:00,0.15072296,0.15114001,0.15036757,0.15057307,31520.46
2024-06-03 16:00:00,0.15102325,0.15123342,0.1503644,0.15085139,28458.91
2024-06-03 20:00:00,0.15107619,0.15115792,0.1502979,0.15083586,33584.27
2024-06-04 00:00:00,0.15065242,0.15114261,0.15044392,0.15053278,36151.57
2024-06-04 04:00:00,0.15089965,0.1511048,0.1504136,0.15060797,39327.45
2024-06-04 08:00:00,0.15056529,0.15120214,0.15033968,0.15074767,36320.96
2024-06-04 12:00:00,0.15092767,0.15112916,0.15042633,0.15088026,40245.24
2024-06-04 16:00:00,0.15071305,0.15129213,0.15036476,0.15081015,40847.3
2024-06-04 20:00:00,0.15094247,0.15112752,0.15042235,0.15064211,40368.74
2024-06-05 00:00:00,0.15091514,0.15112236,0.15034102,0.15082431,38920.31
2024-06-05 04:00:00,0.150868,0.15134619,0.15017494,0.15049708,42749.95
2024-06-05 08:00:00,0.15065116,0.15123357,0.15038087,0.15105992,37896.43
2024-06-05 12:00:00,0.15088302,0.15118999,0.15041299,0.1506709,39021.75
2024-06-05 16:00:00,0.15093425,0.15115944,0.15033082,0.15064743,38470.91
2024-06-05 20:00:00,0.15058662,0.15127313,0.15052889,0.15068626,39225.26
2024-06-06 00:00:00,0.15062427,0.15118273,0.15048812,0.15090395,39087.07
2024-06-06 04:00:00,0.15091484,0.15116677,0.15053558,0.15085612,41010.71
2024-06-06 08:00:00,0.15065528,0.15130252,0.15056797,0.15105513,38286.17
2024-06-06 12:00:00,0.15085944,0.15121865,0.15064177,0.15091324,35890.5
2024-06-06 16:00:00,0.15091324,0.15128134,0.1506323,0.15094816,26390.25
2024-06-06 20:00:00,0.15085609,0.15230024,0.15033547,0.15101565,24084.41
2024-06-07 00:00:00,0.15119098,0.15230293,0.15087656,0.15200633,30595.23
2024-06-07 04:00:00,0.15183542,0.15218757,0.1508348,0.15151046,28047.17
2024-06-07 08:00:00,0.15135958,0.15224878,0.15086863,0.1515276,23864.43
2024-06-07 12:00:00,0.15194662,0.15230916,0.1508492,0.15100396,29223.11
2024-06-07 16:00:00,0.15144447,0.15241953,0.15086997,0.1510427,27099.07
2024-06-07 20:00:00,0.15128668,0.15215781,0.15092103,0.15215781,30621.99
2024-06-08 00:00:00,0.1520273,0.15221742,0.15064132,0.15123363,31546.88
2024-06-08 04:00:00,0.15117225,0.15227272,0.15033547,0.15150069,33736.64
2024-06-08 08:00:00,0.15142189,0.15226458,0.15091228,0.15203035,31712.33
2024-06-08 12:00:00,0.15192941,0.15227513,0.15045274,0.15156414,27094.93
2024-06-08 16:00:00,0.15159366,0.15228375,0.15086503,0.15128235,34413.86
2024-06-08 20:00:00,0.15181867,0.151952,0.15082582,0.15152044,32502.4
2024-06-09 00:00:00,0.15138912,0.15219737,0.15058805,0.15147897,30339.55
2024-06-09 04:00:00,0.15161088,0.15213688,0.15033552,0.15123747,27060.85
2024-06-09 08:00:00,0.15135982,0.15150846,0.15107803,0.15108338,28786.98
2024-06-09 12:00:00,0.15117317,0.15150731,0.15107854,0.15149481,30229.13
2024-06-09 16:00:00,0.15143122,0.15150873,0.15107819,0.15123161,28631.51
2024-06-09 20:00:00,0.15137383,0.15150526,0.15107853,0.15136825,24915.93
2024-06-10 00:00:00,0.15123098,0.15150864,0.15108254,0.15117943,23890.44
2024-06-10 04:00:00,0.15133826,0.15150539,0.15107811,0.15138987,24912.79
2024-06-10 08:00:00,0.15132712,0.15183245,0.15075466,0.1514673,21697.41
2024-06-10 12:00:00,0.15115475,0.15183245,0.15075466,0.15120956,21855.19
2024-06-10 16:00:00,0.1514956,0.15150847,0.15108722,0.1514616,19598.5
2024-06-10 20:00:00,0.15142727,0.15150843,0.15107991,0.15126374,23353.79
2024-06-11 00:00:00,0.15132717,0.1515077,0.15108064,0.15115957,19965.12
2024-06-11 04:00:00,0.1514585,0.15150899,0.15107921,0.1513049,18019.97
2024-06-11 08:00:00,0.15140157,0.15150802,0.15107852,0.15136348,20135.33
2024-06-11 12:00:00,0.15137251,0.15150848,0.15107883,0.1513498,19295.85
2024-06-11 16:00:00,0.15121671,0.15150849,0.15080829,0.15084798,17486.33
2024-06-11 20:00:00,0.15081512,0.15087789,0.15080848,0.15086815,19804.59
2024-06-12 00:00:00,0.15086175,0.15087941,0.15076026,0.15079026,22034.57
2024-06-12 04:00:00,0.15077052,0.15079435,0.15075916,0.15076378,26929.89
2024-06-12 08:00:00,0.15079247,0.15079415,0.15075639,0.15076453,28636.14
2024-06-12 12:00:00,0.15076395,0.15099677,0.15075515,0.15075759,29055.83
2024-06-12 16:00:00,0.15075667,0.15075903,0.15075515,0.15075743,30287.86
2024-06-12 20:00:00,0.15075838,0.15075904,0.15075514,0.15075515,32846.18
2024-06-13 00:00:00,0.1507556,0.15094324,0.15075522,0.15078066,33456.21
2024-06-13 04:00:00,0.1508275,0.15088105,0.15077002,0.15081871,27159.02
2024-06-13 08:00:00,0.15080749,0.15123515,0.15075465,0.150962,36568.44
2024-06-13 12:00:00,0.15120522,0.15130782,0.15081141,0.15093753,23748.04
2024-06-13 16:00:00,0.15117609,0.15129429,0.15090358,0.1510892,39937.21
2024-06-13 20:00:00,0.15092764,0.15129413,0.15090411,0.15093018,31942.42
2024-06-14 00:00:00,0.15120035,0.15129432,0.15090417,0.15114616,32047.4
2024-06-14 04:00:00,0.15103582,0.15129401,0.15090363,0.15106297,38660.19
2024-06-14 08:00:00,0.15127664,0.15129159,0.15090409,0.15096416,33153.96
2024-06-14 12:00:00,0.15090518,0.15129434,0.15090411,0.1512015,32434.99
2024-06-14 16:00:00,0.15109855,0.15129397,0.15090352,0.15106355,32073.15
2024-06-14 20:00:00,0.15098703,0.15129396,0.15090646,0.15120558,30947.4
2024-06-15 00:00:00,0.1512543,0.15129338,0.1509073,0.15103428,25764.53
2024-06-15 04:00:00,0.15096058,0.15129336,0.15087006,0.1509413,24988.93
2024-06-15 08:00:00,0.15097977,0.15099041,0.15086982,0.15094496,29944.42
2024-06-15 12:00:00,0.15097427,0.15115639,0.15087047,0.15098052,26245.21
2024-06-15 16:00:00,0.15090474,0.15106359,0.1508786,0.15098355,21442.41
2024-06-15 20:00:00,0.15102655,0.15106471,0.15087989,0.15095867,24150.52
2024-06-16 00:00:00,0.15101192,0.15106085,0.15004213,0.15086095,23421.08
2024-06-16 04:00:00,0.15073491,0.15088683,0.15057219,0.15084671,20296.43
2024-06-16 08:00:00,0.15066033,0.15088362,0.15057291,0.15057626,21376.15
2024-06-16 12:00:00,0.15078599,0.15088689,0.1505757,0.15064744,21033.71
2024-06-16 16:00:00,0.15084559,0.15088614,0.15057369,0.15075491,20326.74
2024-06-16 20:00:00,0.15073058,0.15132152,0.15043243,0.15079158,18427.82
2024-06-17 00:00:00,0.15068189,0.15083178,0.15047735,0.15080979,20632.96
2024-06-17 04:00:00,0.15049557,0.1510925,0.15047867,0.15065141,17665.3
2024-06-17 08:00:00,0.15067421,0.15083204,0.15047707,0.15069003,18563.14
2024-06-17 12:00:00,0.15068312,0.1508311,0.15047699,0.1505922,18821.83
2024-06-17 16:00:00,0.15063558,0.15083017,0.15047723,0.15062107,20038.65
2024-06-17 20:00:00,0.15071572,0.15083248,0.15047769,0.15065419,17366.03
2024-06-18 00:00:00,0.15066347,0.15083239,0.15048047,0.1507455,19491.37
2024-06-18 04:00:00,0.15081467,0.15082965,0.15047767,0.15069483,22345.53
2024-06-18 08:00:00,0.15058887,0.15082953,0.15048185,0.15065404,21363.88
2024-06-18 12:00:00,0.15069127,0.15083108,0.15047761,0.15063818,20675.48
2024-06-18 16:00:00,0.15058354,0.15083215,0.15047714,0.15056529,22137.01
2024-06-18 20:00:00,0.15070968,0.15083242,0.15047831,0.15059806,28651.58
2024-06-19 00:00:00,0.15051856,0.15083098,0.15047777,0.15061219,26585.33
2024-06-19 04:00:00,0.15063398,0.15083052,0.15047844,0.15068995,28937.88
2024-06-19 08:00:00,0.15061509,0.15083171,0.1504798,0.15081099,31185.21
2024-06-19 12:00:00,0.15066697,0.15083231,0.1504787,0.1507466,29266.65
2024-06-19 16:00:00,0.15069524,0.15083183,0.15048031,0.1505267,33026.2
2024-06-19 20:00:00,0.15072218,0.15083071,0.15047799,0.15077784,29577.08
2024-06-20 00:00:00,0.15061592,0.151321,0.15043213,0.15078311,32636.31
2024-06-20 04:00:00,0.15057357,0.15083104,0.15047741,0.15059698,30763.33
2024-06-20 08:00:00,0.15080517,0.15083233,0.15047841,0.15055095,34411.02
2024-06-20 12:00:00,0.15061578,0.15083202,0.15047681,0.15057431,33526.47
2024-06-20 16:00:00,0.15069256,0.15098238,0.15048238,0.15097288,34357.18
2024-06-20 20:00:00,0.15086324,0.15098506,0.15074081,0.15094126,33585.07
2024-06-21 00:00:00,0.15089515,0.15098494,0.14954654,0.15001353,35186.22
2024-06-21 04:00:00,0.14968495,0.15094978,0.14953213,0.15003632,36048.14
2024-06-21 08:00:00,0.14994575,0.15036308,0.14953289,0.14987583,35040.71
2024-06-21 12:00:00,0.14969258,0.15033651,0.14953425,0.14991948,33863.48
2024-06-21 16:00:00,0.14964959,0.15041373,0.14954456,0.14988399,31929.77
2024-06-21 20:00:00,0.1498349,0.15039065,0.14962249,0.14993206,34895.07
2024-06-22 00:00:00,0.15016313,0.15041863,0.14962028,0.15003901,31058.97
2024-06-22 04:00:00,0.14992408,0.15040076,0.14961402,0.14973089,29030.93
2024-06-22 08:00:00,0.14967242,0.15081245,0.1496118,0.15053921,29888.68
2024-06-22 12:00:00,0.15073082,0.15102556,0.14953213,0.14969872,29423.38
2024-06-22 16:00:00,0.14969872,0.15047589,0.14976085,0.15001837,21382.0
2024-06-22 20:00:00,0.1498039,0.1504565,0.1497757,0.1502716,27039.67
2024-06-23 00:00:00,0.14986815,0.15041463,0.14977068,0.15040688,23912.1
2024-06-23 04:00:00,0.14984633,0.15048044,0.149784,0.15027765,25616.4
2024-06-23 08:00:00,0.14982515,0.15045589,0.1497815,0.15013389,27334.95
2024-06-23 12:00:00,0.15007648,0.15072718,0.14976905,0.1506701,24030.03
2024-06-23 16:00:00,0.15033694,0.15072923,0.15030089,0.15055835,20791.66
2024-06-23 20:00:00,0.15067376,0.15072823,0.15030341,0.15045128,24902.62
2024-06-24 00:00:00,0.15043905,0.15072592,0.15024544,0.15038245,25716.7
2024-06-24 04:00:00,0.15045703,0.15085454,0.15007618,0.15014774,24982.18
2024-06-24 08:00:00,0.15015256,0.15085453,0.15002346,0.15006677,25376.33
2024-06-24 12:00:00,0.15015411,0.1503889,0.15005795,0.15037722,22856.69
2024-06-24 16:00:00,0.15012541,0.15039256,0.15005864,0.15014162,20999.77
2024-06-24 20:00:00,0.15027984,0.15039262,0.150058,0.15039262,25487.54
2024-06-25 00:00:00,0.15026118,0.15132151,0.15006041,0.15059419,27374.4
2024-06-25 04:00:00,0.15069597,0.15078917,0.15040614,0.15052081,22445.32
2024-06-25 08:00:00,0.15045937,0.15078961,0.15030812,0.15035178,21889.7
2024-06-25 12:00:00,0.150408,0.15167154,0.1498894,0.15027701,25583.19
2024-06-25 16:00:00,0.15020503,0.15174389,0.14976329,0.15061238,27816.73
2024-06-25 20:00:00,0.15052707,0.15093635,0.15024361,0.15062284,27096.38
2024-06-26 00:00:00,0.15036078,0.15090075,0.15023821,0.1506513,27184.26
2024-06-26 04:00:00,0.15080205,0.150923,0.15022842,0.15070842,27363.13
2024-06-26 08:00:00,0.1505279,0.1509232,0.15024467,0.15086299,28663.86
2024-06-26 12:00:00,0.15059146,0.15102342,0.1501905,0.1501992,30661.97
2024-06-26 16:00:00,0.15027077,0.15054038,0.15018956,0.1503009,28165.99
2024-06-26 20:00:00,0.15020383,0.15053998,0.15018972,0.15046187,29703.11
2024-06-27 00:00:00,0.15037138,0.15053781,0.15018999,0.15053493,31866.72
2024-06-27 04:00:00,0.15041291,0.15054015,0.15018967,0.15027563,30826.37
2024-06-27 08:00:00,0.15035149,0.15087645,0.15019148,0.15033704,30086.96
2024-06-27 12:00:00,0.15028027,0.15053904,0.15008187,0.15025779,25543.24
2024-06-27 16:00:00,0.15012115,0.15047818,0.15008185,0.15040411,33395.75
2024-06-27 20:00:00,0.15036333,0.1504763,0.15008191,0.15034299,35571.4
2024-06-28 00:00:00,0.1502261,0.15052823,0.15008369,0.1501848,32061.2
2024-06-28 04:00:00,0.15045251,0.15047688,0.15008286,0.15023338,33893.84
2024-06-28 08:00:00,0.15034972,0.15047808,0.15008412,0.15017876,30534.26
2024-06-28 12:00:00,0.15024377,0.15047742,0.15001197,0.1501305,31866.21
2024-06-28 16:00:00,0.15022435,0.15043516,0.15001022,0.15031972,32878.91
2024-06-28 20:00:00,0.15017593,0.150433,0.15001244,0.1501494,32764.61
2024-06-29 00:00:00,0.15013389,0.15043617,0.15001059,0.15042174,30328.86
2024-06-29 04:00:00,0.15001458,0.15082646,0.15000561,0.15001841,30949.73
2024-06-29 08:00:00,0.15015561,0.15063624,0.14995646,0.150622,30595.98
2024-06-29 12:00:00,0.15049676,0.15063726,0.15035667,0.15054129,27185.57
2024-06-29 16:00:00,0.1505849,0.1506353,0.1503567,0.1506184,28422.37
2024-06-29 20:00:00,0.15063144,0.1506364,0.15035648,0.15062751,32669.16
2024-06-30 00:00:00,0.15054728,0.15063701,0.1503571,0.15039185,25029.03
2024-06-30 04:00:00,0.15037711,0.15063491,0.14968398,0.15022527,27561.42
2024-06-30 08:00:00,0.15013159,0.15102343,0.14975288,0.15068984,31225.35
2024-06-30 12:00:00,0.15034239,0.15069626,0.15030292,0.15060834,24303.22
2024-06-30 16:00:00,0.15066411,0.15124564,0.15029863,0.15058326,24847.01
2024-06-30 20:00:00,0.15051242,0.15073765,0.15030383,0.15057274,26677.29
2024-07-01 00:00:00,0.15037831,0.15133167,0.15024857,0.15036198,25779.1
2024-07-01 04:00:00,0.15043063,0.15073769,0.15030432,0.15036566,24722.65
2024-07-01 08:00:00,0.15059097,0.15073817,0.15030311,0.15048794,26969.98
2024-07-01 12:00:00,0.15055806,0.15073483,0.15030624,0.15070679,3393.52
