timestamp,open,high,low,close,volume
2022-08-03 12:00:00,0.04,0.04769,0.04,0.04759,222202.0
2022-08-03 16:00:00,0.04759,0.04759,0.04602,0.04621,67884.0
2022-08-03 20:00:00,0.04621,0.04639,0.04593,0.04593,19727.0
2022-08-04 00:00:00,0.04593,0.04928,0.04593,0.04593,307532.0
2022-08-04 04:00:00,0.04593,0.04657,0.04441,0.04441,11520.0
2022-08-04 08:00:00,0.04441,0.04501,0.04441,0.04501,200026.0
2022-08-04 12:00:00,0.04501,0.04521,0.04494,0.04494,42571.0
2022-08-04 16:00:00,0.04494,0.04494,0.04407,0.04407,19401.0
2022-08-04 20:00:00,0.04407,0.04409,0.04391,0.04391,6987.0
2022-08-05 00:00:00,0.04391,0.04391,0.04391,0.04391,0.0
2022-08-05 04:00:00,0.04391,0.04804,0.04383,0.04436,236797.0
2022-08-05 08:00:00,0.04436,0.04441,0.04423,0.04423,4896.0
2022-08-05 12:00:00,0.04423,0.04423,0.04423,0.04423,0.0
2022-08-05 16:00:00,0.04423,0.04427,0.04423,0.04427,952.0
2022-08-05 20:00:00,0.04427,0.04427,0.04406,0.04406,895.0
2022-08-06 00:00:00,0.04406,0.04455,0.04406,0.04455,895.0
2022-08-06 04:00:00,0.04455,0.04494,0.04455,0.04494,9476.0
2022-08-06 08:00:00,0.04494,0.04529,0.04494,0.04529,574.0
2022-08-06 12:00:00,0.04529,0.04538,0.0452,0.0452,293.0
2022-08-06 16:00:00,0.0452,0.04577,0.0452,0.04559,29001.0
2022-08-06 20:00:00,0.04559,0.04559,0.04559,0.04559,0.0
2022-08-07 00:00:00,0.04559,0.04559,0.04559,0.04559,0.0
2022-08-07 04:00:00,0.04559,0.04563,0.04545,0.04545,22147.0
2022-08-07 08:00:00,0.04545,0.04545,0.04481,0.04481,33914.0
2022-08-07 12:00:00,0.04481,0.04536,0.04481,0.04516,116803.0
2022-08-07 16:00:00,0.04516,0.04531,0.04516,0.04531,88954.0
2022-08-07 20:00:00,0.04531,0.04531,0.04474,0.04474,1541.0
2022-08-08 00:00:00,0.04474,0.04474,0.04474,0.04474,0.0
2022-08-08 04:00:00,0.04474,0.04501,0.04474,0.04501,230.0
2022-08-08 08:00:00,0.04501,0.04501,0.04501,0.04501,0.0
2022-08-08 12:00:00,0.04501,0.04514,0.04501,0.04514,154.0
2022-08-08 16:00:00,0.04514,0.04514,0.04514,0.04514,0.0
2022-08-08 20:00:00,0.04514,0.04519,0.04447,0.04519,3231.0
2022-08-09 00:00:00,0.04519,0.04519,0.04519,0.04519,0.0
2022-08-09 04:00:00,0.04519,0.0453,0.04503,0.0453,15338.0
2022-08-09 08:00:00,0.0453,0.0453,0.04485,0.04512,92542.0
2022-08-09 12:00:00,0.04512,0.0453,0.04467,0.0453,33055.0
2022-08-09 16:00:00,0.0453,0.0453,0.04419,0.04419,6972.0
2022-08-09 20:00:00,0.04419,0.04419,0.04395,0.04395,10575.0
2022-08-10 00:00:00,0.04395,0.04395,0.04395,0.04395,0.0
2022-08-10 04:00:00,0.04395,0.04395,0.04395,0.04395,0.0
2022-08-10 08:00:00,0.04395,0.04395,0.0437,0.0437,42795.0
2022-08-10 12:00:00,0.0437,0.0437,0.0437,0.0437,0.0
2022-08-10 16:00:00,0.0437,0.04517,0.0437,0.04517,674.0
2022-08-10 20:00:00,0.04517,0.04517,0.04499,0.04499,1104.0
2022-08-11 00:00:00,0.04499,0.04499,0.04484,0.04484,18443.0
2022-08-11 04:00:00,0.04484,0.04499,0.04484,0.04499,18655.0
2022-08-11 08:00:00,0.04499,0.04499,0.04499,0.04499,0.0
2022-08-11 12:00:00,0.04499,0.04499,0.0445,0.0445,9782.0
2022-08-11 16:00:00,0.0445,0.0445,0.0445,0.0445,0.0
2022-08-11 20:00:00,0.0445,0.0445,0.04419,0.04419,332.0
2022-08-12 00:00:00,0.04419,0.04444,0.04419,0.04444,20075.0
2022-08-12 04:00:00,0.04444,0.04444,0.04428,0.04428,26534.0
2022-08-12 08:00:00,0.04428,0.04428,0.04428,0.04428,0.0
2022-08-12 12:00:00,0.04428,0.04428,0.04428,0.04428,0.0
2022-08-12 16:00:00,0.04428,0.04428,0.04428,0.04428,0.0
2022-08-12 20:00:00,0.04428,0.04498,0.04419,0.04493,7165.0
2022-08-13 00:00:00,0.04493,0.04493,0.04493,0.04493,7840.0
2022-08-13 04:00:00,0.04493,0.04493,0.04475,0.04475,7838.0
2022-08-13 08:00:00,0.04475,0.04475,0.04475,0.04475,0.0
2022-08-13 12:00:00,0.04475,0.04594,0.04475,0.04594,16652.0
2022-08-13 16:00:00,0.04594,0.04594,0.0453,0.04589,19726.0
2022-08-13 20:00:00,0.04589,0.04589,0.04589,0.04589,0.0
2022-08-14 00:00:00,0.04589,0.05399,0.04589,0.05245,480957.0
2022-08-14 04:00:00,0.05245,0.05374,0.04734,0.04734,399727.0
2022-08-14 08:00:00,0.04734,0.04949,0.04734,0.04909,1550000.0
2022-08-14 12:00:00,0.04909,0.05083,0.04909,0.04926,87887.0
2022-08-14 16:00:00,0.04926,0.04947,0.04926,0.04947,234.0
2022-08-14 20:00:00,0.04947,0.04947,0.04842,0.04842,450.0
2022-08-15 00:00:00,0.04842,0.04842,0.04842,0.04842,0.0
2022-08-15 04:00:00,0.04842,0.04842,0.04646,0.04753,30296.0
2022-08-15 08:00:00,0.04753,0.04753,0.0466,0.04711,31093266.0
2022-08-15 12:00:00,0.04711,0.04711,0.04577,0.04577,39275797.0
2022-08-15 16:00:00,0.04577,0.04656,0.04577,0.04619,20855.0
2022-08-15 20:00:00,0.04619,0.04619,0.04619,0.04619,0.0
2022-08-16 00:00:00,0.04619,0.04715,0.04619,0.04715,3538.0
2022-08-16 04:00:00,0.04715,0.04715,0.04664,0.04664,18305.0
2022-08-16 08:00:00,0.04664,0.04664,0.04641,0.04641,17624.0
2022-08-16 12:00:00,0.04641,0.04641,0.04641,0.04641,0.0
2022-08-16 16:00:00,0.04641,0.04641,0.04641,0.04641,0.0
2022-08-16 20:00:00,0.04641,0.04641,0.0443,0.0445,65857415.0
2022-08-17 00:00:00,0.0445,0.04452,0.0445,0.04452,10090314.0
2022-08-17 04:00:00,0.04452,0.04452,0.04452,0.04452,0.0
2022-08-17 08:00:00,0.04452,0.04452,0.04452,0.04452,0.0
2022-08-17 12:00:00,0.04452,0.04452,0.04452,0.04452,0.0
2022-08-17 16:00:00,0.04452,0.04452,0.04452,0.04452,0.0
2022-08-17 20:00:00,0.04452,0.04452,0.04452,0.04452,0.0
2022-08-18 00:00:00,0.04452,0.04452,0.01988,0.01988,1169.0
2022-08-18 04:00:00,0.01988,0.046,0.01988,0.04529,360789.0
2022-08-18 08:00:00,0.04529,0.04631,0.04,0.04392,428696.0
2022-08-18 12:00:00,0.04392,0.04395,0.04392,0.04395,2114.0
2022-08-18 16:00:00,0.04395,0.04395,0.04395,0.04395,0.0
2022-08-18 20:00:00,0.04395,0.04395,0.04395,0.04395,0.0
2022-08-19 00:00:00,0.04395,0.04395,0.0421,0.0421,6184.0
2022-08-19 04:00:00,0.0421,0.04266,0.04141,0.04141,27182.0
2022-08-19 08:00:00,0.04141,0.04141,0.04141,0.04141,0.0
2022-08-19 12:00:00,0.04141,0.04141,0.04141,0.04141,0.0
2022-08-19 16:00:00,0.04141,0.04141,0.04038,0.04038,3834.0
2022-08-19 20:00:00,0.04038,0.04038,0.03981,0.03981,4003.0
2022-08-20 00:00:00,0.03981,0.03981,0.03981,0.03981,0.0
2022-08-20 04:00:00,0.03981,0.03995,0.03981,0.03995,3820.0
2022-08-20 08:00:00,0.03995,0.03995,0.03995,0.03995,3373.0
2022-08-20 12:00:00,0.03995,0.04107,0.03995,0.04107,21037.0
2022-08-20 16:00:00,0.04107,0.04107,0.04107,0.04107,0.0
2022-08-20 20:00:00,0.04107,0.04107,0.04042,0.04042,313.0
2022-08-21 00:00:00,0.04042,0.04042,0.04042,0.04042,0.0
2022-08-21 04:00:00,0.04042,0.04042,0.04042,0.04042,0.0
2022-08-21 08:00:00,0.04042,0.04114,0.04042,0.04114,3717.0
2022-08-21 12:00:00,0.04114,0.04114,0.04114,0.04114,3309.0
2022-08-21 16:00:00,0.04114,0.04114,0.04114,0.04114,0.0
2022-08-21 20:00:00,0.04114,0.04114,0.04114,0.04114,0.0
2022-08-22 00:00:00,0.04114,0.04114,0.04114,0.04114,0.0
2022-08-22 04:00:00,0.04114,0.04549,0.04114,0.04549,910.0
2022-08-22 08:00:00,0.04549,0.04549,0.04182,0.04182,1001.0
2022-08-22 12:00:00,0.04182,0.04182,0.04182,0.04182,0.0
2022-08-22 16:00:00,0.04182,0.04182,0.04182,0.04182,0.0
2022-08-22 20:00:00,0.04182,0.04182,0.04158,0.04158,243.0
2022-08-23 00:00:00,0.04158,0.04158,0.04158,0.04158,0.0
2022-08-23 04:00:00,0.04158,0.04158,0.04158,0.04158,0.0
2022-08-23 08:00:00,0.04158,0.04158,0.04158,0.04158,0.0
2022-08-23 12:00:00,0.04158,0.04158,0.04158,0.04158,0.0
2022-08-23 16:00:00,0.04158,0.04292,0.04158,0.04292,220.0
2022-08-23 20:00:00,0.04292,0.04354,0.0427,0.04354,7189.0
2022-08-24 00:00:00,0.04354,0.04412,0.04291,0.04411,16744.0
2022-08-24 04:00:00,0.04411,0.04411,0.04338,0.04338,1611.0
2022-08-24 08:00:00,0.04338,0.04338,0.04313,0.04317,544.0
2022-08-24 12:00:00,0.04317,0.04358,0.04317,0.04358,3728.0
2022-08-24 16:00:00,0.04358,0.04358,0.04358,0.04358,0.0
2022-08-24 20:00:00,0.04358,0.04358,0.04358,0.04358,0.0
2022-08-25 00:00:00,0.04358,0.04358,0.04358,0.04358,0.0
2022-08-25 04:00:00,0.04358,0.04358,0.04358,0.04358,0.0
2022-08-25 08:00:00,0.04358,0.04358,0.04224,0.04263,7440.0
2022-08-25 12:00:00,0.04263,0.04263,0.04263,0.04263,0.0
2022-08-25 16:00:00,0.04263,0.05042,0.04263,0.05042,97712.0
2022-08-25 20:00:00,0.05042,0.05136,0.05042,0.05087,480.0
2022-08-26 00:00:00,0.05087,0.05638,0.0508,0.05638,76300.0
2022-08-26 04:00:00,0.05638,0.05685,0.05429,0.05527,8501.0
2022-08-26 08:00:00,0.05527,0.05527,0.05309,0.05309,2876.0
2022-08-26 12:00:00,0.05309,0.05491,0.04953,0.04953,66690.0
2022-08-26 16:00:00,0.04953,0.04953,0.04953,0.04953,0.0
2022-08-26 20:00:00,0.04953,0.04953,0.04633,0.04633,390.0
2022-08-27 00:00:00,0.04633,0.04633,0.04633,0.04633,0.0
2022-08-27 04:00:00,0.04633,0.04633,0.04633,0.04633,0.0
2022-08-27 08:00:00,0.04633,0.04794,0.04633,0.04794,3191.0
2022-08-27 12:00:00,0.04794,0.04843,0.04782,0.04799,3726.0
2022-08-27 16:00:00,0.04799,0.04799,0.04796,0.04796,5652.0
2022-08-27 20:00:00,0.04796,0.04802,0.04796,0.04802,1110.0
2022-08-28 00:00:00,0.04802,0.04857,0.04802,0.04857,2333.0
2022-08-28 04:00:00,0.04857,0.04857,0.04756,0.04756,5611.0
2022-08-28 08:00:00,0.04756,0.04756,0.04756,0.04756,0.0
2022-08-28 12:00:00,0.04756,0.04756,0.04756,0.04756,0.0
2022-08-28 16:00:00,0.04756,0.04756,0.04569,0.04569,1598.0
2022-08-28 20:00:00,0.04569,0.04569,0.04522,0.04522,142.0
2022-08-29 00:00:00,0.04522,0.04528,0.04503,0.04503,479.0
2022-08-29 04:00:00,0.04503,0.04517,0.045,0.045,1546.0
2022-08-29 08:00:00,0.045,0.045,0.04476,0.04476,467.0
2022-08-29 12:00:00,0.04476,0.04535,0.04476,0.04535,138.0
2022-08-29 16:00:00,0.04535,0.04535,0.04535,0.04535,0.0
2022-08-29 20:00:00,0.04535,0.04562,0.04535,0.04562,162.0
2022-08-30 00:00:00,0.04562,0.04623,0.04562,0.04592,1436.0
2022-08-30 04:00:00,0.04592,0.04592,0.04507,0.04507,1181.0
2022-08-30 08:00:00,0.04507,0.04507,0.04501,0.04501,897.0
2022-08-30 12:00:00,0.04501,0.04501,0.04308,0.04308,39205.0
2022-08-30 16:00:00,0.04308,0.04308,0.04135,0.04135,357.0
2022-08-30 20:00:00,0.04135,0.04151,0.04104,0.04142,11236.0
2022-08-31 00:00:00,0.04142,0.04142,0.04142,0.04142,122.0
2022-08-31 04:00:00,0.04142,0.04142,0.04142,0.04142,0.0
2022-08-31 08:00:00,0.04142,0.04153,0.04142,0.04153,2119.0
2022-08-31 12:00:00,0.04153,0.04153,0.04153,0.04153,0.0
2022-08-31 16:00:00,0.04153,0.04153,0.04153,0.04153,0.0
2022-08-31 20:00:00,0.04153,0.04153,0.04153,0.04153,0.0
2022-09-01 00:00:00,0.04153,0.04343,0.04153,0.04343,142.0
2022-09-01 04:00:00,0.04343,0.04343,0.04343,0.04343,0.0
2022-09-01 08:00:00,0.04343,0.04343,0.04343,0.04343,0.0
2022-09-01 12:00:00,0.04343,0.04372,0.04343,0.04372,147.0
2022-09-01 16:00:00,0.04372,0.04372,0.04372,0.04372,0.0
2022-09-01 20:00:00,0.04372,0.04372,0.04372,0.04372,0.0
2022-09-02 00:00:00,0.04372,0.04372,0.04372,0.04372,0.0
2022-09-02 04:00:00,0.04372,0.04372,0.04372,0.04372,0.0
2022-09-02 08:00:00,0.04372,0.04372,0.04372,0.04372,0.0
2022-09-02 12:00:00,0.04372,0.04372,0.04372,0.04372,0.0
2022-09-02 16:00:00,0.04372,0.04372,0.04372,0.04372,0.0
2022-09-02 20:00:00,0.04372,0.04372,0.04372,0.04372,0.0
2022-09-03 00:00:00,0.04372,0.04372,0.04171,0.04171,208.0
2022-09-03 04:00:00,0.04171,0.04171,0.04113,0.04113,130.0
2022-09-03 08:00:00,0.04113,0.04132,0.04113,0.04132,153.0
2022-09-03 12:00:00,0.04132,0.04132,0.04132,0.04132,221.0
2022-09-03 16:00:00,0.04132,0.04132,0.04067,0.04127,7236.0
2022-09-03 20:00:00,0.04127,0.04127,0.04127,0.04127,0.0
2022-09-04 00:00:00,0.04127,0.04127,0.03901,0.03901,7358.0
2022-09-04 04:00:00,0.03901,0.04103,0.03901,0.04054,1298.0
2022-09-04 08:00:00,0.04054,0.04054,0.04028,0.04044,2384.0
2022-09-04 12:00:00,0.04044,0.04052,0.04044,0.04049,2742.0
2022-09-04 16:00:00,0.04049,0.04076,0.04049,0.04076,1594.0
2022-09-04 20:00:00,0.04076,0.04077,0.04062,0.04062,1331.0
2022-09-05 00:00:00,0.04062,0.04062,0.04062,0.04062,1590.0
2022-09-05 04:00:00,0.04062,0.04065,0.0404,0.0404,2121.0
2022-09-05 08:00:00,0.0404,0.0404,0.04031,0.04031,2083.0
2022-09-05 12:00:00,0.04031,0.04113,0.04031,0.04113,1782.0
2022-09-05 16:00:00,0.04113,0.04113,0.04048,0.04053,1730.0
2022-09-05 20:00:00,0.04053,0.04053,0.04011,0.04011,1524.0
2022-09-06 00:00:00,0.04011,0.04112,0.04011,0.0404,2661.0
2022-09-06 04:00:00,0.0404,0.04041,0.0404,0.04041,2050.0
2022-09-06 08:00:00,0.04041,0.04085,0.04041,0.04084,1631.0
2022-09-06 12:00:00,0.04084,0.04085,0.04057,0.04057,1440.0
2022-09-06 16:00:00,0.04057,0.04057,0.03885,0.03901,1589.0
2022-09-06 20:00:00,0.03901,0.03904,0.0385,0.03904,1459.0
2022-09-07 00:00:00,0.03904,0.03904,0.03762,0.03762,3109.0
2022-09-07 04:00:00,0.03762,0.03812,0.03762,0.03789,1633.0
2022-09-07 08:00:00,0.03789,0.03815,0.03755,0.03755,1945.0
2022-09-07 12:00:00,0.03755,0.03821,0.03755,0.03821,2304.0
2022-09-07 16:00:00,0.03821,0.03924,0.03821,0.03924,1734.0
2022-09-07 20:00:00,0.03924,0.03993,0.03924,0.03961,1714.0
2022-09-08 00:00:00,0.03961,0.04004,0.03948,0.04004,1831.0
2022-09-08 04:00:00,0.04004,0.04051,0.03948,0.03948,1701.0
2022-09-08 08:00:00,0.03948,0.03948,0.03948,0.03948,1696.0
2022-09-08 12:00:00,0.03948,0.03955,0.03929,0.03955,2136.0
2022-09-08 16:00:00,0.03955,0.03955,0.03918,0.03918,1783.0
2022-09-08 20:00:00,0.03918,0.03918,0.03918,0.03918,1611.0
2022-09-09 00:00:00,0.03918,0.03934,0.03915,0.03934,2310.0
2022-09-09 04:00:00,0.03934,0.03967,0.03915,0.03967,917.0
2022-09-09 08:00:00,0.03967,0.03967,0.03967,0.03967,0.0
2022-09-09 12:00:00,0.03967,0.03967,0.03967,0.03967,0.0
2022-09-09 16:00:00,0.03967,0.03967,0.03967,0.03967,0.0
2022-09-09 20:00:00,0.03967,0.03967,0.03967,0.03967,0.0
2022-09-10 00:00:00,0.03967,0.03967,0.03967,0.03967,0.0
2022-09-10 04:00:00,0.03967,0.03967,0.03967,0.03967,0.0
2022-09-10 08:00:00,0.03967,0.04112,0.03967,0.04112,184.0
2022-09-10 12:00:00,0.04112,0.04112,0.04112,0.04112,0.0
2022-09-10 16:00:00,0.04112,0.04112,0.04112,0.04112,0.0
2022-09-10 20:00:00,0.04112,0.04112,0.04112,0.04112,0.0
2022-09-11 00:00:00,0.04112,0.04112,0.04112,0.04112,0.0
2022-09-11 04:00:00,0.04112,0.04112,0.04112,0.04112,0.0
2022-09-11 08:00:00,0.04112,0.04112,0.04053,0.04058,1165.0
2022-09-11 12:00:00,0.04058,0.04058,0.03996,0.0402,1250.0
2022-09-11 16:00:00,0.0402,0.0402,0.04014,0.04014,625.0
2022-09-11 20:00:00,0.04014,0.04047,0.04014,0.04038,782.0
2022-09-12 00:00:00,0.04038,0.04063,0.04037,0.0405,680.0
2022-09-12 04:00:00,0.0405,0.0405,0.04011,0.04032,1029.0
2022-09-12 08:00:00,0.04032,0.04056,0.04032,0.04032,867.0
2022-09-12 12:00:00,0.04032,0.0412,0.04032,0.04043,1292.0
2022-09-12 16:00:00,0.04043,0.04051,0.0404,0.04051,780.0
2022-09-12 20:00:00,0.04051,0.0409,0.04051,0.04067,3014.0
2022-09-13 00:00:00,0.04067,0.04067,0.04019,0.04023,1245.0
2022-09-13 04:00:00,0.04023,0.04053,0.04023,0.04053,611.0
2022-09-13 08:00:00,0.04053,0.04091,0.04053,0.04091,1203.0
2022-09-13 12:00:00,0.04091,0.04091,0.0387,0.0387,1113.0
2022-09-13 16:00:00,0.0387,0.0387,0.03795,0.03795,783.0
2022-09-13 20:00:00,0.03795,0.03801,0.03776,0.0378,847.0
2022-09-14 00:00:00,0.0378,0.03827,0.0378,0.03827,1404.0
2022-09-14 04:00:00,0.03827,0.03827,0.03812,0.03814,2707.0
2022-09-14 08:00:00,0.03814,0.03843,0.03747,0.03796,3612.0
2022-09-14 12:00:00,0.03796,0.03816,0.03774,0.03796,3663.0
2022-09-14 16:00:00,0.03796,0.03796,0.03745,0.03774,3570.0
2022-09-14 20:00:00,0.03774,0.03838,0.03774,0.03824,2654.0
2022-09-15 00:00:00,0.03824,0.03832,0.03802,0.03823,3279.0
2022-09-15 04:00:00,0.03823,0.03837,0.03823,0.03837,2719.0
2022-09-15 08:00:00,0.03837,0.03895,0.03837,0.03888,4046.0
2022-09-15 12:00:00,0.03888,0.03974,0.03823,0.03829,14163.0
2022-09-15 16:00:00,0.03829,0.03881,0.03804,0.03881,2622.0
2022-09-15 20:00:00,0.03881,0.03932,0.03881,0.03932,3348.0
2022-09-16 00:00:00,0.03932,0.03932,0.03845,0.03859,3626.0
2022-09-16 04:00:00,0.03859,0.03882,0.03709,0.03709,3050.0
2022-09-16 08:00:00,0.03709,0.03727,0.03696,0.0372,3692.0
2022-09-16 12:00:00,0.0372,0.03732,0.03705,0.03728,3045.0
2022-09-16 16:00:00,0.03728,0.03728,0.0367,0.0367,3167.0
2022-09-16 20:00:00,0.0367,0.03689,0.0367,0.03676,3229.0
2022-09-17 00:00:00,0.03676,0.03963,0.03676,0.03885,3163.0
2022-09-17 04:00:00,0.03885,0.0391,0.03833,0.03902,4069.0
2022-09-17 08:00:00,0.03902,0.03902,0.03785,0.03847,4074.0
2022-09-17 12:00:00,0.03847,0.03847,0.03788,0.03837,3207.0
2022-09-17 16:00:00,0.03837,0.03858,0.03837,0.03846,3138.0
2022-09-17 20:00:00,0.03846,0.0386,0.03824,0.0384,3266.0
2022-09-18 00:00:00,0.0384,0.03858,0.0383,0.0383,3072.0
2022-09-18 04:00:00,0.0383,0.03849,0.0383,0.03831,1603.0
2022-09-18 08:00:00,0.03831,0.03832,0.03779,0.03782,2885.0
2022-09-18 12:00:00,0.03782,0.03792,0.03782,0.03782,3352.0
2022-09-18 16:00:00,0.03782,0.03782,0.03728,0.03748,3732.0
2022-09-18 20:00:00,0.03748,0.03748,0.03587,0.03595,2846.0
2022-09-19 00:00:00,0.03595,0.03676,0.03504,0.03515,4179.0
2022-09-19 04:00:00,0.03515,0.03515,0.03415,0.03421,3176.0
2022-09-19 08:00:00,0.03421,0.03498,0.03421,0.03486,4630.0
2022-09-19 12:00:00,0.03486,0.03654,0.03444,0.03615,12985.0
2022-09-19 16:00:00,0.03615,0.03626,0.0357,0.0361,3587.0
2022-09-19 20:00:00,0.0361,0.03631,0.036,0.036,3088.0
2022-09-20 00:00:00,0.036,0.03667,0.036,0.03645,3401.0
2022-09-20 04:00:00,0.03645,0.03652,0.03614,0.03634,3780.0
2022-09-20 08:00:00,0.03634,0.03634,0.03556,0.03592,2753.0
2022-09-20 12:00:00,0.03592,0.03592,0.03484,0.03524,3231.0
2022-09-20 16:00:00,0.03524,0.03545,0.03508,0.03508,3118.0
2022-09-20 20:00:00,0.03508,0.03508,0.03495,0.03506,3509.0
2022-09-21 00:00:00,0.03506,0.03507,0.03506,0.03507,3508.0
2022-09-21 04:00:00,0.03507,0.03507,0.03465,0.03475,3279.0
2022-09-21 08:00:00,0.03475,0.03503,0.03437,0.03503,3248.0
2022-09-21 12:00:00,0.03503,0.03503,0.03466,0.03466,3579.0
2022-09-21 16:00:00,0.03466,0.03494,0.03455,0.03455,3116.0
2022-09-21 20:00:00,0.03455,0.03455,0.03383,0.0339,5879.0
2022-09-22 00:00:00,0.0339,0.0339,0.0335,0.03376,4396.0
2022-09-22 04:00:00,0.03376,0.03393,0.03376,0.03388,3605.0
2022-09-22 08:00:00,0.03388,0.03433,0.03388,0.03433,4468.0
2022-09-22 12:00:00,0.03433,0.03436,0.03391,0.03415,3470.0
2022-09-22 16:00:00,0.03415,0.03456,0.03415,0.03456,3148.0
2022-09-22 20:00:00,0.03456,0.03473,0.03456,0.03473,2677.0
2022-09-23 00:00:00,0.03473,0.03482,0.03463,0.03482,3213.0
2022-09-23 04:00:00,0.03482,0.03482,0.03482,0.03482,3253.0
2022-09-23 08:00:00,0.03482,0.03482,0.03426,0.03426,3429.0
2022-09-23 12:00:00,0.03426,0.03438,0.03401,0.03402,2991.0
2022-09-23 16:00:00,0.03402,0.03437,0.03385,0.03385,3467.0
2022-09-23 20:00:00,0.03385,0.03471,0.03385,0.03462,3431.0
2022-09-24 00:00:00,0.03462,0.03474,0.03462,0.03463,3075.0
2022-09-24 04:00:00,0.03463,0.03463,0.03447,0.03447,3321.0
2022-09-24 08:00:00,0.03447,0.03478,0.03435,0.03462,3814.0
2022-09-24 12:00:00,0.03462,0.03476,0.03443,0.03443,3134.0
2022-09-24 16:00:00,0.03443,0.03443,0.03436,0.03436,3169.0
2022-09-24 20:00:00,0.03436,0.03493,0.03435,0.03493,4681.0
2022-09-25 00:00:00,0.03493,0.03493,0.03425,0.03437,4644.0
2022-09-25 04:00:00,0.03437,0.03437,0.03437,0.03437,3385.0
2022-09-25 08:00:00,0.03437,0.03437,0.03437,0.03437,3532.0
2022-09-25 12:00:00,0.03437,0.0345,0.03416,0.0345,3000.0
2022-09-25 16:00:00,0.0345,0.0345,0.03421,0.03425,3320.0
2022-09-25 20:00:00,0.03425,0.03443,0.03333,0.03357,3645.0
2022-09-26 00:00:00,0.03357,0.03369,0.0334,0.03346,3027.0
2022-09-26 04:00:00,0.03346,0.03369,0.03346,0.03369,3648.0
2022-09-26 08:00:00,0.03369,0.03423,0.03345,0.03352,4892.0
2022-09-26 12:00:00,0.03352,0.03403,0.03352,0.03385,3038.0
2022-09-26 16:00:00,0.03385,0.03387,0.0337,0.03384,3086.0
2022-09-26 20:00:00,0.03384,0.03396,0.03384,0.03385,3658.0
2022-09-27 00:00:00,0.03385,0.0346,0.03385,0.0346,2627.0
2022-09-27 04:00:00,0.0346,0.03507,0.03429,0.03495,3322.0
2022-09-27 08:00:00,0.03495,0.03495,0.0343,0.03471,3442.0
2022-09-27 12:00:00,0.03471,0.03509,0.03471,0.03484,3747.0
2022-09-27 16:00:00,0.03484,0.03484,0.03339,0.03356,3755.0
2022-09-27 20:00:00,0.03356,0.03382,0.03356,0.03382,3519.0
2022-09-28 00:00:00,0.03382,0.03382,0.033,0.03325,3744.0
2022-09-28 04:00:00,0.03325,0.03339,0.03325,0.03333,3525.0
2022-09-28 08:00:00,0.03333,0.03341,0.03312,0.0334,3370.0
2022-09-28 12:00:00,0.0334,0.03352,0.03311,0.03352,3549.0
2022-09-28 16:00:00,0.03352,0.03457,0.03352,0.03387,4791.0
2022-09-28 20:00:00,0.03387,0.03421,0.03387,0.03415,3627.0
2022-09-29 00:00:00,0.03415,0.03415,0.03354,0.03383,3470.0
2022-09-29 04:00:00,0.03383,0.03383,0.03379,0.03379,3390.0
2022-09-29 08:00:00,0.03379,0.0339,0.03344,0.03372,4757.0
2022-09-29 12:00:00,0.03372,0.03372,0.03319,0.03345,3277.0
2022-09-29 16:00:00,0.03345,0.03381,0.03322,0.03342,4031.0
2022-09-29 20:00:00,0.03342,0.0337,0.0334,0.03362,3188.0
2022-09-30 00:00:00,0.03362,0.03364,0.03362,0.03363,3372.0
2022-09-30 04:00:00,0.03363,0.03363,0.03343,0.03359,3673.0
2022-09-30 08:00:00,0.03359,0.03359,0.03342,0.03342,3223.0
2022-09-30 12:00:00,0.03342,0.03493,0.03335,0.03481,6228.0
2022-09-30 16:00:00,0.03481,0.03481,0.03427,0.03428,2817.0
2022-09-30 20:00:00,0.03428,0.03428,0.03403,0.0342,2979.0
2022-10-01 00:00:00,0.0342,0.03472,0.0342,0.03453,4809.0
2022-10-01 04:00:00,0.03453,0.03453,0.03387,0.03387,3213.0
2022-10-01 08:00:00,0.03387,0.03401,0.03387,0.03395,3778.0
2022-10-01 12:00:00,0.03395,0.03399,0.03389,0.0339,3841.0
2022-10-01 16:00:00,0.0339,0.03391,0.03374,0.03377,3107.0
2022-10-01 20:00:00,0.03377,0.03391,0.03377,0.03388,3831.0
2022-10-02 00:00:00,0.03388,0.03427,0.03388,0.03417,5301.0
2022-10-02 04:00:00,0.03417,0.03497,0.03387,0.03451,5446.0
2022-10-02 08:00:00,0.03451,0.03596,0.03451,0.03495,4095.0
2022-10-02 12:00:00,0.03495,0.03507,0.03489,0.0349,3055.0
2022-10-02 16:00:00,0.0349,0.03587,0.0349,0.03563,4255.0
2022-10-02 20:00:00,0.03563,0.03563,0.03488,0.03488,3629.0
2022-10-03 00:00:00,0.03488,0.0357,0.03463,0.03545,3465.0
2022-10-03 04:00:00,0.03545,0.03596,0.03545,0.03578,3813.0
2022-10-03 08:00:00,0.03578,0.03578,0.03557,0.03557,3253.0
2022-10-03 12:00:00,0.03557,0.03557,0.0349,0.03536,3997.0
2022-10-03 16:00:00,0.03536,0.03563,0.03536,0.03563,3182.0
2022-10-03 20:00:00,0.03563,0.03573,0.03511,0.03511,6196.0
2022-10-04 00:00:00,0.03511,0.03518,0.03503,0.03504,4210.0
2022-10-04 04:00:00,0.03504,0.03539,0.03504,0.03513,2905.0
2022-10-04 08:00:00,0.03513,0.03652,0.035,0.03543,5205.0
2022-10-04 12:00:00,0.03543,0.03584,0.03543,0.03584,3077.0
2022-10-04 16:00:00,0.03584,0.03584,0.03574,0.03584,3323.0
2022-10-04 20:00:00,0.03584,0.03688,0.03584,0.03674,8002.0
2022-10-05 00:00:00,0.03674,0.03674,0.03599,0.03599,3225.0
2022-10-05 04:00:00,0.03599,0.03599,0.03554,0.03554,4274.0
2022-10-05 08:00:00,0.03554,0.03554,0.03464,0.03478,3688.0
2022-10-05 12:00:00,0.03478,0.03486,0.03476,0.03482,3163.0
2022-10-05 16:00:00,0.03482,0.03523,0.03482,0.03523,3195.0
2022-10-05 20:00:00,0.03523,0.03539,0.0349,0.0349,3369.0
2022-10-06 00:00:00,0.0349,0.03616,0.03483,0.03581,3054.0
2022-10-06 04:00:00,0.03581,0.03638,0.0355,0.03559,3486.0
2022-10-06 08:00:00,0.03559,0.03559,0.03527,0.03527,3285.0
2022-10-06 12:00:00,0.03527,0.03527,0.035,0.035,3019.0
2022-10-06 16:00:00,0.035,0.035,0.03485,0.03496,3363.0
2022-10-06 20:00:00,0.03496,0.03496,0.03485,0.03485,3604.0
2022-10-07 00:00:00,0.03485,0.03485,0.03477,0.03477,3040.0
2022-10-07 04:00:00,0.03477,0.03477,0.03464,0.03464,3300.0
2022-10-07 08:00:00,0.03464,0.0351,0.03464,0.0351,3641.0
2022-10-07 12:00:00,0.0351,0.03512,0.03457,0.03512,3185.0
2022-10-07 16:00:00,0.03512,0.0366,0.03495,0.03563,14849.0
2022-10-07 20:00:00,0.03563,0.03583,0.03563,0.03583,3454.0
2022-10-08 00:00:00,0.03583,0.03583,0.03474,0.03474,7243.0
2022-10-08 04:00:00,0.03474,0.035,0.03433,0.03433,3201.0
2022-10-08 08:00:00,0.03433,0.03433,0.03433,0.03433,3454.0
2022-10-08 12:00:00,0.03433,0.03522,0.03423,0.03428,60764.0
2022-10-08 16:00:00,0.03428,0.03428,0.03396,0.03396,3469.0
2022-10-08 20:00:00,0.03396,0.03396,0.03351,0.03374,3162.0
2022-10-09 00:00:00,0.03374,0.03374,0.03347,0.03352,3407.0
2022-10-09 04:00:00,0.03352,0.03358,0.03337,0.03345,3899.0
2022-10-09 08:00:00,0.03345,0.03456,0.03345,0.03449,4456.0
2022-10-09 12:00:00,0.03449,0.03459,0.03407,0.03459,4443.0
2022-10-09 16:00:00,0.03459,0.03459,0.03409,0.03409,3174.0
2022-10-09 20:00:00,0.03409,0.03416,0.03399,0.03416,3538.0
2022-10-10 00:00:00,0.03416,0.0342,0.03416,0.0342,3138.0
2022-10-10 04:00:00,0.0342,0.03424,0.03406,0.03422,3599.0
2022-10-10 08:00:00,0.03422,0.03422,0.03369,0.03398,3436.0
2022-10-10 12:00:00,0.03398,0.03398,0.03375,0.03375,4672.0
2022-10-10 16:00:00,0.03375,0.03375,0.03304,0.03335,4443.0
2022-10-10 20:00:00,0.03335,0.03348,0.03334,0.03338,3313.0
2022-10-11 00:00:00,0.03338,0.03338,0.03296,0.03296,3294.0
2022-10-11 04:00:00,0.03296,0.03296,0.03271,0.03271,3637.0
2022-10-11 08:00:00,0.03271,0.03281,0.03202,0.03263,3346.0
2022-10-11 12:00:00,0.03263,0.03279,0.0323,0.03254,3727.0
2022-10-11 16:00:00,0.03254,0.03285,0.03249,0.03249,3121.0
2022-10-11 20:00:00,0.03249,0.0325,0.03245,0.0325,3513.0
2022-10-12 00:00:00,0.0325,0.0325,0.03232,0.03248,3060.0
2022-10-12 04:00:00,0.03248,0.03248,0.03248,0.03248,3737.0
2022-10-12 08:00:00,0.03248,0.03254,0.03236,0.03236,3381.0
2022-10-12 12:00:00,0.03236,0.03253,0.03221,0.03229,3447.0
2022-10-12 16:00:00,0.03229,0.03247,0.03229,0.03247,4049.0
2022-10-12 20:00:00,0.03247,0.03268,0.03219,0.03256,4473.0
2022-10-13 00:00:00,0.03256,0.03264,0.03241,0.03242,2859.0
2022-10-13 04:00:00,0.03242,0.03251,0.03198,0.03198,3191.0
2022-10-13 08:00:00,0.03198,0.03198,0.03072,0.03072,3550.0
2022-10-13 12:00:00,0.03072,0.03094,0.0303,0.03094,8485.0
2022-10-13 16:00:00,0.03094,0.03154,0.03094,0.0312,3886.0
2022-10-13 20:00:00,0.0312,0.03175,0.0312,0.03175,3621.0
2022-10-14 00:00:00,0.03175,0.03235,0.03167,0.03235,4858.0
2022-10-14 04:00:00,0.03235,0.03242,0.032,0.03226,3758.0
2022-10-14 08:00:00,0.03226,0.03259,0.03226,0.03253,3420.0
2022-10-14 12:00:00,0.03253,0.03283,0.03246,0.03267,3109.0
2022-10-14 16:00:00,0.03267,0.03304,0.03267,0.03269,3154.0
2022-10-14 20:00:00,0.03269,0.03337,0.03269,0.03337,3465.0
2022-10-15 00:00:00,0.03337,0.03356,0.03279,0.03294,3380.0
2022-10-15 04:00:00,0.03294,0.03294,0.03281,0.03281,3645.0
2022-10-15 08:00:00,0.03281,0.03281,0.03184,0.03257,4328.0
2022-10-15 12:00:00,0.03257,0.03281,0.03257,0.03281,3179.0
2022-10-15 16:00:00,0.03281,0.03312,0.03281,0.03309,4119.0
2022-10-15 20:00:00,0.03309,0.03316,0.03287,0.03287,3653.0
2022-10-16 00:00:00,0.03287,0.03312,0.03287,0.03292,3852.0
2022-10-16 04:00:00,0.03292,0.03292,0.03292,0.03292,3262.0
2022-10-16 08:00:00,0.03292,0.03306,0.03269,0.03269,3715.0
2022-10-16 12:00:00,0.03269,0.03305,0.03268,0.03268,3589.0
2022-10-16 16:00:00,0.03268,0.03305,0.03268,0.03287,3219.0
2022-10-16 20:00:00,0.03287,0.03304,0.03278,0.03295,3730.0
2022-10-17 00:00:00,0.03295,0.03537,0.03295,0.03506,4386.0
2022-10-17 04:00:00,0.03506,0.03522,0.03414,0.03421,3907.0
2022-10-17 08:00:00,0.03421,0.03472,0.03421,0.03464,4199.0
2022-10-17 12:00:00,0.03464,0.03464,0.0342,0.03433,3575.0
2022-10-17 16:00:00,0.03433,0.03455,0.0338,0.03387,3939.0
2022-10-17 20:00:00,0.03387,0.03455,0.03387,0.03448,3397.0
2022-10-18 00:00:00,0.03448,0.03467,0.0333,0.0333,5965.0
2022-10-18 04:00:00,0.0333,0.03365,0.03314,0.03338,7554.0
2022-10-18 08:00:00,0.03338,0.03382,0.03338,0.03349,5695.0
2022-10-18 12:00:00,0.03349,0.03415,0.03347,0.0336,5728.0
2022-10-18 16:00:00,0.0336,0.03369,0.03324,0.03336,3208.0
2022-10-18 20:00:00,0.03336,0.03355,0.03336,0.0335,3160.0
2022-10-19 00:00:00,0.0335,0.03489,0.03325,0.03489,6506.0
2022-10-19 04:00:00,0.03489,0.03535,0.03427,0.0346,4208.0
2022-10-19 08:00:00,0.0346,0.0346,0.0331,0.0331,2835.0
2022-10-19 12:00:00,0.0331,0.03346,0.0331,0.03346,241.0
2022-10-19 16:00:00,0.03346,0.03351,0.03318,0.03351,1819.0
2022-10-19 20:00:00,0.03351,0.03351,0.03319,0.03319,189.0
2022-10-20 00:00:00,0.03319,0.03401,0.03319,0.03363,5726.0
2022-10-20 04:00:00,0.03363,0.03363,0.03353,0.03359,922.0
2022-10-20 08:00:00,0.03359,0.03588,0.03359,0.03585,428.0
2022-10-20 12:00:00,0.03585,0.03798,0.03312,0.03312,44755.0
2022-10-20 16:00:00,0.03312,0.03312,0.03312,0.03312,0.0
2022-10-20 20:00:00,0.03312,0.03359,0.03312,0.03359,239.0
2022-10-21 00:00:00,0.03359,0.03488,0.03358,0.03469,3412.0
2022-10-21 04:00:00,0.03469,0.03469,0.03357,0.03382,5006.0
2022-10-21 08:00:00,0.03382,0.03438,0.03382,0.03409,4090.0
2022-10-21 12:00:00,0.03409,0.03409,0.03345,0.03345,199.0
2022-10-21 16:00:00,0.03345,0.03367,0.03329,0.03367,1601.0
2022-10-21 20:00:00,0.03367,0.03367,0.03339,0.03346,1012.0
2022-10-22 00:00:00,0.03346,0.03438,0.03346,0.03427,1930.0
2022-10-22 04:00:00,0.03427,0.04136,0.03427,0.04039,5098.0
2022-10-22 08:00:00,0.04039,0.04039,0.03658,0.03717,11621.0
2022-10-22 12:00:00,0.03717,0.03754,0.03533,0.03576,40282.0
2022-10-22 16:00:00,0.03576,0.03576,0.03526,0.03526,7580.0
2022-10-22 20:00:00,0.03526,0.03579,0.03526,0.03545,3146.0
2022-10-23 00:00:00,0.03545,0.03797,0.03545,0.03764,2342.0
2022-10-23 04:00:00,0.03784,0.03848,0.03686,0.03727,11115.0
2022-10-23 08:00:00,0.03727,0.03727,0.03655,0.03655,411.0
2022-10-23 12:00:00,0.03655,0.03668,0.03582,0.03655,15153.0
2022-10-23 16:00:00,0.03655,0.03655,0.0359,0.03594,1150.0
2022-10-23 20:00:00,0.03594,0.03603,0.03535,0.03568,1541.0
2022-10-24 00:00:00,0.03568,0.03568,0.03568,0.03568,0.0
2022-10-24 04:00:00,0.03568,0.03568,0.03568,0.03568,0.0
2022-10-24 08:00:00,0.03568,0.03568,0.03568,0.03568,0.0
2022-10-24 12:00:00,0.03568,0.03568,0.03568,0.03568,0.0
2022-10-24 16:00:00,0.03568,0.03568,0.03568,0.03568,0.0
2022-10-24 20:00:00,0.03568,0.03568,0.03568,0.03568,0.0
2022-10-25 00:00:00,0.03568,0.03697,0.03568,0.03668,2474.0
2022-10-25 04:00:00,0.03668,0.0367,0.03666,0.0367,171.0
2022-10-25 08:00:00,0.0367,0.0367,0.03609,0.03618,1877.0
2022-10-25 12:00:00,0.03618,0.03625,0.03574,0.03621,3551.0
2022-10-25 16:00:00,0.03621,0.03706,0.03621,0.03702,9925.0
2022-10-25 20:00:00,0.03702,0.03743,0.0367,0.03697,2407.0
2022-10-26 00:00:00,0.03697,0.03697,0.03697,0.03697,0.0
2022-10-26 04:00:00,0.03697,0.03699,0.03691,0.03691,906.0
2022-10-26 08:00:00,0.03691,0.03797,0.03674,0.03757,10474.0
2022-10-26 12:00:00,0.03757,0.03757,0.03674,0.03712,1322.0
2022-10-26 16:00:00,0.03712,0.03842,0.03712,0.03805,2434.0
2022-10-26 20:00:00,0.03805,0.03805,0.03805,0.03805,0.0
2022-10-27 00:00:00,0.03805,0.03805,0.0373,0.03737,952.0
2022-10-27 04:00:00,0.03737,0.03783,0.03716,0.03734,3749.0
2022-10-27 08:00:00,0.03734,0.03734,0.03695,0.03703,664.0
2022-10-27 12:00:00,0.03703,0.03703,0.03703,0.03703,0.0
2022-10-27 16:00:00,0.03703,0.03722,0.03638,0.03638,2097.0
2022-10-27 20:00:00,0.03638,0.03638,0.03638,0.03638,0.0
2022-10-28 00:00:00,0.03638,0.03638,0.03604,0.03606,2076.0
2022-10-28 04:00:00,0.03606,0.03627,0.03606,0.03627,379.0
2022-10-28 08:00:00,0.03627,0.03627,0.03627,0.03627,0.0
2022-10-28 12:00:00,0.03627,0.0365,0.03627,0.0365,414.0
2022-10-28 16:00:00,0.0365,0.0365,0.0365,0.0365,0.0
2022-10-28 20:00:00,0.0365,0.0365,0.03636,0.03643,564.0
2022-10-29 00:00:00,0.03643,0.03643,0.03643,0.03643,0.0
2022-10-29 04:00:00,0.03643,0.03702,0.03643,0.03669,11222.0
2022-10-29 08:00:00,0.03669,0.03679,0.03669,0.03679,1100.0
2022-10-29 12:00:00,0.03679,0.03679,0.03665,0.03676,2333.0
2022-10-29 16:00:00,0.03676,0.03676,0.03612,0.03624,1373.0
2022-10-29 20:00:00,0.03624,0.03624,0.03624,0.03624,0.0
2022-10-30 00:00:00,0.03624,0.03673,0.03568,0.03656,6709.0
2022-10-30 04:00:00,0.03656,0.03656,0.03656,0.03656,0.0
2022-10-30 08:00:00,0.03656,0.03656,0.03582,0.03617,2203.0
2022-10-30 12:00:00,0.03617,0.03617,0.03533,0.0356,1209.0
2022-10-30 16:00:00,0.0356,0.03576,0.0356,0.03576,208.0
2022-10-30 20:00:00,0.03576,0.03576,0.03529,0.03529,412.0
2022-10-31 00:00:00,0.03529,0.03529,0.03529,0.03529,0.0
2022-10-31 04:00:00,0.03529,0.03632,0.03529,0.03625,3408.0
2022-10-31 08:00:00,0.03625,0.03649,0.03625,0.03649,378.0
2022-10-31 12:00:00,0.03649,0.03649,0.03649,0.03649,0.0
2022-10-31 16:00:00,0.03649,0.03649,0.03649,0.03649,0.0
2022-10-31 20:00:00,0.03649,0.03649,0.03649,0.03649,0.0
2022-11-01 00:00:00,0.03649,0.03649,0.03528,0.03568,3123.0
2022-11-01 04:00:00,0.03568,0.03573,0.03543,0.03543,3059.0
2022-11-01 08:00:00,0.03543,0.03543,0.03513,0.03513,3268.0
2022-11-01 12:00:00,0.03513,0.03539,0.0351,0.0351,3291.0
2022-11-01 16:00:00,0.0351,0.03513,0.03487,0.03487,3351.0
2022-11-01 20:00:00,0.03487,0.03487,0.0344,0.03467,3359.0
2022-11-02 00:00:00,0.03467,0.03475,0.03456,0.03466,3309.0
2022-11-02 04:00:00,0.03466,0.03585,0.03466,0.03563,3331.0
2022-11-02 08:00:00,0.03563,0.04476,0.03503,0.04159,17216.0
2022-11-02 12:00:00,0.04159,0.04302,0.04159,0.04169,4708.0
2022-11-02 16:00:00,0.04169,0.04215,0.04169,0.04214,355.0
2022-11-02 20:00:00,0.04214,0.04214,0.04035,0.04122,1830.0
2022-11-03 00:00:00,0.04122,0.04481,0.04122,0.04338,9002.0
2022-11-03 04:00:00,0.04338,0.04513,0.043,0.04441,21614.0
2022-11-03 08:00:00,0.04441,0.04533,0.04385,0.04401,3542.0
2022-11-03 12:00:00,0.04401,0.04437,0.0429,0.04388,1439.0
2022-11-03 16:00:00,0.04388,0.04454,0.04388,0.04393,2048.0
2022-11-03 20:00:00,0.04393,0.04468,0.04333,0.04429,854.0
2022-11-04 00:00:00,0.04429,0.04429,0.03868,0.03868,17554.0
2022-11-04 04:00:00,0.03868,0.03868,0.03868,0.03868,0.0
2022-11-04 08:00:00,0.03868,0.03899,0.03812,0.03812,3194.0
2022-11-04 12:00:00,0.03812,0.03887,0.03812,0.03846,1617.0
2022-11-04 16:00:00,0.03846,0.03846,0.03826,0.03826,350.0
2022-11-04 20:00:00,0.03826,0.03869,0.03826,0.03842,513.0
2022-11-05 00:00:00,0.03842,0.03856,0.03842,0.03856,157.0
2022-11-05 04:00:00,0.03856,0.03856,0.03775,0.03823,1231.0
2022-11-05 08:00:00,0.03823,0.03823,0.03823,0.03823,0.0
2022-11-05 12:00:00,0.03823,0.03823,0.03816,0.03816,217.0
2022-11-05 16:00:00,0.03816,0.03816,0.03816,0.03816,362.0
2022-11-05 20:00:00,0.03816,0.03816,0.03774,0.03774,2447.0
2022-11-06 00:00:00,0.03774,0.03774,0.03733,0.0374,2789.0
2022-11-06 04:00:00,0.0374,0.03744,0.0372,0.03744,3534.0
2022-11-06 08:00:00,0.03744,0.03744,0.03744,0.03744,3525.0
2022-11-06 12:00:00,0.03744,0.03744,0.03744,0.03744,2643.0
2022-11-06 16:00:00,0.03744,0.03744,0.03734,0.03734,607.0
2022-11-06 20:00:00,0.03734,0.03734,0.03734,0.03734,337.0
2022-11-07 00:00:00,0.03734,0.03734,0.03667,0.03667,169.0
2022-11-07 04:00:00,0.03667,0.03667,0.03667,0.03667,1588.0
2022-11-07 08:00:00,0.03667,0.03667,0.03617,0.03617,29269.0
2022-11-07 12:00:00,0.03617,0.03678,0.03617,0.03626,65705.0
2022-11-07 16:00:00,0.03626,0.03676,0.03626,0.03676,49789.0
2022-11-07 20:00:00,0.03676,0.03686,0.03626,0.03628,3745.0
2022-11-08 00:00:00,0.03628,0.03649,0.03628,0.03649,2099.0
2022-11-08 04:00:00,0.03649,0.03649,0.03382,0.03388,4693.0
2022-11-08 08:00:00,0.03388,0.03418,0.03388,0.03414,607.0
2022-11-08 12:00:00,0.03414,0.03414,0.03367,0.03376,6401.0
2022-11-08 16:00:00,0.03376,0.03486,0.03364,0.03442,33306.0
2022-11-08 20:00:00,0.03442,0.03442,0.03177,0.03181,36248.0
2022-11-09 00:00:00,0.03181,0.03186,0.0312,0.0312,3362.0
2022-11-09 04:00:00,0.0312,0.03121,0.03105,0.03105,6816.0
2022-11-09 08:00:00,0.03105,0.03105,0.02872,0.02872,1858.0
2022-11-09 12:00:00,0.02872,0.02912,0.02858,0.02859,1677.0
2022-11-09 16:00:00,0.02859,0.02859,0.02672,0.02672,40391.0
2022-11-09 20:00:00,0.02672,0.027,0.02417,0.02417,46463.0
2022-11-10 00:00:00,0.02417,0.02525,0.02417,0.02525,5928.0
2022-11-10 04:00:00,0.02525,0.02745,0.02525,0.02745,10453.0
2022-11-10 08:00:00,0.02745,0.02841,0.02563,0.02649,4734.0
2022-11-10 12:00:00,0.02649,0.02649,0.02649,0.02649,0.0
2022-11-10 16:00:00,0.02649,0.02918,0.02649,0.02858,34172.0
2022-11-10 20:00:00,0.02858,0.02911,0.02856,0.02856,38354.0
2022-11-11 00:00:00,0.02856,0.02856,0.0283,0.0283,5751.0
2022-11-11 04:00:00,0.0283,0.0283,0.02738,0.02766,11370.0
2022-11-11 08:00:00,0.02766,0.02766,0.02761,0.02761,1880.0
2022-11-11 12:00:00,0.02761,0.02761,0.02761,0.02761,2858.0
2022-11-11 16:00:00,0.02761,0.02761,0.02652,0.02652,43348.0
2022-11-11 20:00:00,0.02652,0.02652,0.02624,0.02624,44749.0
2022-11-12 00:00:00,0.02624,0.02634,0.02624,0.02634,7413.0
2022-11-12 04:00:00,0.02634,0.02639,0.02634,0.02639,12017.0
2022-11-12 08:00:00,0.02639,0.02676,0.02639,0.02676,2675.0
2022-11-12 12:00:00,0.02676,0.02676,0.0261,0.0261,4978.0
2022-11-12 16:00:00,0.0261,0.0261,0.02594,0.02594,33504.0
2022-11-12 20:00:00,0.02594,0.02594,0.02589,0.02589,41030.0
2022-11-13 00:00:00,0.02589,0.02589,0.02589,0.02589,9998.0
2022-11-13 04:00:00,0.02589,0.02589,0.02567,0.02567,13462.0
2022-11-13 08:00:00,0.02567,0.02567,0.02564,0.02564,4234.0
2022-11-13 12:00:00,0.02564,0.02564,0.02564,0.02564,7146.0
2022-11-13 16:00:00,0.02564,0.02564,0.02538,0.02538,26832.0
2022-11-13 20:00:00,0.02538,0.02538,0.02467,0.02479,46094.0
2022-11-14 00:00:00,0.02479,0.02493,0.02452,0.02461,11712.0
2022-11-14 04:00:00,0.02461,0.02461,0.02383,0.02383,10494.0
2022-11-14 08:00:00,0.02383,0.02383,0.02383,0.02383,0.0
2022-11-14 12:00:00,0.02383,0.02383,0.02383,0.02383,0.0
2022-11-14 16:00:00,0.02383,0.02436,0.02383,0.02436,37088.0
2022-11-14 20:00:00,0.02436,0.02436,0.02401,0.02413,58414.0
2022-11-15 00:00:00,0.02413,0.02427,0.02413,0.02427,19437.0
2022-11-15 04:00:00,0.02427,0.02611,0.02427,0.02533,12290.0
2022-11-15 08:00:00,0.02533,0.02533,0.02533,0.02533,0.0
2022-11-15 12:00:00,0.02533,0.02533,0.02523,0.02523,247.0
2022-11-15 16:00:00,0.02523,0.02556,0.0198,0.02356,104559.0
2022-11-15 20:00:00,0.02356,0.02357,0.02,0.02,7650.0
2022-11-16 00:00:00,0.02,0.02473,0.02,0.02433,16575.0
2022-11-16 04:00:00,0.02433,0.02509,0.02381,0.02466,12467.0
2022-11-16 08:00:00,0.02466,0.0259,0.02457,0.02576,5711.0
2022-11-16 12:00:00,0.02576,0.02681,0.02548,0.02586,7580.0
2022-11-16 16:00:00,0.02586,0.02586,0.0245,0.02485,56465.0
2022-11-16 20:00:00,0.02485,0.02586,0.02485,0.0252,7101.0
2022-11-17 00:00:00,0.0252,0.02658,0.0252,0.02644,12260.0
2022-11-17 04:00:00,0.02644,0.02644,0.02539,0.02539,10719.0
2022-11-17 08:00:00,0.02539,0.02633,0.02539,0.02625,12746.0
2022-11-17 12:00:00,0.02625,0.02625,0.02575,0.02596,3423.0
2022-11-17 16:00:00,0.02596,0.02596,0.02595,0.02595,522.0
2022-11-17 20:00:00,0.02595,0.02595,0.02575,0.02575,400.0
2022-11-18 00:00:00,0.02575,0.02575,0.02565,0.02575,1160.0
2022-11-18 04:00:00,0.02575,0.02608,0.02475,0.02545,1496.0
2022-11-18 08:00:00,0.02545,0.02553,0.02545,0.02553,304.0
2022-11-18 12:00:00,0.02553,0.0257,0.02521,0.02521,1848.0
2022-11-18 16:00:00,0.02521,0.02546,0.02511,0.02537,1352.0
2022-11-18 20:00:00,0.02537,0.02553,0.0251,0.02518,1888.0
2022-11-19 00:00:00,0.02518,0.02545,0.02518,0.02545,243.0
2022-11-19 04:00:00,0.02545,0.02567,0.02545,0.02549,736.0
2022-11-19 08:00:00,0.02549,0.0256,0.02535,0.02551,1846.0
2022-11-19 12:00:00,0.02551,0.02551,0.02496,0.02504,666.0
2022-11-19 16:00:00,0.02504,0.02504,0.02486,0.02486,1127.0
2022-11-19 20:00:00,0.02486,0.02511,0.02486,0.02511,278.0
2022-11-20 00:00:00,0.02511,0.02511,0.02481,0.02481,282.0
2022-11-20 04:00:00,0.02481,0.02481,0.02481,0.02481,0.0
2022-11-20 08:00:00,0.02481,0.02608,0.02481,0.02608,292.0
2022-11-20 12:00:00,0.02608,0.02608,0.02564,0.02564,246.0
2022-11-20 16:00:00,0.02564,0.02578,0.02543,0.0255,2672.0
2022-11-20 20:00:00,0.0255,0.0255,0.02492,0.02492,425.0
2022-11-21 00:00:00,0.02492,0.02492,0.02436,0.02448,761.0
2022-11-21 04:00:00,0.02448,0.02476,0.02439,0.02439,540.0
2022-11-21 08:00:00,0.02439,0.02439,0.02439,0.02439,0.0
2022-11-21 12:00:00,0.02439,0.02497,0.02399,0.02399,8891.0
2022-11-21 16:00:00,0.02399,0.02399,0.02336,0.02336,2037.0
2022-11-21 20:00:00,0.02336,0.02351,0.02262,0.02268,3620.0
2022-11-22 00:00:00,0.0228,0.02301,0.02257,0.02282,8353.0
2022-11-22 04:00:00,0.02282,0.02293,0.02245,0.02248,1251.0
2022-11-22 08:00:00,0.02248,0.02289,0.02211,0.02225,2321.0
2022-11-22 12:00:00,0.02225,0.02363,0.02225,0.02356,1816.0
2022-11-22 16:00:00,0.02356,0.02356,0.02356,0.02356,0.0
2022-11-22 20:00:00,0.02356,0.02359,0.02319,0.02319,1592.0
2022-11-23 00:00:00,0.02319,0.02411,0.02319,0.02411,536.0
2022-11-23 04:00:00,0.02411,0.02411,0.02411,0.02411,0.0
2022-11-23 08:00:00,0.02411,0.02467,0.02391,0.02462,4014.0
2022-11-23 12:00:00,0.02462,0.02486,0.02459,0.02459,1060.0
2022-11-23 16:00:00,0.02459,0.02459,0.02414,0.02436,1132.0
2022-11-23 20:00:00,0.02436,0.02459,0.02434,0.02459,1119.0
2022-11-24 00:00:00,0.02459,0.02575,0.02433,0.02541,5115.0
2022-11-24 04:00:00,0.02541,0.02541,0.02464,0.02541,3114.0
2022-11-24 08:00:00,0.02541,0.02541,0.02479,0.02479,2621.0
2022-11-24 12:00:00,0.02479,0.02479,0.02376,0.02403,40367.0
2022-11-24 16:00:00,0.02403,0.02471,0.02396,0.02456,1625.0
2022-11-24 20:00:00,0.02456,0.02456,0.02425,0.0243,1695.0
2022-11-25 00:00:00,0.0243,0.02447,0.024,0.02436,2501.0
2022-11-25 04:00:00,0.02436,0.02436,0.02372,0.02372,1308.0
2022-11-25 08:00:00,0.02372,0.02463,0.02372,0.02416,67790.0
2022-11-25 12:00:00,0.02416,0.02467,0.02416,0.02467,59900.0
2022-11-25 16:00:00,0.02467,0.02467,0.02379,0.024,2507.0
2022-11-25 20:00:00,0.024,0.024,0.024,0.024,0.0
2022-11-26 00:00:00,0.024,0.02453,0.024,0.02414,1299.0
2022-11-26 04:00:00,0.02414,0.02603,0.02414,0.02603,1450.0
2022-11-26 08:00:00,0.02603,0.02603,0.02476,0.0251,45650.0
2022-11-26 12:00:00,0.0251,0.0251,0.02452,0.02485,52089.0
2022-11-26 16:00:00,0.02485,0.0263,0.02457,0.02603,10714.0
2022-11-26 20:00:00,0.02603,0.02603,0.0257,0.02572,3261.0
2022-11-27 00:00:00,0.02572,0.02572,0.02482,0.02482,3229.0
2022-11-27 04:00:00,0.02482,0.0252,0.02482,0.02494,2443.0
2022-11-27 08:00:00,0.02494,0.02518,0.0247,0.02472,33047.0
2022-11-27 12:00:00,0.02472,0.02503,0.02459,0.02491,63621.0
2022-11-27 16:00:00,0.02491,0.0252,0.02491,0.0252,757.0
2022-11-27 20:00:00,0.0252,0.02524,0.02479,0.02479,17026.0
2022-11-28 00:00:00,0.02479,0.02479,0.02389,0.02389,2728.0
2022-11-28 04:00:00,0.02389,0.02411,0.02389,0.02411,2362.0
2022-11-28 08:00:00,0.02411,0.02411,0.02371,0.02394,15090.0
2022-11-28 12:00:00,0.02394,0.02397,0.0238,0.0238,80770.0
2022-11-28 16:00:00,0.0238,0.02476,0.0238,0.02473,8717.0
2022-11-28 20:00:00,0.02473,0.02473,0.02473,0.02473,0.0
2022-11-29 00:00:00,0.02473,0.02473,0.02363,0.02366,1981.0
2022-11-29 04:00:00,0.02366,0.02416,0.02366,0.02416,8339.0
2022-11-29 08:00:00,0.02416,0.02486,0.02404,0.02486,11175.0
2022-11-29 12:00:00,0.02486,0.02486,0.02378,0.02398,84573.0
2022-11-29 16:00:00,0.02398,0.02401,0.02393,0.02401,16125.0
2022-11-29 20:00:00,0.02401,0.02414,0.02383,0.02393,8053.0
2022-11-30 00:00:00,0.02393,0.02514,0.0238,0.02463,8424.0
2022-11-30 04:00:00,0.02463,0.02473,0.02426,0.02457,3135.0
2022-11-30 08:00:00,0.02457,0.02481,0.02421,0.02456,3135.0
2022-11-30 12:00:00,0.02456,0.02456,0.02408,0.02444,71000.0
2022-11-30 16:00:00,0.02444,0.02452,0.02444,0.02451,20114.0
2022-11-30 20:00:00,0.02451,0.02451,0.02451,0.02451,0.0
2022-12-01 00:00:00,0.02451,0.02531,0.02451,0.025,10237.0
2022-12-01 04:00:00,0.025,0.025,0.025,0.025,0.0
2022-12-01 08:00:00,0.025,0.02545,0.02495,0.02543,3073.0
2022-12-01 12:00:00,0.02543,0.02562,0.02454,0.02461,75024.0
2022-12-01 16:00:00,0.02461,0.02509,0.0245,0.02487,28576.0
2022-12-01 20:00:00,0.02487,0.02487,0.02483,0.02483,259.0
2022-12-02 00:00:00,0.02483,0.02483,0.02431,0.02458,5338.0
2022-12-02 04:00:00,0.02458,0.02458,0.02457,0.02457,252.0
2022-12-02 08:00:00,0.02457,0.02478,0.02432,0.02432,1826.0
2022-12-02 12:00:00,0.02432,0.02472,0.02432,0.02455,81261.0
2022-12-02 16:00:00,0.02455,0.02495,0.02448,0.02495,38212.0
2022-12-02 20:00:00,0.02495,0.02538,0.02477,0.02484,12439.0
2022-12-03 00:00:00,0.02484,0.02516,0.02448,0.02492,38610.0
2022-12-03 04:00:00,0.02492,0.02509,0.02465,0.02472,3615.0
2022-12-03 08:00:00,0.02472,0.02492,0.02465,0.02492,1520.0
2022-12-03 12:00:00,0.02492,0.02492,0.02469,0.02474,7228.0
2022-12-03 16:00:00,0.02474,0.02477,0.02463,0.02471,42603.0
2022-12-03 20:00:00,0.02471,0.02471,0.02427,0.02467,19788.0
2022-12-04 00:00:00,0.02467,0.02467,0.02463,0.02464,34374.0
2022-12-04 04:00:00,0.02464,0.02464,0.02453,0.02453,858.0
2022-12-04 08:00:00,0.02453,0.02453,0.02453,0.02453,0.0
2022-12-04 12:00:00,0.02453,0.02453,0.02453,0.02453,0.0
2022-12-04 16:00:00,0.02453,0.02453,0.02453,0.02453,54632.0
2022-12-04 20:00:00,0.02453,0.02453,0.02451,0.02451,23595.0
2022-12-05 00:00:00,0.02451,0.02466,0.02451,0.0246,43504.0
2022-12-05 04:00:00,0.0246,0.0246,0.0246,0.0246,0.0
2022-12-05 08:00:00,0.0246,0.0252,0.0246,0.0252,435.0
2022-12-05 12:00:00,0.0252,0.02522,0.02485,0.02498,1071.0
2022-12-05 16:00:00,0.02498,0.02522,0.02473,0.02473,3084.0
2022-12-05 20:00:00,0.02473,0.02493,0.02471,0.02471,1933.0
2022-12-06 00:00:00,0.02471,0.02471,0.02471,0.02471,0.0
2022-12-06 04:00:00,0.02471,0.02471,0.02471,0.02471,0.0
2022-12-06 08:00:00,0.02471,0.02471,0.02471,0.02471,425.0
2022-12-06 12:00:00,0.02471,0.02474,0.02471,0.02474,412.0
2022-12-06 16:00:00,0.02474,0.02474,0.02474,0.02474,0.0
2022-12-06 20:00:00,0.02474,0.02474,0.02471,0.02471,13.0
2022-12-07 00:00:00,0.02471,0.02497,0.02471,0.02497,500.0
2022-12-07 04:00:00,0.02497,0.02497,0.02416,0.02444,1984.0
2022-12-07 08:00:00,0.02444,0.02494,0.02401,0.02494,2080.0
2022-12-07 12:00:00,0.02494,0.02496,0.02469,0.02472,3409.0
2022-12-07 16:00:00,0.02472,0.02487,0.02441,0.02471,3767.0
2022-12-07 20:00:00,0.02471,0.02471,0.02471,0.02471,0.0
2022-12-08 00:00:00,0.02471,0.02476,0.02441,0.02441,3492.0
2022-12-08 04:00:00,0.02441,0.02473,0.02441,0.02462,2675.0
2022-12-08 08:00:00,0.02462,0.02479,0.02437,0.02457,2997.0
2022-12-08 12:00:00,0.02457,0.02475,0.02437,0.0245,5450.0
2022-12-08 16:00:00,0.0245,0.0245,0.0245,0.0245,0.0
2022-12-08 20:00:00,0.0245,0.0245,0.0245,0.0245,0.0
2022-12-09 00:00:00,0.0245,0.0245,0.0245,0.0245,0.0
2022-12-09 04:00:00,0.0245,0.0245,0.0245,0.0245,0.0
2022-12-09 08:00:00,0.0245,0.0245,0.0245,0.0245,0.0
2022-12-09 12:00:00,0.0245,0.0245,0.0245,0.0245,0.0
2022-12-09 16:00:00,0.0245,0.02459,0.0245,0.02459,222.0
2022-12-09 20:00:00,0.02459,0.02459,0.02459,0.02459,0.0
2022-12-10 00:00:00,0.02459,0.02459,0.02459,0.02459,0.0
2022-12-10 04:00:00,0.02459,0.02459,0.02459,0.02459,0.0
2022-12-10 08:00:00,0.02459,0.02459,0.02459,0.02459,0.0
2022-12-10 12:00:00,0.02459,0.02459,0.02459,0.02459,0.0
2022-12-10 16:00:00,0.02459,0.02459,0.02459,0.02459,0.0
2022-12-10 20:00:00,0.02459,0.02459,0.02459,0.02459,0.0
2022-12-11 00:00:00,0.02459,0.02459,0.02459,0.02459,0.0
2022-12-11 04:00:00,0.02459,0.02459,0.02459,0.02459,0.0
2022-12-11 08:00:00,0.02459,0.02459,0.02459,0.02459,0.0
2022-12-11 12:00:00,0.02459,0.02459,0.02459,0.02459,0.0
2022-12-11 16:00:00,0.02459,0.02459,0.02459,0.02459,0.0
2022-12-11 20:00:00,0.02459,0.02459,0.02459,0.02459,0.0
2022-12-12 00:00:00,0.02459,0.02459,0.02459,0.02459,0.0
2022-12-12 04:00:00,0.02459,0.02459,0.02395,0.02415,112939.0
2022-12-12 08:00:00,0.02415,0.02428,0.02414,0.02418,1684.0
2022-12-12 12:00:00,0.02418,0.02418,0.02389,0.0239,2416.0
2022-12-12 16:00:00,0.0239,0.02422,0.02334,0.02365,6378.0
2022-12-12 20:00:00,0.02365,0.02391,0.02365,0.02391,1105.0
2022-12-13 00:00:00,0.02391,0.02417,0.02366,0.02393,6631.0
2022-12-13 04:00:00,0.02393,0.02393,0.02325,0.02325,425.0
2022-12-13 08:00:00,0.02325,0.02325,0.02325,0.02325,0.0
2022-12-13 12:00:00,0.02325,0.02325,0.02325,0.02325,0.0
2022-12-13 16:00:00,0.02325,0.02325,0.02325,0.02325,0.0
2022-12-13 20:00:00,0.02325,0.02325,0.02325,0.02325,0.0
2022-12-14 00:00:00,0.02325,0.02423,0.02325,0.02423,3168.0
2022-12-14 04:00:00,0.02423,0.02435,0.024,0.02428,6992.0
2022-12-14 08:00:00,0.02428,0.02428,0.02385,0.02417,1837.0
2022-12-14 12:00:00,0.02417,0.02417,0.02417,0.02417,0.0
2022-12-14 16:00:00,0.02417,0.02448,0.02417,0.02448,571.0
2022-12-14 20:00:00,0.02448,0.02448,0.02341,0.02371,7995.0
2022-12-15 00:00:00,0.02371,0.02393,0.02341,0.02374,6530.0
2022-12-15 04:00:00,0.02374,0.02383,0.02335,0.02369,5358.0
2022-12-15 08:00:00,0.02369,0.02369,0.02345,0.02345,749.0
2022-12-15 12:00:00,0.02345,0.02372,0.02321,0.02321,47213.0
2022-12-15 16:00:00,0.02321,0.02348,0.0232,0.02344,1797.0
2022-12-15 20:00:00,0.02344,0.02344,0.02287,0.02287,2698.0
2022-12-16 00:00:00,0.02287,0.02308,0.02287,0.023,803.0
2022-12-16 04:00:00,0.023,0.0233,0.02297,0.02324,2002.0
2022-12-16 08:00:00,0.02324,0.02338,0.02238,0.02277,66448.0
2022-12-16 12:00:00,0.02277,0.02281,0.02255,0.0228,54332.0
2022-12-16 16:00:00,0.0228,0.0228,0.0228,0.0228,0.0
2022-12-16 20:00:00,0.0228,0.0228,0.0228,0.0228,0.0
2022-12-17 00:00:00,0.0228,0.0228,0.02146,0.02176,2670.0
2022-12-17 04:00:00,0.02176,0.02176,0.02097,0.02104,3632.0
2022-12-17 08:00:00,0.02104,0.02175,0.021,0.0215,66251.0
2022-12-17 12:00:00,0.0215,0.0215,0.02109,0.02116,75929.0
2022-12-17 16:00:00,0.02116,0.02135,0.02116,0.02131,1108.0
2022-12-17 20:00:00,0.02131,0.02142,0.02117,0.02117,1878.0
2022-12-18 00:00:00,0.02117,0.02459,0.02109,0.02378,85266.0
2022-12-18 04:00:00,0.02378,0.02408,0.0226,0.0226,19628.0
2022-12-18 08:00:00,0.0226,0.02285,0.02202,0.02216,6669.0
2022-12-18 12:00:00,0.02216,0.02216,0.02185,0.02189,5646.0
2022-12-18 16:00:00,0.02189,0.02238,0.02189,0.02238,5804.0
2022-12-18 20:00:00,0.02238,0.02256,0.02206,0.02241,7364.0
2022-12-19 00:00:00,0.02241,0.02241,0.02163,0.02178,6307.0
2022-12-19 04:00:00,0.02178,0.02233,0.02129,0.02139,98421.0
2022-12-19 08:00:00,0.02139,0.02139,0.02139,0.02139,1586.0
2022-12-19 12:00:00,0.02139,0.02209,0.02139,0.02148,13497.0
2022-12-19 16:00:00,0.02148,0.02149,0.02109,0.02109,4237.0
2022-12-19 20:00:00,0.02109,0.02129,0.02082,0.02109,6243.0
2022-12-20 00:00:00,0.02109,0.0212,0.02076,0.0212,3231.0
2022-12-20 04:00:00,0.0212,0.02124,0.02071,0.02099,7269.0
2022-12-20 08:00:00,0.02099,0.02108,0.0208,0.02102,5752.0
2022-12-20 12:00:00,0.02102,0.02108,0.02072,0.02086,5318.0
2022-12-20 16:00:00,0.02086,0.02135,0.02086,0.02121,8338.0
2022-12-20 20:00:00,0.02121,0.02122,0.02121,0.02122,1048.0
2022-12-21 00:00:00,0.02122,0.02135,0.02098,0.02101,64033.0
2022-12-21 04:00:00,0.02101,0.02114,0.0209,0.0209,52824.0
2022-12-21 08:00:00,0.0209,0.02104,0.0209,0.02095,3334.0
2022-12-21 12:00:00,0.02095,0.021,0.02077,0.02077,6048.0
2022-12-21 16:00:00,0.02077,0.02145,0.02077,0.02129,5863.0
2022-12-21 20:00:00,0.02129,0.02158,0.02107,0.02131,5113.0
2022-12-22 00:00:00,0.02131,0.02213,0.02118,0.02208,49428.0
2022-12-22 04:00:00,0.02208,0.023,0.02196,0.02294,66904.0
2022-12-22 08:00:00,0.02294,0.02294,0.02229,0.02233,9141.0
2022-12-22 12:00:00,0.02233,0.02271,0.02156,0.02218,6092.0
2022-12-22 16:00:00,0.02218,0.02218,0.02166,0.02192,1814.0
2022-12-22 20:00:00,0.02192,0.02243,0.02192,0.02226,6471.0
2022-12-23 00:00:00,0.02226,0.02383,0.02226,0.02383,12757.0
2022-12-23 04:00:00,0.02383,0.02395,0.02275,0.02283,79579.0
2022-12-23 08:00:00,0.02283,0.02339,0.02259,0.02339,15498.0
2022-12-23 12:00:00,0.02339,0.025,0.02339,0.02468,21925.0
2022-12-23 16:00:00,0.02468,0.02468,0.02429,0.02429,9645.0
2022-12-23 20:00:00,0.02429,0.02509,0.02429,0.02509,6504.0
2022-12-24 00:00:00,0.02509,0.02591,0.02464,0.02474,8397.0
2022-12-24 04:00:00,0.02474,0.02496,0.02406,0.02491,55767.0
2022-12-24 08:00:00,0.02491,0.02491,0.02346,0.02346,15693.0
2022-12-24 12:00:00,0.02346,0.02356,0.02327,0.02356,13474.0
2022-12-24 16:00:00,0.02356,0.02364,0.02333,0.02351,9739.0
2022-12-24 20:00:00,0.02351,0.02372,0.02336,0.02354,5819.0
2022-12-25 00:00:00,0.02354,0.02412,0.02354,0.02385,14439.0
2022-12-25 04:00:00,0.02385,0.02385,0.02296,0.02333,64166.0
2022-12-25 08:00:00,0.02333,0.0234,0.02304,0.02331,9541.0
2022-12-25 12:00:00,0.02331,0.02373,0.02315,0.0233,21349.0
2022-12-25 16:00:00,0.0233,0.02352,0.02295,0.02295,2782.0
2022-12-25 20:00:00,0.02295,0.0231,0.02294,0.0231,781.0
2022-12-26 00:00:00,0.0231,0.02312,0.02285,0.02304,23525.0
2022-12-26 04:00:00,0.02304,0.02309,0.0226,0.02279,41587.0
2022-12-26 08:00:00,0.02279,0.02292,0.02201,0.0223,23715.0
2022-12-26 12:00:00,0.0223,0.0223,0.02183,0.02183,26456.0
2022-12-26 16:00:00,0.02183,0.02195,0.0218,0.02195,1922.0
2022-12-26 20:00:00,0.02195,0.02195,0.02195,0.02195,0.0
2022-12-27 00:00:00,0.02195,0.02195,0.02138,0.02149,35312.0
2022-12-27 04:00:00,0.02149,0.02194,0.02149,0.02181,26611.0
2022-12-27 08:00:00,0.02181,0.02182,0.02155,0.02155,35530.0
2022-12-27 12:00:00,0.02155,0.02168,0.02149,0.02159,22691.0
2022-12-27 16:00:00,0.02159,0.02159,0.02118,0.02118,3355.0
2022-12-27 20:00:00,0.02118,0.02122,0.02118,0.02122,534.0
2022-12-28 00:00:00,0.02122,0.02156,0.02122,0.02151,21297.0
2022-12-28 04:00:00,0.02145,0.02163,0.02114,0.02115,41052.0
2022-12-28 08:00:00,0.02115,0.02133,0.02101,0.02131,34810.0
2022-12-28 12:00:00,0.02131,0.02131,0.02095,0.0211,32499.0
2022-12-28 16:00:00,0.0211,0.02121,0.02087,0.02103,2366.0
2022-12-28 20:00:00,0.02103,0.02103,0.02073,0.021,834.0
2022-12-29 00:00:00,0.021,0.02103,0.02095,0.02102,1137.0
2022-12-29 04:00:00,0.02102,0.02347,0.02102,0.0228,49945.0
2022-12-29 08:00:00,0.0228,0.0228,0.02155,0.02182,39325.0
2022-12-29 12:00:00,0.02182,0.02217,0.02113,0.02123,40902.0
2022-12-29 16:00:00,0.02123,0.02167,0.02123,0.02167,6864.0
2022-12-29 20:00:00,0.02167,0.02173,0.021,0.021,8346.0
2022-12-30 00:00:00,0.021,0.021,0.02092,0.02097,2522.0
2022-12-30 04:00:00,0.02097,0.02097,0.02094,0.02095,23375.0
2022-12-30 08:00:00,0.02095,0.02095,0.02095,0.02095,43297.0
2022-12-30 12:00:00,0.02095,0.02095,0.02082,0.02082,42775.0
2022-12-30 16:00:00,0.02082,0.0209,0.02082,0.0209,9662.0
2022-12-30 20:00:00,0.0209,0.0209,0.0209,0.0209,0.0
2022-12-31 00:00:00,0.0209,0.0209,0.02077,0.02084,9327.0
2022-12-31 04:00:00,0.02084,0.02084,0.02058,0.02058,28611.0
2022-12-31 08:00:00,0.02058,0.02083,0.02057,0.02079,47716.0
2022-12-31 12:00:00,0.02079,0.02126,0.02076,0.02117,43832.0
2022-12-31 16:00:00,0.02117,0.02119,0.02088,0.02089,24539.0
2022-12-31 20:00:00,0.02089,0.02095,0.02089,0.02095,533.0
2023-01-01 00:00:00,0.02095,0.02095,0.02073,0.02073,1708.0
2023-01-01 04:00:00,0.02073,0.02111,0.02025,0.02069,33782.0
2023-01-01 08:00:00,0.02069,0.02115,0.02069,0.02086,40905.0
2023-01-01 12:00:00,0.02086,0.02123,0.02086,0.02123,35680.0
2023-01-01 16:00:00,0.02123,0.02133,0.02119,0.02122,22706.0
2023-01-01 20:00:00,0.02122,0.02122,0.02122,0.02122,0.0
2023-01-02 00:00:00,0.02122,0.02122,0.02122,0.02122,0.0
2023-01-02 04:00:00,0.02122,0.02122,0.02111,0.02115,31400.0
2023-01-02 08:00:00,0.02115,0.02117,0.02102,0.02117,44332.0
2023-01-02 12:00:00,0.02117,0.02117,0.021,0.02103,20763.0
2023-01-02 16:00:00,0.02103,0.02106,0.02097,0.02102,32362.0
2023-01-02 20:00:00,0.02102,0.02102,0.02102,0.02102,0.0
2023-01-03 00:00:00,0.02102,0.02117,0.02102,0.02117,425.0
2023-01-03 04:00:00,0.02117,0.02173,0.02117,0.02151,33594.0
2023-01-03 08:00:00,0.02151,0.02173,0.02146,0.02165,39120.0
2023-01-03 12:00:00,0.02165,0.02165,0.02092,0.02114,25367.0
2023-01-03 16:00:00,0.02114,0.02152,0.02092,0.02124,41559.0
2023-01-03 20:00:00,0.02124,0.02132,0.02115,0.02115,425.0
2023-01-04 00:00:00,0.02115,0.02115,0.02115,0.02115,0.0
2023-01-04 04:00:00,0.02115,0.02136,0.02115,0.02131,32978.0
2023-01-04 08:00:00,0.02131,0.02139,0.02099,0.02132,39723.0
2023-01-04 12:00:00,0.02132,0.02132,0.02132,0.02132,0.0
2023-01-04 16:00:00,0.02132,0.02145,0.02114,0.02129,63048.0
2023-01-04 20:00:00,0.02129,0.02129,0.02129,0.02129,0.0
2023-01-05 00:00:00,0.02129,0.02196,0.02129,0.02168,3531.0
2023-01-05 04:00:00,0.02168,0.02196,0.02134,0.02145,39497.0
2023-01-05 08:00:00,0.02145,0.02155,0.02125,0.02152,31022.0
2023-01-05 12:00:00,0.02152,0.02154,0.02092,0.02111,8333.0
2023-01-05 16:00:00,0.02111,0.02154,0.02111,0.02142,42776.0
2023-01-05 20:00:00,0.02142,0.02142,0.02117,0.02125,1560.0
2023-01-06 00:00:00,0.02125,0.02125,0.02112,0.02112,1057.0
2023-01-06 04:00:00,0.02112,0.02148,0.02101,0.02125,47504.0
2023-01-06 08:00:00,0.02125,0.02138,0.0212,0.02134,28442.0
2023-01-06 12:00:00,0.02134,0.02417,0.02114,0.02114,12352.0
2023-01-06 16:00:00,0.02114,0.02152,0.02114,0.02152,36417.0
2023-01-06 20:00:00,0.02152,0.02152,0.02143,0.02148,4372.0
2023-01-07 00:00:00,0.02148,0.02148,0.02148,0.02148,0.0
2023-01-07 04:00:00,0.02148,0.02169,0.02148,0.02167,52865.0
2023-01-07 08:00:00,0.02167,0.02191,0.02152,0.02159,17230.0
2023-01-07 12:00:00,0.02159,0.02173,0.02133,0.02147,15216.0
2023-01-07 16:00:00,0.02147,0.02179,0.02147,0.02179,28077.0
2023-01-07 20:00:00,0.02179,0.02184,0.02171,0.02175,14267.0
2023-01-08 00:00:00,0.02175,0.02175,0.02173,0.02173,242.0
2023-01-08 04:00:00,0.02173,0.02183,0.02169,0.02175,51419.0
2023-01-08 08:00:00,0.02175,0.02271,0.02163,0.02177,18235.0
2023-01-08 12:00:00,0.02177,0.02194,0.0217,0.02182,13561.0
2023-01-08 16:00:00,0.02182,0.02217,0.02182,0.02204,14487.0
2023-01-08 20:00:00,0.02204,0.02207,0.02192,0.02207,28025.0
2023-01-09 00:00:00,0.02207,0.02207,0.02207,0.02207,0.0
2023-01-09 04:00:00,0.02207,0.02277,0.02207,0.02271,51959.0
2023-01-09 08:00:00,0.02271,0.02271,0.02263,0.02263,1693.0
2023-01-09 12:00:00,0.02263,0.0227,0.02241,0.02248,30296.0
2023-01-09 16:00:00,0.02248,0.02256,0.02243,0.02256,9841.0
2023-01-09 20:00:00,0.02256,0.02276,0.02256,0.02268,28142.0
2023-01-10 00:00:00,0.02268,0.02268,0.02268,0.02268,0.0
2023-01-10 04:00:00,0.02268,0.02275,0.02248,0.02275,45423.0
2023-01-10 08:00:00,0.02275,0.02291,0.02268,0.02291,4704.0
2023-01-10 12:00:00,0.02291,0.02292,0.0225,0.02277,42319.0
2023-01-10 16:00:00,0.02277,0.02277,0.02277,0.02277,0.0
2023-01-10 20:00:00,0.02277,0.02279,0.02259,0.02276,32159.0
2023-01-11 00:00:00,0.02276,0.02276,0.02276,0.02276,0.0
2023-01-11 04:00:00,0.02276,0.02307,0.02276,0.02288,3448.0
2023-01-11 08:00:00,0.02293,0.02306,0.01193,0.01193,43111.0
2023-01-11 12:00:00,0.01193,0.0229,0.01193,0.02281,10699.0
2023-01-11 16:00:00,0.02281,0.02294,0.02278,0.02282,27847.0
2023-01-11 20:00:00,0.02282,0.02282,0.02255,0.02255,31567.0
2023-01-12 00:00:00,0.02255,0.02255,0.02255,0.02255,0.0
2023-01-12 04:00:00,0.02255,0.0227,0.02255,0.0227,425.0
2023-01-12 08:00:00,0.0227,0.02341,0.0227,0.02333,46215.0
2023-01-12 12:00:00,0.02333,0.02547,0.02308,0.02328,11584.0
2023-01-12 16:00:00,0.02328,0.02334,0.02321,0.02321,24782.0
2023-01-12 20:00:00,0.02321,0.02427,0.02321,0.02427,33295.0
2023-01-13 00:00:00,0.02427,0.02427,0.02427,0.02427,0.0
2023-01-13 04:00:00,0.02427,0.02427,0.02373,0.02375,824.0
2023-01-13 08:00:00,0.02375,0.02404,0.02361,0.02386,40909.0
2023-01-13 12:00:00,0.02386,0.02398,0.02386,0.02398,12210.0
2023-01-13 16:00:00,0.02398,0.02424,0.02398,0.02421,28604.0
2023-01-13 20:00:00,0.02421,0.02445,0.02401,0.02433,27508.0
2023-01-14 00:00:00,0.02433,0.02544,0.02433,0.02531,1592.0
2023-01-14 04:00:00,0.02531,0.02531,0.02531,0.02531,0.0
2023-01-14 08:00:00,0.02531,0.02577,0.01266,0.02521,52783.0
2023-01-14 12:00:00,0.02521,0.02535,0.02521,0.02535,200.0
2023-01-14 16:00:00,0.02535,0.02552,0.02512,0.02552,35127.0
2023-01-14 20:00:00,0.02552,0.02578,0.02526,0.02561,15591.0
2023-01-15 00:00:00,0.02561,0.02561,0.02561,0.02561,0.0
2023-01-15 04:00:00,0.02561,0.02561,0.02561,0.02561,0.0
2023-01-15 08:00:00,0.02561,0.02561,0.02528,0.02554,59778.0
2023-01-15 12:00:00,0.02554,0.02571,0.02545,0.02545,9679.0
2023-01-15 16:00:00,0.02545,0.02599,0.02545,0.02599,28261.0
2023-01-15 20:00:00,0.02599,0.02631,0.02599,0.02612,6785.0
2023-01-16 00:00:00,0.02612,0.02618,0.02604,0.02608,759.0
2023-01-16 04:00:00,0.02608,0.02608,0.02608,0.02608,0.0
2023-01-16 08:00:00,0.02608,0.03255,0.01408,0.02599,521731.0
2023-01-16 12:00:00,0.02599,0.02629,0.02571,0.02628,131282.0
2023-01-16 16:00:00,0.02628,0.02628,0.02628,0.02628,0.0
2023-01-16 20:00:00,0.02628,0.02628,0.02628,0.02628,0.0
2023-01-17 00:00:00,0.02628,0.02628,0.02628,0.02628,0.0
2023-01-17 04:00:00,0.02628,0.02628,0.02628,0.02628,0.0
2023-01-17 08:00:00,0.02628,0.02628,0.02628,0.02628,0.0
2023-01-17 12:00:00,0.02628,0.02678,0.02627,0.02646,120139.0
2023-01-17 16:00:00,0.02646,0.02646,0.02646,0.02646,0.0
2023-01-17 20:00:00,0.02646,0.02646,0.02646,0.02646,0.0
2023-01-18 00:00:00,0.02646,0.02646,0.02646,0.02646,0.0
2023-01-18 04:00:00,0.02646,0.02682,0.02646,0.02682,318.0
2023-01-18 08:00:00,0.02682,0.02682,0.02659,0.02659,318.0
2023-01-18 12:00:00,0.02659,0.02659,0.02632,0.02634,101164.0
2023-01-18 16:00:00,0.02634,0.02634,0.02634,0.02634,0.0
2023-01-18 20:00:00,0.02634,0.02634,0.02634,0.02634,0.0
2023-01-19 00:00:00,0.02634,0.02634,0.02634,0.02634,0.0
2023-01-19 04:00:00,0.02634,0.02634,0.02585,0.02585,425.0
2023-01-19 08:00:00,0.02585,0.02585,0.02585,0.02585,0.0
2023-01-19 12:00:00,0.02585,0.02619,0.02583,0.02604,127796.0
2023-01-19 16:00:00,0.02604,0.02719,0.02604,0.02692,7679.0
2023-01-19 20:00:00,0.02692,0.02692,0.02692,0.02692,0.0
2023-01-20 00:00:00,0.02692,0.02692,0.02692,0.02692,0.0
2023-01-20 04:00:00,0.02692,0.02692,0.02596,0.02602,978.0
2023-01-20 08:00:00,0.02602,0.02643,0.02602,0.02643,868.0
2023-01-20 12:00:00,0.02643,0.02682,0.02631,0.02682,91757.0
2023-01-20 16:00:00,0.02682,0.02691,0.02655,0.0267,15355.0
2023-01-20 20:00:00,0.0267,0.0267,0.0267,0.0267,0.0
2023-01-21 00:00:00,0.0267,0.0267,0.0267,0.0267,0.0
2023-01-21 04:00:00,0.0267,0.02766,0.0267,0.02766,409.0
2023-01-21 08:00:00,0.02766,0.02795,0.02734,0.02791,1581.0
2023-01-21 12:00:00,0.02791,0.02828,0.02791,0.02811,63356.0
2023-01-21 16:00:00,0.02811,0.02837,0.02804,0.02832,33937.0
2023-01-21 20:00:00,0.02832,0.02832,0.02832,0.02832,0.0
2023-01-22 00:00:00,0.02832,0.02832,0.02809,0.02809,1225.0
2023-01-22 04:00:00,0.02809,0.02809,0.02809,0.02809,0.0
2023-01-22 08:00:00,0.02809,0.02809,0.02809,0.02809,0.0
2023-01-22 12:00:00,0.02809,0.02987,0.02658,0.02773,39906.0
2023-01-22 16:00:00,0.02773,0.02799,0.02767,0.02791,54889.0
2023-01-22 20:00:00,0.02791,0.02791,0.02791,0.02791,0.0
2023-01-23 00:00:00,0.02791,0.02791,0.02791,0.02791,0.0
2023-01-23 04:00:00,0.02791,0.02791,0.02791,0.02791,0.0
2023-01-23 08:00:00,0.02791,0.0283,0.02788,0.0283,3057.0
2023-01-23 12:00:00,0.0283,0.0283,0.0278,0.02814,29806.0
2023-01-23 16:00:00,0.02814,0.02832,0.02796,0.02796,65794.0
2023-01-23 20:00:00,0.02796,0.02796,0.02796,0.02796,0.0
2023-01-24 00:00:00,0.02796,0.02796,0.02796,0.02796,0.0
2023-01-24 04:00:00,0.02796,0.02796,0.02796,0.02796,0.0
2023-01-24 08:00:00,0.02796,0.02796,0.02796,0.02796,0.0
2023-01-24 12:00:00,0.02796,0.02803,0.02796,0.02803,25933.0
2023-01-24 16:00:00,0.02803,0.02804,0.02803,0.02804,73794.0
2023-01-24 20:00:00,0.02804,0.02804,0.02804,0.02804,0.0
2023-01-25 00:00:00,0.02804,0.02804,0.02663,0.02705,1066.0
2023-01-25 04:00:00,0.02705,0.02705,0.02705,0.02705,0.0
2023-01-25 08:00:00,0.02705,0.02705,0.02705,0.02705,0.0
2023-01-25 12:00:00,0.02705,0.02746,0.02705,0.02735,10563.0
2023-01-25 16:00:00,0.02735,0.02765,0.02727,0.02757,89862.0
2023-01-25 20:00:00,0.02757,0.02761,0.02757,0.02761,218.0
2023-01-26 00:00:00,0.02761,0.02761,0.02761,0.02761,0.0
2023-01-26 04:00:00,0.02761,0.02851,0.02761,0.02851,604.0
2023-01-26 08:00:00,0.02851,0.02851,0.02851,0.02851,0.0
2023-01-26 12:00:00,0.02851,0.02851,0.02851,0.02851,0.0
2023-01-26 16:00:00,0.02851,0.02851,0.02779,0.02801,95069.0
2023-01-26 20:00:00,0.02801,0.02801,0.02801,0.02801,0.0
2023-01-27 00:00:00,0.02801,0.02801,0.02801,0.02801,0.0
2023-01-27 04:00:00,0.02801,0.02801,0.02801,0.02801,0.0
2023-01-27 08:00:00,0.02801,0.02801,0.02801,0.02801,0.0
2023-01-27 12:00:00,0.02801,0.02801,0.02801,0.02801,0.0
2023-01-27 16:00:00,0.02801,0.03546,0.02454,0.03546,8649.0
2023-01-27 20:00:00,0.03546,0.03698,0.03522,0.03682,1809.0
2023-01-28 00:00:00,0.03682,0.03943,0.03598,0.03875,37300.0
2023-01-28 04:00:00,0.03875,0.04243,0.03875,0.03906,17446.0
2023-01-28 08:00:00,0.03906,0.03906,0.03633,0.03691,1038.0
2023-01-28 12:00:00,0.03691,0.03876,0.03691,0.03808,4861.0
2023-01-28 16:00:00,0.03808,0.03897,0.03727,0.03769,2537.0
2023-01-28 20:00:00,0.03769,0.03779,0.03697,0.03697,1396.0
2023-01-29 00:00:00,0.03697,0.03697,0.03697,0.03697,0.0
2023-01-29 04:00:00,0.03697,0.03734,0.03697,0.03731,3007.0
2023-01-29 08:00:00,0.03731,0.0376,0.03699,0.03753,61060.0
2023-01-29 12:00:00,0.03753,0.03753,0.03703,0.03703,146.0
2023-01-29 16:00:00,0.03703,0.03703,0.03647,0.03647,5735.0
2023-01-29 20:00:00,0.03647,0.03647,0.03647,0.03647,0.0
2023-01-30 00:00:00,0.03647,0.03647,0.03647,0.03647,0.0
2023-01-30 04:00:00,0.03647,0.03647,0.03647,0.03647,0.0
2023-01-30 08:00:00,0.03647,0.03647,0.03467,0.03467,72380.0
2023-01-30 12:00:00,0.03467,0.03509,0.03465,0.03465,425.0
2023-01-30 16:00:00,0.03465,0.03481,0.0342,0.03481,585.0
2023-01-30 20:00:00,0.03481,0.03481,0.03481,0.03481,0.0
2023-01-31 00:00:00,0.03481,0.03481,0.03481,0.03481,0.0
2023-01-31 04:00:00,0.03481,0.03481,0.03481,0.03481,0.0
2023-01-31 08:00:00,0.03481,0.03536,0.03448,0.03481,74280.0
2023-01-31 12:00:00,0.03481,0.03695,0.03443,0.03692,1123.0
2023-01-31 16:00:00,0.03692,0.03692,0.03692,0.03692,0.0
2023-01-31 20:00:00,0.03692,0.03692,0.03692,0.03692,0.0
2023-02-01 00:00:00,0.03692,0.03692,0.03692,0.03692,0.0
2023-02-01 04:00:00,0.03692,0.03692,0.03692,0.03692,0.0
2023-02-01 08:00:00,0.03692,0.03692,0.03333,0.03333,79704.0
2023-02-01 12:00:00,0.03333,0.03333,0.03333,0.03333,0.0
2023-02-01 16:00:00,0.03333,0.03333,0.03333,0.03333,0.0
2023-02-01 20:00:00,0.03333,0.03333,0.03333,0.03333,0.0
2023-02-02 00:00:00,0.03333,0.03494,0.03333,0.03493,3732.0
2023-02-02 04:00:00,0.03493,0.03493,0.03493,0.03493,0.0
2023-02-02 08:00:00,0.03493,0.03493,0.03367,0.0338,83611.0
2023-02-02 12:00:00,0.0338,0.03389,0.03375,0.03389,1602.0
2023-02-02 16:00:00,0.03389,0.03389,0.03382,0.03382,503.0
2023-02-02 20:00:00,0.03382,0.03382,0.03338,0.03361,891.0
2023-02-03 00:00:00,0.03361,0.03361,0.03361,0.03361,0.0
2023-02-03 04:00:00,0.03361,0.03361,0.03221,0.03221,425.0
2023-02-03 08:00:00,0.03221,0.03253,0.03221,0.03222,81750.0
2023-02-03 12:00:00,0.03222,0.03222,0.03222,0.03222,0.0
2023-02-03 16:00:00,0.03222,0.03222,0.03126,0.03126,564.0
2023-02-03 20:00:00,0.03126,0.03156,0.03126,0.03156,158.0
2023-02-04 00:00:00,0.03156,0.03156,0.03156,0.03156,0.0
2023-02-04 04:00:00,0.03156,0.03156,0.03073,0.03103,838.0
2023-02-04 08:00:00,0.03103,0.03145,0.03103,0.03127,90525.0
2023-02-04 12:00:00,0.03127,0.03127,0.03127,0.03127,0.0
2023-02-04 16:00:00,0.03127,0.03127,0.03091,0.03125,1768.0
2023-02-04 20:00:00,0.03125,0.03125,0.03125,0.03125,0.0
2023-02-05 00:00:00,0.03125,0.03125,0.03125,0.03125,0.0
2023-02-05 04:00:00,0.03125,0.03125,0.03125,0.03125,0.0
2023-02-05 08:00:00,0.03125,0.03125,0.0305,0.03055,91286.0
2023-02-05 12:00:00,0.03055,0.03055,0.03055,0.03055,5586.0
2023-02-05 16:00:00,0.03055,0.03055,0.03055,0.03055,0.0
2023-02-05 20:00:00,0.03055,0.03055,0.03017,0.03017,294.0
2023-02-06 00:00:00,0.03017,0.03017,0.03017,0.03017,0.0
2023-02-06 04:00:00,0.03017,0.03017,0.03017,0.03017,0.0
2023-02-06 08:00:00,0.03017,0.03173,0.03017,0.03173,75484.0
2023-02-06 12:00:00,0.03173,0.03469,0.03173,0.03344,21770.0
2023-02-06 16:00:00,0.03344,0.03344,0.03254,0.03254,3620.0
2023-02-06 20:00:00,0.03254,0.03295,0.03254,0.03257,721.0
2023-02-07 00:00:00,0.03257,0.03652,0.03257,0.03523,2791.0
2023-02-07 04:00:00,0.03523,0.03917,0.03523,0.03762,2639.0
2023-02-07 08:00:00,0.03762,0.03762,0.03608,0.03608,43430.0
2023-02-07 12:00:00,0.03608,0.03608,0.03608,0.03608,23108.0
2023-02-07 16:00:00,0.03608,0.03608,0.03608,0.03608,0.0
2023-02-07 20:00:00,0.03608,0.03608,0.03608,0.03608,0.0
2023-02-08 00:00:00,0.03608,0.03608,0.03416,0.03428,12644.0
2023-02-08 04:00:00,0.03428,0.03433,0.03428,0.03433,252.0
2023-02-08 08:00:00,0.03433,0.03433,0.03324,0.03324,20985.0
2023-02-08 12:00:00,0.03324,0.03324,0.03324,0.03324,66116.0
2023-02-08 16:00:00,0.03324,0.03324,0.03324,0.03324,0.0
2023-02-08 20:00:00,0.03324,0.03324,0.03324,0.03324,0.0
2023-02-09 00:00:00,0.03324,0.03324,0.03324,0.03324,7496.0
2023-02-09 04:00:00,0.03324,0.03324,0.03324,0.03324,0.0
2023-02-09 08:00:00,0.03324,0.03324,0.03175,0.03175,7587.0
2023-02-09 12:00:00,0.03175,0.03341,0.03175,0.03341,80780.0
2023-02-09 16:00:00,0.03341,0.03341,0.03287,0.03287,255.0
2023-02-09 20:00:00,0.03287,0.03287,0.03154,0.03154,355.0
2023-02-10 00:00:00,0.03154,0.03203,0.0309,0.03152,2575.0
2023-02-10 04:00:00,0.03152,0.03206,0.03111,0.03111,1797.0
2023-02-10 08:00:00,0.03111,0.03193,0.03111,0.03188,13529.0
2023-02-10 12:00:00,0.03188,0.03188,0.03161,0.03162,67974.0
2023-02-10 16:00:00,0.03162,0.03162,0.03086,0.03086,4349.0
2023-02-10 20:00:00,0.03086,0.03086,0.03086,0.03086,0.0
2023-02-11 00:00:00,0.03086,0.03105,0.03086,0.03105,280.0
2023-02-11 04:00:00,0.03105,0.03246,0.03105,0.03246,1359.0
2023-02-11 08:00:00,0.03246,0.03246,0.03104,0.03104,16523.0
2023-02-11 12:00:00,0.03104,0.03196,0.03104,0.03196,74685.0
2023-02-11 16:00:00,0.03196,0.03226,0.03153,0.03153,14243.0
2023-02-11 20:00:00,0.03153,0.03153,0.03153,0.03153,0.0
2023-02-12 00:00:00,0.03153,0.03259,0.03153,0.03259,2663.0
2023-02-12 04:00:00,0.03259,0.03259,0.03259,0.03259,0.0
2023-02-12 08:00:00,0.03259,0.03259,0.03247,0.03247,9933.0
2023-02-12 12:00:00,0.03247,0.03247,0.03203,0.03203,52708.0
2023-02-12 16:00:00,0.03203,0.03203,0.03171,0.03174,23765.0
2023-02-12 20:00:00,0.03174,0.03174,0.03098,0.03098,1897.0
2023-02-13 00:00:00,0.03098,0.03174,0.03098,0.03174,283.0
2023-02-13 04:00:00,0.03174,0.03196,0.03129,0.0315,16000.0
2023-02-13 08:00:00,0.0315,0.0315,0.0315,0.0315,0.0
2023-02-13 12:00:00,0.0315,0.0315,0.03112,0.03112,49282.0
2023-02-13 16:00:00,0.03112,0.03112,0.03107,0.03107,26512.0
2023-02-13 20:00:00,0.03107,0.03107,0.03107,0.03107,0.0
2023-02-14 00:00:00,0.03107,0.03107,0.03107,0.03107,0.0
2023-02-14 04:00:00,0.03107,0.03208,0.03107,0.03202,8813.0
2023-02-14 08:00:00,0.03202,0.03202,0.03202,0.03202,13040.0
2023-02-14 12:00:00,0.03202,0.03202,0.03201,0.03201,46850.0
2023-02-14 16:00:00,0.03201,0.03201,0.03166,0.03179,20556.0
2023-02-14 20:00:00,0.03179,0.03339,0.03179,0.03258,56020.0
2023-02-15 00:00:00,0.03258,0.03258,0.03203,0.03203,5936.0
2023-02-15 04:00:00,0.03203,0.03253,0.03203,0.03203,6497.0
2023-02-15 08:00:00,0.03203,0.03203,0.03203,0.03203,0.0
2023-02-15 12:00:00,0.03203,0.03203,0.03203,0.03203,0.0
2023-02-15 16:00:00,0.03203,0.03278,0.03203,0.03265,18474.0
2023-02-15 20:00:00,0.03265,0.03376,0.03265,0.03314,59352.0
2023-02-16 00:00:00,0.03314,0.03362,0.03314,0.03351,1874.0
2023-02-16 04:00:00,0.03351,0.03351,0.03351,0.03351,0.0
2023-02-16 08:00:00,0.03351,0.03351,0.03351,0.03351,0.0
2023-02-16 12:00:00,0.03351,0.03426,0.03351,0.03414,1919.0
2023-02-16 16:00:00,0.03414,0.03461,0.03394,0.03395,20467.0
2023-02-16 20:00:00,0.03395,0.03402,0.03358,0.03358,55626.0
2023-02-17 00:00:00,0.03358,0.03358,0.03263,0.03263,4499.0
2023-02-17 04:00:00,0.03263,0.03263,0.03263,0.03263,0.0
2023-02-17 08:00:00,0.03263,0.03263,0.03263,0.03263,0.0
2023-02-17 12:00:00,0.03263,0.03301,0.03263,0.03301,524.0
2023-02-17 16:00:00,0.03301,0.03424,0.0327,0.03352,30459.0
2023-02-17 20:00:00,0.03352,0.03383,0.03342,0.03342,43879.0
2023-02-18 00:00:00,0.03342,0.03342,0.03342,0.03342,0.0
2023-02-18 04:00:00,0.03342,0.03394,0.03342,0.0337,11425.0
2023-02-18 08:00:00,0.0337,0.0337,0.0337,0.0337,0.0
2023-02-18 12:00:00,0.0337,0.0337,0.0337,0.0337,0.0
2023-02-18 16:00:00,0.0337,0.0337,0.0337,0.0337,0.0
2023-02-18 20:00:00,0.0337,0.03516,0.0337,0.03407,3759.0
2023-02-19 00:00:00,0.03407,0.03537,0.03407,0.03537,2113.0
2023-02-19 04:00:00,0.03537,0.04081,0.03537,0.04081,232855.0
2023-02-19 08:00:00,0.04081,0.05621,0.0378,0.05252,7680.0
2023-02-19 12:00:00,0.05252,0.05432,0.04725,0.04777,12935.0
2023-02-19 16:00:00,0.04777,0.04925,0.04592,0.04835,7226.0
2023-02-19 20:00:00,0.04835,0.04835,0.04708,0.04758,485.0
2023-02-20 00:00:00,0.04758,0.04758,0.04626,0.04633,356.0
2023-02-20 04:00:00,0.04633,0.05269,0.04633,0.05269,1083.0
2023-02-20 08:00:00,0.05269,0.05269,0.04662,0.04726,181655.0
2023-02-20 12:00:00,0.04726,0.04726,0.04502,0.04512,1075.0
2023-02-20 16:00:00,0.04512,0.04512,0.04276,0.04299,5329.0
2023-02-20 20:00:00,0.04299,0.04299,0.04295,0.04295,201.0
2023-02-21 00:00:00,0.04295,0.04437,0.0429,0.04309,744.0
2023-02-21 04:00:00,0.04309,0.04544,0.04197,0.04315,14586.0
2023-02-21 08:00:00,0.04315,0.04315,0.04123,0.04123,4010.0
2023-02-21 12:00:00,0.04123,0.04123,0.03979,0.03979,10049.0
2023-02-21 16:00:00,0.03979,0.03979,0.03885,0.03885,6241.0
2023-02-21 20:00:00,0.03885,0.03885,0.0356,0.0356,2508.0
2023-02-22 00:00:00,0.0356,0.0356,0.0356,0.0356,0.0
2023-02-22 04:00:00,0.0356,0.0356,0.0356,0.0356,0.0
2023-02-22 08:00:00,0.0356,0.03589,0.03509,0.03511,3002.0
2023-02-22 12:00:00,0.03511,0.03532,0.03511,0.03532,490.0
2023-02-22 16:00:00,0.03532,0.03605,0.035,0.03556,5346.0
2023-02-22 20:00:00,0.03556,0.03556,0.03556,0.03556,0.0
2023-02-23 00:00:00,0.03556,0.0361,0.03556,0.03587,3124.0
2023-02-23 04:00:00,0.03587,0.03587,0.03515,0.03538,2068.0
2023-02-23 08:00:00,0.03538,0.03656,0.03538,0.03579,2356.0
2023-02-23 12:00:00,0.03579,0.03579,0.03579,0.03579,0.0
2023-02-23 16:00:00,0.03579,0.03579,0.03579,0.03579,0.0
2023-02-23 20:00:00,0.03579,0.03579,0.03579,0.03579,0.0
2023-02-24 00:00:00,0.03579,0.03579,0.03579,0.03579,0.0
2023-02-24 04:00:00,0.03579,0.03596,0.03579,0.03596,248.0
2023-02-24 08:00:00,0.03596,0.03602,0.03576,0.03602,407.0
2023-02-24 12:00:00,0.03602,0.03602,0.0348,0.03507,503.0
2023-02-24 16:00:00,0.03507,0.03507,0.03143,0.03373,90153.0
2023-02-24 20:00:00,0.03373,0.03373,0.03373,0.03373,0.0
2023-02-25 00:00:00,0.03373,0.03373,0.03373,0.03373,0.0
2023-02-25 04:00:00,0.03373,0.03373,0.03373,0.03373,0.0
2023-02-25 08:00:00,0.03373,0.03373,0.03233,0.03262,1275.0
2023-02-25 12:00:00,0.03262,0.03278,0.03256,0.03256,850.0
2023-02-25 16:00:00,0.03256,0.03304,0.03251,0.03251,2229.0
2023-02-25 20:00:00,0.03251,0.03251,0.03251,0.03251,0.0
2023-02-26 00:00:00,0.03251,0.03282,0.03251,0.03282,482.0
2023-02-26 04:00:00,0.03282,0.0331,0.03267,0.0331,1460.0
2023-02-26 08:00:00,0.0331,0.03342,0.03303,0.03308,11409.0
2023-02-26 12:00:00,0.03308,0.03308,0.03308,0.03308,8527.0
2023-02-26 16:00:00,0.03308,0.03308,0.03308,0.03308,0.0
2023-02-26 20:00:00,0.03308,0.03308,0.03308,0.03308,0.0
2023-02-27 00:00:00,0.03308,0.03308,0.03308,0.03308,0.0
2023-02-27 04:00:00,0.03308,0.0336,0.03308,0.03338,2334.0
2023-02-27 08:00:00,0.03338,0.03359,0.03338,0.03359,227.0
2023-02-27 12:00:00,0.03359,0.03416,0.03338,0.03401,15448.0
2023-02-27 16:00:00,0.03401,0.03401,0.03372,0.03372,2381.0
2023-02-27 20:00:00,0.03372,0.03623,0.03372,0.03485,8015.0
2023-02-28 00:00:00,0.03485,0.03543,0.03423,0.03491,8738.0
2023-02-28 04:00:00,0.03491,0.04661,0.0195,0.03764,21356.0
2023-02-28 08:00:00,0.03764,0.03764,0.03598,0.03617,4910.0
2023-02-28 12:00:00,0.03617,0.03666,0.03578,0.03666,4526.0
2023-02-28 16:00:00,0.03666,0.03676,0.03558,0.03558,4674.0
2023-02-28 20:00:00,0.03558,0.03558,0.03482,0.03482,1020.0
2023-03-01 00:00:00,0.03482,0.03482,0.0344,0.03478,684.0
2023-03-01 04:00:00,0.03478,0.03513,0.03478,0.03513,209.0
2023-03-01 08:00:00,0.03513,0.03513,0.03513,0.03513,0.0
2023-03-01 12:00:00,0.03513,0.0353,0.03463,0.03503,1206.0
2023-03-01 16:00:00,0.03503,0.03503,0.03443,0.0349,1758.0
2023-03-01 20:00:00,0.0349,0.0349,0.03332,0.03418,13860.0
2023-03-02 00:00:00,0.03418,0.03418,0.0338,0.03397,522.0
2023-03-02 04:00:00,0.03397,0.03559,0.03338,0.03354,16999.0
2023-03-02 08:00:00,0.03354,0.03354,0.03341,0.03341,696.0
2023-03-02 12:00:00,0.03341,0.03341,0.03305,0.03309,5645.0
2023-03-02 16:00:00,0.03309,0.03309,0.03263,0.03263,369.0
2023-03-02 20:00:00,0.03263,0.03263,0.03263,0.03263,0.0
2023-03-03 00:00:00,0.03263,0.03263,0.03202,0.03202,2333.0
2023-03-03 04:00:00,0.03202,0.03202,0.03202,0.03202,0.0
2023-03-03 08:00:00,0.03202,0.03202,0.03202,0.03202,0.0
2023-03-03 12:00:00,0.03202,0.03202,0.03202,0.03202,0.0
2023-03-03 16:00:00,0.03202,0.03202,0.03129,0.03166,10264.0
2023-03-03 20:00:00,0.03166,0.03191,0.03155,0.03155,2022.0
2023-03-04 00:00:00,0.03155,0.03191,0.03076,0.03191,9750.0
2023-03-04 04:00:00,0.03191,0.03191,0.03191,0.03191,0.0
2023-03-04 08:00:00,0.03191,0.03191,0.03191,0.03191,0.0
2023-03-04 12:00:00,0.03191,0.03191,0.03191,0.03191,0.0
2023-03-04 16:00:00,0.03191,0.03191,0.03191,0.03191,0.0
2023-03-04 20:00:00,0.03191,0.03191,0.03191,0.03191,0.0
2023-03-05 00:00:00,0.03191,0.03191,0.03191,0.03191,0.0
2023-03-05 04:00:00,0.03191,0.03191,0.0318,0.0318,536.0
2023-03-05 08:00:00,0.0318,0.0321,0.03129,0.0321,2234.0
2023-03-05 12:00:00,0.0321,0.0321,0.03146,0.03146,656.0
2023-03-05 16:00:00,0.03146,0.0318,0.03146,0.03175,855.0
2023-03-05 20:00:00,0.03175,0.03175,0.03175,0.03175,0.0
2023-03-06 00:00:00,0.03175,0.03175,0.03175,0.03175,0.0
2023-03-06 04:00:00,0.03175,0.03175,0.03175,0.03175,0.0
2023-03-06 08:00:00,0.03175,0.03175,0.03121,0.03171,560.0
2023-03-06 12:00:00,0.03171,0.03171,0.03171,0.03171,0.0
2023-03-06 16:00:00,0.03171,0.03171,0.03171,0.03171,0.0
2023-03-06 20:00:00,0.03171,0.03202,0.03171,0.03202,9193.0
2023-03-07 00:00:00,0.03202,0.03202,0.03183,0.03193,9169.0
2023-03-07 04:00:00,0.03193,0.03193,0.03193,0.03193,0.0
2023-03-07 08:00:00,0.03193,0.03193,0.03193,0.03193,0.0
2023-03-07 12:00:00,0.03193,0.03193,0.03193,0.03193,0.0
2023-03-07 16:00:00,0.03193,0.03193,0.03193,0.03193,0.0
2023-03-07 20:00:00,0.03193,0.03193,0.03193,0.03193,0.0
2023-03-08 00:00:00,0.03193,0.03193,0.03193,0.03193,0.0
2023-03-08 04:00:00,0.03193,0.03193,0.03193,0.03193,0.0
2023-03-08 08:00:00,0.03193,0.03193,0.03193,0.03193,0.0
2023-03-08 12:00:00,0.03193,0.03193,0.03037,0.03046,2078.0
2023-03-08 16:00:00,0.03046,0.03089,0.03046,0.03089,235.0
2023-03-08 20:00:00,0.03089,0.03089,0.03041,0.03041,380.0
2023-03-09 00:00:00,0.03041,0.0317,0.03041,0.0317,3688.0
2023-03-09 04:00:00,0.0317,0.0317,0.03114,0.03114,418.0
2023-03-09 08:00:00,0.03114,0.0322,0.03114,0.03141,1074.0
2023-03-09 12:00:00,0.03141,0.03159,0.03141,0.03159,221.0
2023-03-09 16:00:00,0.03159,0.03159,0.0305,0.03057,484.0
2023-03-09 20:00:00,0.03057,0.03057,0.02899,0.02905,5378.0
2023-03-10 00:00:00,0.02905,0.02905,0.02842,0.02848,1248.0
2023-03-10 04:00:00,0.02848,0.02848,0.02789,0.0281,5738.0
2023-03-10 08:00:00,0.0281,0.02816,0.02757,0.02786,1044.0
2023-03-10 12:00:00,0.02786,0.02831,0.02786,0.02831,522.0
2023-03-10 16:00:00,0.02831,0.02831,0.0278,0.0278,502.0
2023-03-10 20:00:00,0.0278,0.0278,0.0278,0.0278,0.0
2023-03-11 00:00:00,0.0278,0.0278,0.0278,0.0278,0.0
2023-03-11 04:00:00,0.0278,0.02914,0.0278,0.02869,1340.0
2023-03-11 08:00:00,0.02869,0.02869,0.02805,0.02805,496.0
2023-03-11 12:00:00,0.02805,0.02805,0.02805,0.02805,0.0
2023-03-11 16:00:00,0.02805,0.02805,0.02779,0.02779,251.0
2023-03-11 20:00:00,0.02779,0.02779,0.02779,0.02779,0.0
2023-03-12 00:00:00,0.02779,0.02779,0.02779,0.02779,0.0
2023-03-12 04:00:00,0.02779,0.02838,0.02779,0.02838,640.0
2023-03-12 08:00:00,0.02838,0.02838,0.02811,0.02812,5424.0
2023-03-12 12:00:00,0.02812,0.02819,0.02806,0.02812,3974.0
2023-03-12 16:00:00,0.02812,0.03018,0.02812,0.02911,14031.0
2023-03-12 20:00:00,0.02911,0.03043,0.02849,0.03043,5644.0
2023-03-13 00:00:00,0.03043,0.03071,0.03013,0.03071,1268.0
2023-03-13 04:00:00,0.03071,0.03111,0.03071,0.03111,8136.0
2023-03-13 08:00:00,0.03111,0.03111,0.02989,0.03012,13937.0
2023-03-13 12:00:00,0.03012,0.03212,0.02995,0.03171,14162.0
2023-03-13 16:00:00,0.03171,0.03216,0.03134,0.03216,10973.0
2023-03-13 20:00:00,0.03216,0.03216,0.03216,0.03216,0.0
2023-03-14 00:00:00,0.03216,0.03216,0.03216,0.03216,0.0
2023-03-14 04:00:00,0.03216,0.03216,0.03127,0.03149,1160.0
2023-03-14 08:00:00,0.03149,0.03188,0.03094,0.03184,13917.0
2023-03-14 12:00:00,0.03184,0.03265,0.03184,0.03262,8842.0
2023-03-14 16:00:00,0.03262,0.03262,0.03102,0.03102,7371.0
2023-03-14 20:00:00,0.03102,0.03114,0.03062,0.03114,1900.0
2023-03-15 00:00:00,0.03114,0.03166,0.03114,0.03166,440.0
2023-03-15 04:00:00,0.03166,0.03166,0.03166,0.03166,0.0
2023-03-15 08:00:00,0.03166,0.03166,0.03056,0.03093,522.0
2023-03-15 12:00:00,0.03093,0.03093,0.03069,0.03069,691.0
2023-03-15 16:00:00,0.03069,0.03069,0.03033,0.03033,456.0
2023-03-15 20:00:00,0.03033,0.03033,0.03033,0.03033,0.0
2023-03-16 00:00:00,0.03033,0.03033,0.03033,0.03033,0.0
2023-03-16 04:00:00,0.03033,0.03033,0.03033,0.03033,0.0
2023-03-16 08:00:00,0.03033,0.03033,0.03033,0.03033,0.0
2023-03-16 12:00:00,0.03033,0.03033,0.03033,0.03033,0.0
2023-03-16 16:00:00,0.03034,0.03034,0.03024,0.03026,7365.0
2023-03-16 20:00:00,0.03026,0.03026,0.03026,0.03026,0.0
2023-03-17 00:00:00,0.03039,0.03061,0.03016,0.03061,7362.0
2023-03-17 04:00:00,0.03061,0.03061,0.03061,0.03061,0.0
2023-03-17 08:00:00,0.03143,0.03172,0.03143,0.03149,3575.0
2023-03-17 12:00:00,0.03181,0.03181,0.03117,0.03117,2696.0
2023-03-17 16:00:00,0.03117,0.03117,0.03117,0.03117,0.0
2023-03-17 20:00:00,0.03117,0.03117,0.03117,0.03117,0.0
2023-03-18 00:00:00,0.03085,0.03102,0.03076,0.03076,2582.0
2023-03-18 04:00:00,0.03145,0.03145,0.03088,0.03136,5686.0
2023-03-18 08:00:00,0.03136,0.03199,0.03132,0.03199,5946.0
2023-03-18 12:00:00,0.03199,0.03199,0.03199,0.03199,0.0
2023-03-18 16:00:00,0.03104,0.03111,0.03065,0.03093,4500.0
2023-03-18 20:00:00,0.03114,0.03114,0.03067,0.03067,1903.0
2023-03-19 00:00:00,0.03067,0.03067,0.03067,0.03067,0.0
2023-03-19 04:00:00,0.03067,0.03067,0.03067,0.03067,0.0
2023-03-19 08:00:00,0.03067,0.03067,0.03067,0.03067,0.0
2023-03-19 12:00:00,0.03118,0.03118,0.03118,0.03118,1342.0
2023-03-19 16:00:00,0.03175,0.03175,0.03175,0.03175,219.0
2023-03-19 20:00:00,0.03457,0.03479,0.03194,0.03257,70120.0
2023-03-20 00:00:00,0.03245,0.03265,0.03243,0.03265,4134.0
2023-03-20 04:00:00,0.03265,0.03265,0.03265,0.03265,0.0
2023-03-20 08:00:00,0.03183,0.03189,0.03183,0.03189,1638.0
2023-03-20 12:00:00,0.03158,0.03164,0.03158,0.03164,510.0
2023-03-20 16:00:00,0.0314,0.0314,0.03116,0.03121,789.0
2023-03-20 20:00:00,0.03121,0.03121,0.03121,0.03121,197.0
2023-03-21 00:00:00,0.03121,0.03121,0.03121,0.03121,0.0
2023-03-21 04:00:00,0.03121,0.03121,0.03121,0.03121,0.0
2023-03-21 08:00:00,0.03077,0.03083,0.03077,0.03077,3526.0
2023-03-21 12:00:00,0.03103,0.03119,0.03103,0.03119,1031.0
2023-03-21 16:00:00,0.03119,0.03119,0.03119,0.03119,0.0
2023-03-21 20:00:00,0.03135,0.03135,0.03135,0.03135,5892.0
2023-03-22 00:00:00,0.03113,0.03113,0.03113,0.03113,197.0
2023-03-22 04:00:00,0.03113,0.03113,0.03113,0.03113,0.0
2023-03-22 08:00:00,0.03113,0.03165,0.03113,0.03165,422.0
2023-03-22 12:00:00,0.03162,0.03168,0.03162,0.03168,510.0
2023-03-22 16:00:00,0.03114,0.03114,0.03114,0.03114,983.0
2023-03-22 20:00:00,0.03114,0.03114,0.03114,0.03114,0.0
2023-03-23 00:00:00,0.03289,0.03413,0.03289,0.03375,1322.0
2023-03-23 04:00:00,0.03224,0.03297,0.03212,0.03297,9090.0
2023-03-23 08:00:00,0.03303,0.03303,0.03303,0.03303,2972.0
2023-03-23 12:00:00,0.03227,0.03294,0.03227,0.03288,5799.0
2023-03-23 16:00:00,0.03288,0.03288,0.03288,0.03288,0.0
2023-03-23 20:00:00,0.03288,0.03288,0.03288,0.03288,0.0
2023-03-24 00:00:00,0.03397,0.03397,0.03388,0.03388,364.0
2023-03-24 04:00:00,0.03388,0.03388,0.03388,0.03388,0.0
2023-03-24 08:00:00,0.03388,0.03388,0.03388,0.03388,0.0
2023-03-24 12:00:00,0.03427,0.03433,0.03427,0.03429,649.0
2023-03-24 16:00:00,0.03429,0.03429,0.03429,0.03429,6106.0
2023-03-24 20:00:00,0.03294,0.0331,0.03294,0.03294,6425.0
2023-03-25 00:00:00,0.03294,0.03294,0.03294,0.03294,0.0
2023-03-25 04:00:00,0.03294,0.03294,0.03294,0.03294,0.0
2023-03-25 08:00:00,0.03294,0.03294,0.03294,0.03294,0.0
2023-03-25 12:00:00,0.03209,0.03209,0.03209,0.03209,6525.0
2023-03-25 16:00:00,0.03236,0.03236,0.03211,0.03211,425.0
2023-03-25 20:00:00,0.03211,0.03211,0.03211,0.03211,0.0
2023-03-26 00:00:00,0.03211,0.03211,0.03211,0.03211,0.0
2023-03-26 04:00:00,0.03211,0.03211,0.03211,0.03211,0.0
2023-03-26 08:00:00,0.03211,0.03211,0.03211,0.03211,0.0
2023-03-26 12:00:00,0.03211,0.03211,0.03211,0.03211,0.0
2023-03-26 16:00:00,0.03211,0.03211,0.03211,0.03211,0.0
2023-03-26 20:00:00,0.03211,0.03211,0.03211,0.03211,0.0
2023-03-27 00:00:00,0.03211,0.03211,0.03211,0.03211,0.0
2023-03-27 04:00:00,0.03154,0.0316,0.03154,0.0316,508.0
2023-03-27 08:00:00,0.0316,0.0316,0.0316,0.0316,0.0
2023-03-27 12:00:00,0.03156,0.03346,0.03143,0.03143,8740.0
2023-03-27 16:00:00,0.03159,0.03196,0.0168,0.03011,157800.0
2023-03-27 20:00:00,0.03006,0.03813,0.02865,0.034,1276196.0
2023-03-28 00:00:00,0.03377,0.03422,0.03163,0.03163,186981.0
2023-03-28 04:00:00,0.03163,0.03163,0.03163,0.03163,0.0
2023-03-28 08:00:00,0.03163,0.03163,0.03163,0.03163,0.0
2023-03-28 12:00:00,0.03069,0.03616,0.02861,0.03155,889156.0
2023-03-28 16:00:00,0.03117,0.03117,0.03117,0.03117,2112.0
2023-03-28 20:00:00,0.03117,0.03511,0.02617,0.03131,1006355.0
2023-03-29 00:00:00,0.03131,0.03131,0.03131,0.03131,0.0
2023-03-29 04:00:00,0.03131,0.03131,0.03131,0.03131,0.0
2023-03-29 08:00:00,0.03012,0.03577,0.02758,0.03167,1189264.0
2023-03-29 12:00:00,0.03126,0.03554,0.02784,0.03235,970820.0
2023-03-29 16:00:00,0.03209,0.05897,0.03068,0.03257,32609.0
2023-03-29 20:00:00,0.03198,0.07514,0.02742,0.03198,641754.0
2023-03-30 00:00:00,0.03198,0.03198,0.03167,0.03182,1529.0
2023-03-30 04:00:00,0.03178,0.03228,0.02897,0.02907,62263.0
2023-03-30 08:00:00,0.02909,0.05999,0.02909,0.03188,252344.0
2023-03-30 12:00:00,0.03188,0.03224,0.03171,0.03224,10572.0
2023-03-30 16:00:00,0.03207,0.03207,0.03201,0.03201,2334.0
2023-03-30 20:00:00,0.03185,0.03185,0.03123,0.03123,5466.0
2023-03-31 00:00:00,0.03095,0.0359,0.03,0.0359,61752.0
2023-03-31 04:00:00,0.03629,0.03814,0.03128,0.03146,324984.0
2023-03-31 08:00:00,0.03169,0.03351,0.03,0.03351,69586.0
2023-03-31 12:00:00,0.03352,0.03544,0.03091,0.03178,119832.0
2023-03-31 16:00:00,0.0315,0.03197,0.0315,0.03197,6500.0
2023-03-31 20:00:00,0.03142,0.03151,0.03068,0.03151,7499.0
2023-04-01 00:00:00,0.03152,0.0359,0.029,0.029,963582.0
2023-04-01 04:00:00,0.03127,0.03127,0.02902,0.02902,1447.0
2023-04-01 08:00:00,0.02902,0.02902,0.02902,0.02902,0.0
2023-04-01 12:00:00,0.02902,0.02902,0.02902,0.02902,0.0
2023-04-01 16:00:00,0.03088,0.03398,0.02449,0.0314,368640.0
2023-04-01 20:00:00,0.0314,0.0314,0.0314,0.0314,0.0
2023-04-02 00:00:00,0.0309,0.03096,0.0309,0.03096,3469.0
2023-04-02 04:00:00,0.03096,0.03096,0.03096,0.03096,0.0
2023-04-02 08:00:00,0.03096,0.03096,0.03096,0.03096,0.0
2023-04-02 12:00:00,0.03121,0.03121,0.02871,0.03021,66678.0
2023-04-02 16:00:00,0.03016,0.03478,0.02724,0.03308,554518.0
2023-04-02 20:00:00,0.03308,0.03457,0.03115,0.03234,82555.0
2023-04-03 00:00:00,0.03089,0.03095,0.02835,0.02999,10987.0
2023-04-03 04:00:00,0.02999,0.02999,0.02999,0.02999,0.0
2023-04-03 08:00:00,0.02999,0.02999,0.02999,0.02999,0.0
2023-04-03 12:00:00,0.02773,0.036,0.02773,0.03025,13735.0
2023-04-03 16:00:00,0.03025,0.03025,0.03025,0.03025,0.0
2023-04-03 20:00:00,0.03004,0.03004,0.02883,0.02907,5749.0
2023-04-04 00:00:00,0.02907,0.02907,0.02907,0.02907,0.0
2023-04-04 04:00:00,0.02902,0.03074,0.02575,0.02865,733133.0
2023-04-04 08:00:00,0.02865,0.02955,0.02777,0.02876,38041.0
2023-04-04 12:00:00,0.02876,0.02896,0.02631,0.02764,60747.0
2023-04-04 16:00:00,0.0278,0.02812,0.027,0.02788,51187.0
2023-04-04 20:00:00,0.02788,0.03176,0.02652,0.02913,148833.0
2023-04-05 00:00:00,0.02913,0.03409,0.02903,0.02994,202917.0
2023-04-05 04:00:00,0.02954,0.02982,0.02787,0.02852,72881.0
2023-04-05 08:00:00,0.02852,0.03599,0.02852,0.03599,219684.0
2023-04-05 12:00:00,0.02973,0.03187,0.02654,0.02906,233731.0
2023-04-05 16:00:00,0.02906,0.02906,0.02906,0.02906,0.0
2023-04-05 20:00:00,0.0292,0.0339,0.02689,0.0285,410637.0
2023-04-06 00:00:00,0.02843,0.02849,0.02836,0.02849,6194.0
2023-04-06 04:00:00,0.02849,0.03299,0.02698,0.02874,289203.0
2023-04-06 08:00:00,0.02894,0.02907,0.0274,0.0287,22395.0
2023-04-06 12:00:00,0.02886,0.03599,0.0259,0.02727,591583.0
2023-04-06 16:00:00,0.02708,0.0331,0.02689,0.02906,463488.0
2023-04-06 20:00:00,0.02832,0.03331,0.02657,0.0295,694820.0
2023-04-07 00:00:00,0.02949,0.02949,0.0275,0.02807,21119.0
2023-04-07 04:00:00,0.02794,0.03158,0.02719,0.0285,208394.0
2023-04-07 08:00:00,0.02864,0.03049,0.02718,0.02886,364724.0
2023-04-07 12:00:00,0.02905,0.03194,0.02779,0.02876,208122.0
2023-04-07 16:00:00,0.0285,0.0285,0.02822,0.02822,600.0
2023-04-07 20:00:00,0.0278,0.02808,0.0278,0.02808,732.0
2023-04-08 00:00:00,0.02845,0.02845,0.02845,0.02845,230.0
2023-04-08 04:00:00,0.0287,0.02881,0.0287,0.02881,823.0
2023-04-08 08:00:00,0.02864,0.02899,0.02864,0.02899,679.0
2023-04-08 12:00:00,0.0285,0.02975,0.02845,0.02941,17831.0
2023-04-08 16:00:00,0.02894,0.03081,0.02752,0.02912,167479.0
2023-04-08 20:00:00,0.0291,0.03193,0.0259,0.03,554261.0
2023-04-09 00:00:00,0.02985,0.02987,0.02957,0.02987,5907.0
2023-04-09 04:00:00,0.02987,0.0305,0.02806,0.02955,152079.0
2023-04-09 08:00:00,0.02938,0.03192,0.02754,0.02925,376660.0
2023-04-09 12:00:00,0.029,0.02959,0.02893,0.029,12962.0
2023-04-09 16:00:00,0.02925,0.02965,0.02918,0.02965,4668.0
2023-04-09 20:00:00,0.02954,0.02954,0.02891,0.02908,9291.0
2023-04-10 00:00:00,0.02948,0.02985,0.0284,0.02892,22149.0
2023-04-10 04:00:00,0.02928,0.02994,0.02788,0.02985,185822.0
2023-04-10 08:00:00,0.02984,0.03154,0.02879,0.02879,180211.0
2023-04-10 12:00:00,0.02935,0.02935,0.02935,0.02935,863.0
2023-04-10 16:00:00,0.02935,0.02935,0.02935,0.02935,0.0
2023-04-10 20:00:00,0.02935,0.02935,0.02935,0.02935,0.0
2023-04-11 00:00:00,0.02929,0.02929,0.02903,0.02903,3361.0
2023-04-11 04:00:00,0.02903,0.02904,0.02903,0.02904,1539.0
2023-04-11 08:00:00,0.02904,0.02904,0.02904,0.02904,0.0
2023-04-11 12:00:00,0.02956,0.02956,0.02834,0.02923,18316.0
2023-04-11 16:00:00,0.02922,0.02959,0.02865,0.0295,10663.0
2023-04-11 20:00:00,0.02977,0.03191,0.02494,0.02937,739009.0
2023-04-12 00:00:00,0.02937,0.02937,0.02937,0.02937,0.0
2023-04-12 04:00:00,0.02959,0.03002,0.02901,0.02962,10391.0
2023-04-12 08:00:00,0.02979,0.0309,0.02943,0.03089,12015.0
2023-04-12 12:00:00,0.03041,0.03041,0.02978,0.02992,11535.0
2023-04-12 16:00:00,0.02992,0.03036,0.02979,0.02979,9530.0
2023-04-12 20:00:00,0.02962,0.03032,0.02896,0.03012,18652.0
2023-04-13 00:00:00,0.03034,0.03137,0.02801,0.03016,154982.0
2023-04-13 04:00:00,0.03001,0.03001,0.02975,0.02975,1630.0
2023-04-13 08:00:00,0.02952,0.02952,0.02952,0.02952,812.0
2023-04-13 12:00:00,0.02952,0.02952,0.02952,0.02952,0.0
2023-04-13 16:00:00,0.02952,0.02952,0.02952,0.02952,0.0
2023-04-13 20:00:00,0.02939,0.03562,0.02763,0.02985,663489.0
2023-04-14 00:00:00,0.02981,0.03017,0.0279,0.02981,204062.0
2023-04-14 04:00:00,0.02985,0.03158,0.0295,0.02969,129899.0
2023-04-14 08:00:00,0.03011,0.03118,0.02817,0.02963,252312.0
2023-04-14 12:00:00,0.02997,0.03024,0.02942,0.0299,38226.0
2023-04-14 16:00:00,0.02969,0.02969,0.02936,0.02936,5729.0
2023-04-14 20:00:00,0.02955,0.02984,0.02955,0.02984,1308.0
2023-04-15 00:00:00,0.0297,0.02998,0.02886,0.02911,13824.0
2023-04-15 04:00:00,0.02924,0.02953,0.02818,0.02919,57953.0
2023-04-15 08:00:00,0.02919,0.02919,0.02919,0.02919,0.0
2023-04-15 12:00:00,0.02919,0.02919,0.02919,0.02919,0.0
2023-04-15 16:00:00,0.02906,0.02906,0.02906,0.02906,212.0
2023-04-15 20:00:00,0.02906,0.02906,0.02906,0.02906,0.0
2023-04-16 00:00:00,0.02948,0.02956,0.02844,0.02847,48561.0
2023-04-16 04:00:00,0.0285,0.03047,0.02844,0.02974,188196.0
2023-04-16 08:00:00,0.02982,0.02994,0.02969,0.02979,3228.0
2023-04-16 12:00:00,0.02989,0.03,0.0296,0.02986,13162.0
2023-04-16 16:00:00,0.02974,0.03004,0.02946,0.02985,6933.0
2023-04-16 20:00:00,0.0298,0.02999,0.02865,0.02975,14974.0
2023-04-17 00:00:00,0.02993,0.03015,0.02866,0.0295,23737.0
2023-04-17 04:00:00,0.0297,0.02982,0.02955,0.02978,2670.0
2023-04-17 08:00:00,0.02978,0.02978,0.02978,0.02978,270.0
2023-04-17 12:00:00,0.02978,0.02978,0.02978,0.02978,0.0
2023-04-17 16:00:00,0.02978,0.02978,0.02978,0.02978,0.0
2023-04-17 20:00:00,0.02961,0.02961,0.02948,0.02948,542.0
2023-04-18 00:00:00,0.02995,0.02999,0.02813,0.02957,58771.0
2023-04-18 04:00:00,0.0297,0.02984,0.02942,0.02967,4503.0
2023-04-18 08:00:00,0.0297,0.03,0.02825,0.02989,16401.0
2023-04-18 12:00:00,0.02987,0.02999,0.02977,0.02989,12377.0
2023-04-18 16:00:00,0.02989,0.02989,0.02989,0.02989,0.0
2023-04-18 20:00:00,0.02989,0.02989,0.02989,0.02989,0.0
2023-04-19 00:00:00,0.02989,0.02989,0.02989,0.02989,0.0
2023-04-19 04:00:00,0.02989,0.02989,0.02989,0.02989,0.0
2023-04-19 08:00:00,0.02989,0.02989,0.02989,0.02989,0.0
2023-04-19 12:00:00,0.02876,0.02876,0.02854,0.02854,936.0
2023-04-19 16:00:00,0.02854,0.02854,0.02854,0.02854,0.0
2023-04-19 20:00:00,0.02875,0.0318,0.02631,0.02997,300523.0
2023-04-20 00:00:00,0.02997,0.02997,0.029,0.029,2874.0
2023-04-20 04:00:00,0.0285,0.02944,0.028,0.02944,22427.0
2023-04-20 08:00:00,0.029,0.02926,0.02872,0.02884,6881.0
2023-04-20 12:00:00,0.02884,0.02884,0.02884,0.02884,0.0
2023-04-20 16:00:00,0.02864,0.02864,0.02836,0.02836,1016.0
2023-04-20 20:00:00,0.02836,0.02836,0.02836,0.02836,0.0
2023-04-21 00:00:00,0.02853,0.02862,0.02846,0.02862,2528.0
2023-04-21 04:00:00,0.02862,0.02862,0.02862,0.02862,0.0
2023-04-21 08:00:00,0.02862,0.02862,0.02862,0.02862,0.0
2023-04-21 12:00:00,0.02802,0.02802,0.02779,0.02779,3228.0
2023-04-21 16:00:00,0.02779,0.02779,0.02779,0.02779,0.0
2023-04-21 20:00:00,0.0275,0.0275,0.02725,0.02725,2760.0
2023-04-22 00:00:00,0.02725,0.02725,0.02725,0.02725,0.0
2023-04-22 04:00:00,0.02725,0.02725,0.02725,0.02725,0.0
2023-04-22 08:00:00,0.02725,0.02725,0.02725,0.02725,0.0
2023-04-22 12:00:00,0.02725,0.02725,0.02725,0.02725,0.0
2023-04-22 16:00:00,0.02725,0.02725,0.02725,0.02725,0.0
2023-04-22 20:00:00,0.02725,0.02725,0.02725,0.02725,0.0
2023-04-23 00:00:00,0.02719,0.0272,0.02701,0.02701,29456.0
2023-04-23 04:00:00,0.02701,0.02701,0.02701,0.02701,0.0
2023-04-23 08:00:00,0.02704,0.02704,0.02704,0.02704,224.0
2023-04-23 12:00:00,0.02704,0.02704,0.02704,0.02704,0.0
2023-04-23 16:00:00,0.02701,0.02701,0.02664,0.02664,825.0
2023-04-23 20:00:00,0.02677,0.03029,0.02655,0.02723,45593.0
2023-04-24 00:00:00,0.02716,0.02911,0.02656,0.02727,222448.0
2023-04-24 04:00:00,0.02727,0.02727,0.02727,0.02727,0.0
2023-04-24 08:00:00,0.02702,0.0272,0.02702,0.0272,1700.0
2023-04-24 12:00:00,0.02708,0.02708,0.02681,0.02681,7585.0
2023-04-24 16:00:00,0.02681,0.02681,0.02681,0.02681,0.0
2023-04-24 20:00:00,0.02709,0.03352,0.02709,0.03087,67630.0
2023-04-25 00:00:00,0.028,0.03085,0.02793,0.0286,412650.0
2023-04-25 04:00:00,0.02848,0.02854,0.02848,0.02854,21042.0
2023-04-25 08:00:00,0.02812,0.02812,0.02748,0.02748,5621.0
2023-04-25 12:00:00,0.02774,0.02792,0.02774,0.02792,578.0
2023-04-25 16:00:00,0.0277,0.02781,0.0277,0.02781,577.0
2023-04-25 20:00:00,0.02884,0.02915,0.02884,0.02915,3430.0
2023-04-26 00:00:00,0.02896,0.0314,0.02645,0.0288,214556.0
2023-04-26 04:00:00,0.0288,0.0288,0.0288,0.0288,0.0
2023-04-26 08:00:00,0.0288,0.0288,0.0288,0.0288,0.0
2023-04-26 12:00:00,0.02899,0.029,0.0288,0.02895,12244.0
2023-04-26 16:00:00,0.02897,0.0295,0.0275,0.0275,13856.0
2023-04-26 20:00:00,0.02772,0.02805,0.02772,0.028,795.0
2023-04-27 00:00:00,0.02829,0.02829,0.02788,0.02809,1142.0
2023-04-27 04:00:00,0.02837,0.02837,0.0281,0.0281,569.0
2023-04-27 08:00:00,0.02823,0.02839,0.02806,0.02806,811.0
2023-04-27 12:00:00,0.02867,0.02877,0.02867,0.02867,1498.0
2023-04-27 16:00:00,0.02857,0.03332,0.02661,0.02993,225953.0
2023-04-27 20:00:00,0.02958,0.03277,0.02879,0.0295,248783.0
2023-04-28 00:00:00,0.02933,0.03233,0.02919,0.02919,36450.0
2023-04-28 04:00:00,0.02945,0.0328,0.02945,0.02963,186776.0
2023-04-28 08:00:00,0.02963,0.02963,0.02963,0.02963,0.0
2023-04-28 12:00:00,0.02897,0.02897,0.02896,0.02896,2502.0
2023-04-28 16:00:00,0.02896,0.02896,0.02896,0.02896,0.0
2023-04-28 20:00:00,0.02957,0.02957,0.02957,0.02957,210.0
2023-04-29 00:00:00,0.02963,0.03022,0.02963,0.03022,22550.0
2023-04-29 04:00:00,0.03022,0.03022,0.03022,0.03022,0.0
2023-04-29 08:00:00,0.03022,0.03022,0.03022,0.03022,0.0
2023-04-29 12:00:00,0.03022,0.03022,0.03022,0.03022,0.0
2023-04-29 16:00:00,0.03022,0.03022,0.03022,0.03022,0.0
2023-04-29 20:00:00,0.03244,0.03262,0.02896,0.0316,65175.0
2023-04-30 00:00:00,0.03227,0.03309,0.0302,0.03023,28410.0
2023-04-30 04:00:00,0.03179,0.03428,0.02965,0.03222,216173.0
2023-04-30 08:00:00,0.03121,0.03121,0.03075,0.03075,2434.0
2023-04-30 12:00:00,0.03094,0.03147,0.03077,0.03147,3025.0
2023-04-30 16:00:00,0.03116,0.03116,0.03116,0.03116,516.0
2023-04-30 20:00:00,0.03153,0.03489,0.031,0.031,54689.0
2023-05-01 00:00:00,0.031,0.031,0.031,0.031,0.0
2023-05-01 04:00:00,0.031,0.031,0.031,0.031,0.0
2023-05-01 08:00:00,0.031,0.031,0.031,0.031,0.0
2023-05-01 12:00:00,0.031,0.031,0.031,0.031,0.0
2023-05-01 16:00:00,0.031,0.031,0.02855,0.02855,13867.0
2023-05-01 20:00:00,0.0295,0.03,0.02785,0.02785,4121.0
2023-05-02 00:00:00,0.02785,0.02785,0.02785,0.02785,0.0
2023-05-02 04:00:00,0.02785,0.02785,0.02785,0.02785,0.0
2023-05-02 08:00:00,0.02785,0.02785,0.02785,0.02785,0.0
2023-05-02 12:00:00,0.02998,0.03278,0.02788,0.02788,18934.0
2023-05-02 16:00:00,0.02788,0.02788,0.02788,0.02788,0.0
2023-05-02 20:00:00,0.02788,0.02788,0.02788,0.02788,0.0
2023-05-03 00:00:00,0.02788,0.02788,0.02788,0.02788,0.0
2023-05-03 04:00:00,0.03278,0.03278,0.03278,0.03278,1.0
2023-05-03 08:00:00,0.03278,0.03278,0.03278,0.03278,0.0
2023-05-03 12:00:00,0.03229,0.03229,0.03203,0.03203,926.0
2023-05-03 16:00:00,0.03182,0.03182,0.03005,0.03034,3678.0
2023-05-03 20:00:00,0.03021,0.03064,0.02948,0.03058,13169.0
2023-05-04 00:00:00,0.03051,0.03066,0.03051,0.03053,769.0
2023-05-04 04:00:00,0.0304,0.03178,0.02866,0.02995,96778.0
2023-05-04 08:00:00,0.02882,0.02885,0.02868,0.02881,4136.0
2023-05-04 12:00:00,0.02911,0.02915,0.02911,0.02915,1890.0
2023-05-04 16:00:00,0.02915,0.02915,0.02915,0.02915,0.0
2023-05-04 20:00:00,0.0286,0.0286,0.02839,0.02839,2500.0
2023-05-05 00:00:00,0.02857,0.03185,0.02797,0.03177,245898.0
2023-05-05 04:00:00,0.0289,0.0304,0.0288,0.02922,32140.0
2023-05-05 08:00:00,0.02902,0.02916,0.02902,0.02916,832.0
2023-05-05 12:00:00,0.02863,0.02863,0.02863,0.02863,285.0
2023-05-05 16:00:00,0.02863,0.02863,0.02863,0.02863,0.0
2023-05-05 20:00:00,0.02863,0.02863,0.02863,0.02863,0.0
2023-05-06 00:00:00,0.02863,0.02863,0.02863,0.02863,0.0
2023-05-06 04:00:00,0.02863,0.02863,0.02863,0.02863,0.0
2023-05-06 08:00:00,0.02882,0.02882,0.02882,0.02882,337.0
2023-05-06 12:00:00,0.02882,0.02882,0.02882,0.02882,0.0
2023-05-06 16:00:00,0.02882,0.02882,0.02882,0.02882,0.0
2023-05-06 20:00:00,0.02882,0.02882,0.02882,0.02882,0.0
2023-05-07 00:00:00,0.02727,0.02886,0.02727,0.02868,11877.0
2023-05-07 04:00:00,0.02864,0.03098,0.02671,0.02754,234338.0
2023-05-07 08:00:00,0.02756,0.02756,0.02756,0.02756,1.0
2023-05-07 12:00:00,0.02756,0.02756,0.02756,0.02756,0.0
2023-05-07 16:00:00,0.02754,0.0276,0.02754,0.0276,2975.0
2023-05-07 20:00:00,0.0276,0.0276,0.0276,0.0276,0.0
2023-05-08 00:00:00,0.02754,0.0277,0.0266,0.0266,19817.0
2023-05-08 04:00:00,0.02661,0.02745,0.02661,0.02734,3576.0
2023-05-08 08:00:00,0.02704,0.02727,0.02704,0.02726,14034.0
2023-05-08 12:00:00,0.02926,0.02926,0.02755,0.02926,854.0
2023-05-08 16:00:00,0.02926,0.02926,0.02926,0.02926,0.0
2023-05-08 20:00:00,0.02926,0.02926,0.02926,0.02926,0.0
2023-05-09 00:00:00,0.02926,0.02926,0.02926,0.02926,0.0
2023-05-09 04:00:00,0.02926,0.02926,0.02926,0.02926,1.0
2023-05-09 08:00:00,0.028,0.028,0.02448,0.02493,26969.0
2023-05-09 12:00:00,0.02487,0.02487,0.02487,0.02487,638.0
2023-05-09 16:00:00,0.025,0.025,0.0241,0.02423,1874.0
2023-05-09 20:00:00,0.02423,0.02423,0.02423,0.02423,0.0
2023-05-10 00:00:00,0.02423,0.02423,0.02423,0.02423,0.0
2023-05-10 04:00:00,0.02439,0.02439,0.02423,0.02423,5587.0
2023-05-10 08:00:00,0.02423,0.02423,0.02423,0.02423,0.0
2023-05-10 12:00:00,0.02423,0.02423,0.02423,0.02423,0.0
2023-05-10 16:00:00,0.02451,0.0268,0.02217,0.02427,153528.0
2023-05-10 20:00:00,0.02427,0.02427,0.02427,0.02427,0.0
2023-05-11 00:00:00,0.02427,0.02427,0.02427,0.02427,0.0
2023-05-11 04:00:00,0.02406,0.02406,0.02406,0.02406,231.0
2023-05-11 08:00:00,0.02406,0.02406,0.02406,0.02406,0.0
2023-05-11 12:00:00,0.02406,0.02406,0.02406,0.02406,0.0
2023-05-11 16:00:00,0.02412,0.02412,0.02412,0.02412,656.0
2023-05-11 20:00:00,0.02412,0.02412,0.02412,0.02412,0.0
2023-05-12 00:00:00,0.02405,0.02448,0.02405,0.02448,21077.0
2023-05-12 04:00:00,0.02448,0.02448,0.02448,0.02448,0.0
2023-05-12 08:00:00,0.02357,0.02357,0.02357,0.02357,681.0
2023-05-12 12:00:00,0.02362,0.02362,0.02342,0.02359,2409.0
2023-05-12 16:00:00,0.02359,0.02359,0.02359,0.02359,0.0
2023-05-12 20:00:00,0.02359,0.02359,0.02359,0.02359,0.0
2023-05-13 00:00:00,0.02359,0.02359,0.02359,0.02359,0.0
2023-05-13 04:00:00,0.02359,0.02359,0.02359,0.02359,0.0
2023-05-13 08:00:00,0.02359,0.02359,0.02359,0.02359,0.0
2023-05-13 12:00:00,0.02388,0.02388,0.02357,0.02361,8382.0
2023-05-13 16:00:00,0.02385,0.02589,0.02226,0.02587,55814.0
2023-05-13 20:00:00,0.02587,0.02587,0.02587,0.02587,0.0
2023-05-14 00:00:00,0.02587,0.02587,0.02587,0.02587,0.0
2023-05-14 04:00:00,0.02385,0.02385,0.02385,0.02385,544.0
2023-05-14 08:00:00,0.02385,0.02385,0.02385,0.02385,0.0
2023-05-14 12:00:00,0.02356,0.02356,0.02329,0.02338,7224.0
2023-05-14 16:00:00,0.02338,0.02338,0.02338,0.02338,0.0
2023-05-14 20:00:00,0.02338,0.02338,0.02338,0.02338,1032.0
2023-05-15 00:00:00,0.02338,0.02338,0.02338,0.02338,0.0
2023-05-15 04:00:00,0.02338,0.02338,0.02338,0.02338,0.0
2023-05-15 08:00:00,0.02397,0.02545,0.02244,0.02485,60223.0
2023-05-15 12:00:00,0.02395,0.02395,0.02383,0.02383,1312.0
2023-05-15 16:00:00,0.02383,0.02383,0.02383,0.02383,0.0
2023-05-15 20:00:00,0.02383,0.02394,0.02383,0.02394,830.0
2023-05-16 00:00:00,0.02394,0.02394,0.02394,0.02394,0.0
2023-05-16 04:00:00,0.02394,0.02394,0.02394,0.02394,0.0
2023-05-16 08:00:00,0.02373,0.02373,0.02361,0.02361,1342.0
2023-05-16 12:00:00,0.02361,0.02361,0.02361,0.02361,18.0
2023-05-16 16:00:00,0.02372,0.02372,0.02372,0.02372,221.0
2023-05-16 20:00:00,0.02372,0.02372,0.02372,0.02372,0.0
2023-05-17 00:00:00,0.02372,0.02372,0.02372,0.02372,0.0
2023-05-17 04:00:00,0.02372,0.0239,0.0236,0.02376,8017.0
2023-05-17 08:00:00,0.02353,0.02353,0.02352,0.02352,712.0
2023-05-17 12:00:00,0.02353,0.02353,0.02352,0.02352,1400.0
2023-05-17 16:00:00,0.02353,0.02353,0.0235,0.0235,3467.0
2023-05-17 20:00:00,0.0235,0.0235,0.0235,0.0235,0.0
2023-05-18 00:00:00,0.02356,0.02361,0.02356,0.02361,350.0
2023-05-18 04:00:00,0.02385,0.02385,0.02361,0.02361,1834.0
2023-05-18 08:00:00,0.02361,0.02361,0.02361,0.02361,0.0
2023-05-18 12:00:00,0.02361,0.02361,0.02361,0.02361,0.0
2023-05-18 16:00:00,0.02352,0.02352,0.0235,0.0235,3979.0
2023-05-18 20:00:00,0.0235,0.0235,0.0235,0.0235,0.0
2023-05-19 00:00:00,0.0235,0.0235,0.0235,0.0235,0.0
2023-05-19 04:00:00,0.02359,0.02359,0.02359,0.02359,198.0
2023-05-19 08:00:00,0.02359,0.02359,0.02359,0.02359,0.0
2023-05-19 12:00:00,0.02359,0.02359,0.02359,0.02359,0.0
2023-05-19 16:00:00,0.02359,0.02359,0.02359,0.02359,0.0
2023-05-19 20:00:00,0.02485,0.02514,0.02485,0.02514,1804.0
2023-05-20 00:00:00,0.02514,0.02514,0.02514,0.02514,0.0
2023-05-20 04:00:00,0.02514,0.02514,0.02469,0.02469,2689.0
2023-05-20 08:00:00,0.02469,0.02469,0.02469,0.02469,0.0
2023-05-20 12:00:00,0.02469,0.02469,0.02469,0.02469,0.0
2023-05-20 16:00:00,0.02469,0.02469,0.02469,0.02469,0.0
2023-05-20 20:00:00,0.02469,0.02469,0.02469,0.02469,0.0
2023-05-21 00:00:00,0.02469,0.02469,0.02469,0.02469,0.0
2023-05-21 04:00:00,0.02469,0.02469,0.02469,0.02469,0.0
2023-05-21 08:00:00,0.02668,0.0267,0.02653,0.02653,1271.0
2023-05-21 12:00:00,0.02653,0.02653,0.02653,0.02653,0.0
2023-05-21 16:00:00,0.02653,0.02653,0.02653,0.02653,0.0
2023-05-21 20:00:00,0.02653,0.02653,0.02653,0.02653,0.0
2023-05-22 00:00:00,0.02653,0.02653,0.02653,0.02653,0.0
2023-05-22 04:00:00,0.02549,0.02549,0.02549,0.02549,315.0
2023-05-22 08:00:00,0.02565,0.02565,0.02565,0.02565,238.0
2023-05-22 12:00:00,0.02566,0.02566,0.02563,0.02564,1084.0
2023-05-22 16:00:00,0.02564,0.02564,0.02564,0.02564,0.0
2023-05-22 20:00:00,0.02564,0.02564,0.02564,0.02564,0.0
2023-05-23 00:00:00,0.02545,0.02545,0.02545,0.02545,238.0
2023-05-23 04:00:00,0.02545,0.02545,0.02545,0.02545,0.0
2023-05-23 08:00:00,0.02545,0.02545,0.02545,0.02545,0.0
2023-05-23 12:00:00,0.02545,0.02545,0.02545,0.02545,0.0
2023-05-23 16:00:00,0.02555,0.02555,0.02555,0.02555,221.0
2023-05-23 20:00:00,0.02555,0.02555,0.02555,0.02555,0.0
2023-05-24 00:00:00,0.02555,0.02555,0.02555,0.02555,0.0
2023-05-24 04:00:00,0.02562,0.02562,0.02562,0.02562,313.0
2023-05-24 08:00:00,0.02562,0.02562,0.02562,0.02562,0.0
2023-05-24 12:00:00,0.02562,0.02562,0.02562,0.02562,0.0
2023-05-24 16:00:00,0.02562,0.02562,0.02562,0.02562,0.0
2023-05-24 20:00:00,0.02562,0.02562,0.02562,0.02562,0.0
2023-05-25 00:00:00,0.02562,0.02562,0.02562,0.02562,0.0
2023-05-25 04:00:00,0.02562,0.02562,0.02562,0.02562,0.0
2023-05-25 08:00:00,0.02562,0.02562,0.02562,0.02562,0.0
2023-05-25 12:00:00,0.02562,0.02562,0.02562,0.02562,0.0
2023-05-25 16:00:00,0.02562,0.02562,0.02562,0.02562,0.0
2023-05-25 20:00:00,0.02562,0.02562,0.02562,0.02562,0.0
2023-05-26 00:00:00,0.02562,0.02562,0.02562,0.02562,0.0
2023-05-26 04:00:00,0.02562,0.02562,0.02562,0.02562,0.0
2023-05-26 08:00:00,0.02562,0.02562,0.02562,0.02562,0.0
2023-05-26 12:00:00,0.02562,0.02562,0.02562,0.02562,0.0
2023-05-26 16:00:00,0.02562,0.02562,0.02562,0.02562,0.0
2023-05-26 20:00:00,0.02562,0.02562,0.02562,0.02562,0.0
2023-05-27 00:00:00,0.02468,0.02599,0.02212,0.02393,122952.0
2023-05-27 04:00:00,0.02396,0.02724,0.02268,0.02437,200315.0
2023-05-27 08:00:00,0.02436,0.02716,0.02324,0.02523,173562.0
2023-05-27 12:00:00,0.02523,0.02523,0.02523,0.02523,0.0
2023-05-27 16:00:00,0.02523,0.02523,0.02523,0.02523,0.0
2023-05-27 20:00:00,0.02523,0.02523,0.02523,0.02523,0.0
2023-05-28 00:00:00,0.02418,0.0271,0.02233,0.0246,351061.0
2023-05-28 04:00:00,0.02447,0.0268,0.02334,0.02507,236397.0
2023-05-28 08:00:00,0.02499,0.02499,0.02417,0.0243,6776.0
2023-05-28 12:00:00,0.0243,0.0243,0.0243,0.0243,0.0
2023-05-28 16:00:00,0.02419,0.0242,0.02418,0.02419,2032.0
2023-05-28 20:00:00,0.02638,0.02638,0.02449,0.02449,3.0
2023-05-29 00:00:00,0.02449,0.02788,0.02358,0.02483,420601.0
2023-05-29 04:00:00,0.02506,0.02507,0.02489,0.0249,2110.0
2023-05-29 08:00:00,0.0249,0.0249,0.0249,0.0249,0.0
2023-05-29 12:00:00,0.025,0.02511,0.02378,0.02485,15729.0
2023-05-29 16:00:00,0.02457,0.02457,0.02379,0.02453,15029.0
2023-05-29 20:00:00,0.02453,0.02453,0.02453,0.02453,0.0
2023-05-30 00:00:00,0.02453,0.0425,0.02373,0.02476,284308.0
2023-05-30 04:00:00,0.02484,0.02729,0.02467,0.02491,129230.0
2023-05-30 08:00:00,0.02491,0.02491,0.02491,0.02491,0.0
2023-05-30 12:00:00,0.02676,0.02691,0.02475,0.02478,211.0
2023-05-30 16:00:00,0.0248,0.0248,0.0248,0.0248,1005.0
2023-05-30 20:00:00,0.0248,0.0248,0.0248,0.0248,0.0
2023-05-31 00:00:00,0.02502,0.02695,0.02473,0.02615,59336.0
2023-05-31 04:00:00,0.02597,0.0399,0.02596,0.02761,45431.0
2023-05-31 08:00:00,0.02753,0.0424,0.02529,0.02537,201016.0
2023-05-31 12:00:00,0.02538,0.02763,0.02518,0.02529,3261.0
2023-05-31 16:00:00,0.0253,0.02549,0.0253,0.02533,10519.0
2023-05-31 20:00:00,0.0253,0.02533,0.0253,0.02533,2350.0
2023-06-01 00:00:00,0.0253,0.02763,0.02398,0.02511,283784.0
2023-06-01 04:00:00,0.02514,0.02534,0.02514,0.02516,8239.0
2023-06-01 08:00:00,0.02472,0.0248,0.02463,0.0248,1669.0
2023-06-01 12:00:00,0.02481,0.02623,0.02233,0.02457,296380.0
2023-06-01 16:00:00,0.02449,0.02457,0.02439,0.02455,4157.0
2023-06-01 20:00:00,0.02447,0.02451,0.02447,0.02451,3746.0
2023-06-02 00:00:00,0.0243,0.0256,0.02314,0.0256,110401.0
2023-06-02 04:00:00,0.02559,0.02624,0.02446,0.02451,170556.0
2023-06-02 08:00:00,0.02447,0.02651,0.0237,0.02448,313623.0
2023-06-02 12:00:00,0.02449,0.02487,0.02348,0.02429,47088.0
2023-06-02 16:00:00,0.02418,0.02438,0.02415,0.02422,6340.0
2023-06-02 20:00:00,0.02422,0.02422,0.02422,0.02422,0.0
2023-06-03 00:00:00,0.02419,0.02599,0.02306,0.02421,287764.0
2023-06-03 04:00:00,0.0242,0.02432,0.0242,0.02424,13642.0
2023-06-03 08:00:00,0.02421,0.02424,0.0236,0.02385,12490.0
2023-06-03 12:00:00,0.02359,0.02392,0.02306,0.0236,49168.0
2023-06-03 16:00:00,0.02355,0.02391,0.02355,0.02378,13346.0
2023-06-03 20:00:00,0.02378,0.02378,0.02378,0.02378,0.0
2023-06-04 00:00:00,0.02375,0.02473,0.02215,0.02431,503746.0
2023-06-04 04:00:00,0.02431,0.02448,0.02415,0.02415,3054.0
2023-06-04 08:00:00,0.02391,0.02485,0.02379,0.02416,28335.0
2023-06-04 12:00:00,0.02403,0.02434,0.02398,0.0243,7543.0
2023-06-04 16:00:00,0.02384,0.0262,0.02355,0.02453,231537.0
2023-06-04 20:00:00,0.02453,0.02453,0.02453,0.02453,0.0
2023-06-05 00:00:00,0.0239,0.0239,0.02258,0.02288,192535.0
2023-06-05 04:00:00,0.0229,0.02556,0.02219,0.02415,427490.0
2023-06-05 08:00:00,0.02459,0.02459,0.02366,0.02366,2.0
2023-06-05 12:00:00,0.02364,0.02369,0.0235,0.02369,8719.0
2023-06-05 16:00:00,0.02351,0.02393,0.02275,0.02393,42042.0
2023-06-05 20:00:00,0.02393,0.02393,0.02393,0.02393,0.0
2023-06-06 00:00:00,0.02392,0.02398,0.02278,0.02398,1139.0
2023-06-06 04:00:00,0.02398,0.02398,0.02398,0.02398,0.0
2023-06-06 08:00:00,0.0231,0.0231,0.02277,0.02308,5579.0
2023-06-06 12:00:00,0.02308,0.02308,0.02308,0.02308,0.0
2023-06-06 16:00:00,0.02315,0.02337,0.02263,0.02337,486.0
2023-06-06 20:00:00,0.02326,0.02414,0.02039,0.02328,347586.0
2023-06-07 00:00:00,0.02345,0.02374,0.0225,0.0225,33910.0
2023-06-07 04:00:00,0.02258,0.02291,0.02242,0.02274,12066.0
2023-06-07 08:00:00,0.02251,0.02251,0.02066,0.02177,186854.0
2023-06-07 12:00:00,0.02212,0.02484,0.02212,0.02274,425793.0
2023-06-07 16:00:00,0.02224,0.02239,0.02219,0.02219,15031.0
2023-06-07 20:00:00,0.02219,0.02219,0.02219,0.02219,0.0
2023-06-08 00:00:00,0.02212,0.02218,0.02212,0.02213,2000.0
2023-06-08 04:00:00,0.02206,0.02366,0.02002,0.02194,601400.0
2023-06-08 08:00:00,0.02191,0.02288,0.02191,0.02232,37269.0
2023-06-08 12:00:00,0.02229,0.02229,0.02229,0.02229,1.0
2023-06-08 16:00:00,0.02225,0.02288,0.02184,0.0224,34123.0
2023-06-08 20:00:00,0.02236,0.02378,0.02214,0.02253,92041.0
2023-06-09 00:00:00,0.0224,0.0228,0.02166,0.0228,18417.0
2023-06-09 04:00:00,0.0228,0.0228,0.02245,0.02275,2580.0
2023-06-09 08:00:00,0.02265,0.02275,0.02129,0.02243,59109.0
2023-06-09 12:00:00,0.02243,0.02243,0.02243,0.02243,0.0
2023-06-09 16:00:00,0.02243,0.02243,0.02243,0.02243,0.0
2023-06-09 20:00:00,0.02243,0.02243,0.02243,0.02243,0.0
2023-06-10 00:00:00,0.02194,0.02277,0.02011,0.0216,798345.0
2023-06-10 04:00:00,0.02171,0.02211,0.02051,0.02117,79327.0
2023-06-10 08:00:00,0.02117,0.02117,0.02021,0.0203,9616.0
2023-06-10 12:00:00,0.02005,0.02032,0.02005,0.02032,3137.0
2023-06-10 16:00:00,0.02023,0.02203,0.02,0.02086,155408.0
2023-06-10 20:00:00,0.02075,0.02075,0.02005,0.0204,16986.0
2023-06-11 00:00:00,0.0204,0.02186,0.01769,0.0183,141534.0
2023-06-11 04:00:00,0.01831,0.02138,0.01774,0.01971,500814.0
2023-06-11 08:00:00,0.01971,0.01971,0.01971,0.01971,0.0
2023-06-11 12:00:00,0.01971,0.01971,0.01971,0.01971,0.0
2023-06-11 16:00:00,0.01971,0.01971,0.01971,0.01971,0.0
2023-06-11 20:00:00,0.01971,0.01971,0.01971,0.01971,0.0
2023-06-12 00:00:00,0.01965,0.01965,0.01951,0.01951,1964.0
2023-06-12 04:00:00,0.01945,0.01971,0.0192,0.01968,2950.0
2023-06-12 08:00:00,0.01968,0.01968,0.01968,0.01968,0.0
2023-06-12 12:00:00,0.01968,0.01968,0.01968,0.01968,0.0
2023-06-12 16:00:00,0.01998,0.01998,0.01998,0.01998,1.0
2023-06-12 20:00:00,0.01998,0.01998,0.01998,0.01998,0.0
2023-06-13 00:00:00,0.02003,0.02003,0.01909,0.0195,41519.0
2023-06-13 04:00:00,0.01962,0.02031,0.01887,0.01902,20612.0
2023-06-13 08:00:00,0.01902,0.01902,0.01902,0.01902,0.0
2023-06-13 12:00:00,0.01902,0.01902,0.01902,0.01902,0.0
2023-06-13 16:00:00,0.01902,0.01902,0.01886,0.01886,11752.0
2023-06-13 20:00:00,0.01887,0.01887,0.01887,0.01887,1101.0
2023-06-14 00:00:00,0.0198,0.0198,0.0198,0.0198,2.0
2023-06-14 04:00:00,0.01996,0.02233,0.01826,0.02027,599284.0
2023-06-14 08:00:00,0.02027,0.02027,0.02027,0.02027,0.0
2023-06-14 12:00:00,0.02126,0.02214,0.02021,0.02021,2571.0
2023-06-14 16:00:00,0.02021,0.02027,0.02011,0.02027,2526.0
2023-06-14 20:00:00,0.02027,0.02027,0.02027,0.02027,493.0
2023-06-15 00:00:00,0.01972,0.02183,0.01904,0.02004,318044.0
2023-06-15 04:00:00,0.0198,0.02003,0.0198,0.02003,5231.0
2023-06-15 08:00:00,0.02003,0.02003,0.02003,0.02003,0.0
2023-06-15 12:00:00,0.01953,0.01954,0.01953,0.01954,14.0
2023-06-15 16:00:00,0.01953,0.02098,0.01953,0.01975,184680.0
2023-06-15 20:00:00,0.01975,0.02098,0.01973,0.02046,29739.0
2023-06-16 00:00:00,0.01983,0.02168,0.01854,0.02024,490144.0
2023-06-16 04:00:00,0.02021,0.02021,0.02009,0.02015,2842.0
2023-06-16 08:00:00,0.0201,0.02018,0.01996,0.01996,11365.0
2023-06-16 12:00:00,0.01996,0.01996,0.01996,0.01996,0.0
2023-06-16 16:00:00,0.01996,0.01996,0.01996,0.01996,0.0
2023-06-16 20:00:00,0.02031,0.02046,0.01996,0.01996,9847.0
2023-06-17 00:00:00,0.02021,0.02133,0.01863,0.02034,395594.0
2023-06-17 04:00:00,0.02034,0.02034,0.02012,0.02027,3647.0
2023-06-17 08:00:00,0.02025,0.02025,0.02025,0.02025,792.0
2023-06-17 12:00:00,0.02023,0.02023,0.02023,0.02023,390.0
2023-06-17 16:00:00,0.02023,0.02023,0.02023,0.02023,0.0
2023-06-17 20:00:00,0.02023,0.02023,0.02023,0.02023,0.0
2023-06-18 00:00:00,0.02018,0.02249,0.01907,0.02068,491855.0
2023-06-18 04:00:00,0.02068,0.02068,0.02068,0.02068,0.0
2023-06-18 08:00:00,0.02068,0.02068,0.02068,0.02068,0.0
2023-06-18 12:00:00,0.02068,0.02068,0.02068,0.02068,0.0
2023-06-18 16:00:00,0.02068,0.02068,0.02068,0.02068,0.0
2023-06-18 20:00:00,0.02017,0.02017,0.02016,0.02016,700.0
2023-06-19 00:00:00,0.0203,0.02392,0.01887,0.02117,1095837.0
2023-06-19 04:00:00,0.02044,0.02044,0.02024,0.02024,6574.0
2023-06-19 08:00:00,0.02024,0.02024,0.02024,0.02024,756.0
2023-06-19 12:00:00,0.0201,0.02012,0.0201,0.0201,1521.0
2023-06-19 16:00:00,0.0202,0.02272,0.01911,0.0204,766135.0
2023-06-19 20:00:00,0.0204,0.0204,0.0204,0.0204,0.0
2023-06-20 00:00:00,0.02034,0.02292,0.01966,0.02037,242560.0
2023-06-20 04:00:00,0.02049,0.02298,0.01979,0.0206,500757.0
2023-06-20 08:00:00,0.0209,0.0209,0.02027,0.02033,23006.0
2023-06-20 12:00:00,0.02035,0.0225,0.01989,0.02079,333644.0
2023-06-20 16:00:00,0.02076,0.02094,0.02044,0.02093,8874.0
2023-06-20 20:00:00,0.02102,0.02456,0.02034,0.02155,294959.0
2023-06-21 00:00:00,0.02155,0.0244,0.02131,0.02176,136542.0
2023-06-21 04:00:00,0.02176,0.02651,0.02103,0.02207,512976.0
2023-06-21 08:00:00,0.02185,0.02403,0.0218,0.02187,247394.0
2023-06-21 12:00:00,0.02192,0.02201,0.02188,0.02193,6956.0
2023-06-21 16:00:00,0.02207,0.02584,0.02143,0.02244,397612.0
2023-06-21 20:00:00,0.02235,0.02755,0.0209,0.02213,629041.0
2023-06-22 00:00:00,0.0228,0.0228,0.02194,0.02219,63927.0
2023-06-22 04:00:00,0.02217,0.02384,0.02164,0.0218,331001.0
2023-06-22 08:00:00,0.02186,0.02345,0.02169,0.022,240969.0
2023-06-22 12:00:00,0.02199,0.02322,0.02199,0.02292,56801.0
2023-06-22 16:00:00,0.02292,0.02292,0.02292,0.02292,0.0
2023-06-22 20:00:00,0.02291,0.02291,0.02184,0.02184,247.0
2023-06-23 00:00:00,0.02285,0.02461,0.02285,0.02459,67955.0
2023-06-23 04:00:00,0.02428,0.03347,0.02243,0.02404,337616.0
2023-06-23 08:00:00,0.024,0.03347,0.02343,0.02434,325254.0
2023-06-23 12:00:00,0.02406,0.02685,0.02265,0.02399,441653.0
2023-06-23 16:00:00,0.02394,0.02714,0.0232,0.02538,167370.0
2023-06-23 20:00:00,0.02368,0.02426,0.02368,0.02426,33878.0
2023-06-24 00:00:00,0.02409,0.02569,0.02276,0.02372,469601.0
2023-06-24 04:00:00,0.02372,0.02583,0.02343,0.02374,328182.0
2023-06-24 08:00:00,0.02382,0.0257,0.02316,0.02381,321890.0
2023-06-24 12:00:00,0.02345,0.02495,0.02305,0.0238,288005.0
2023-06-24 16:00:00,0.0241,0.0241,0.023,0.02322,27490.0
2023-06-24 20:00:00,0.023,0.023,0.023,0.023,1276.0
2023-06-25 00:00:00,0.02279,0.02465,0.02272,0.02384,268912.0
2023-06-25 04:00:00,0.0235,0.02399,0.02293,0.02307,118274.0
2023-06-25 08:00:00,0.0231,0.02578,0.0231,0.02351,190118.0
2023-06-25 12:00:00,0.02366,0.0248,0.02336,0.02336,29705.0
2023-06-25 16:00:00,0.02342,0.02342,0.02342,0.02342,344.0
2023-06-25 20:00:00,0.02342,0.02342,0.02342,0.02342,0.0
2023-06-26 00:00:00,0.02369,0.02435,0.02369,0.0238,9464.0
2023-06-26 04:00:00,0.02463,0.02463,0.02446,0.02463,327.0
2023-06-26 08:00:00,0.02463,0.02463,0.02463,0.02463,0.0
2023-06-26 12:00:00,0.02317,0.02317,0.02305,0.02306,29333.0
2023-06-26 16:00:00,0.02306,0.02306,0.02306,0.02306,0.0
2023-06-26 20:00:00,0.02306,0.02306,0.02306,0.02306,0.0
2023-06-27 00:00:00,0.02306,0.02306,0.02306,0.02306,0.0
2023-06-27 04:00:00,0.02306,0.02306,0.02306,0.02306,0.0
2023-06-27 08:00:00,0.02306,0.02625,0.02305,0.02409,211086.0
2023-06-27 12:00:00,0.02409,0.02608,0.0238,0.02427,148349.0
2023-06-27 16:00:00,0.02427,0.02392,0.02384,0.02392,2.0
2023-06-27 20:00:00,0.02392,0.02392,0.02392,0.02392,0.0
2023-06-28 00:00:00,0.02392,0.02631,0.02332,0.02489,84258.0
2023-06-28 04:00:00,0.02489,0.02628,0.02353,0.02429,431209.0
2023-06-28 08:00:00,0.02429,0.02421,0.02387,0.0242,13247.0
2023-06-28 12:00:00,0.0242,0.02844,0.02315,0.02555,277550.0
2023-06-28 16:00:00,0.02555,0.0246,0.02368,0.02448,103107.0
2023-06-28 20:00:00,0.02448,0.02689,0.02463,0.02578,77096.0
2023-06-29 00:00:00,0.0258,0.029,0.02411,0.02642,189799.0
2023-06-29 04:00:00,0.02642,0.02614,0.02599,0.02599,6000.0
2023-06-29 08:00:00,0.02599,0.02857,0.02461,0.02596,541983.0
2023-06-29 12:00:00,0.02596,0.03347,0.02328,0.02397,545714.0
2023-06-29 16:00:00,0.02397,0.0262,0.02348,0.02381,372951.0
2023-06-29 20:00:00,0.02381,0.02353,0.02325,0.02328,12882.0
2023-06-30 00:00:00,0.02328,0.02532,0.02126,0.0226,699368.0
2023-06-30 04:00:00,0.0226,0.02445,0.02185,0.02248,334739.0
2023-06-30 08:00:00,0.02248,0.0244,0.02178,0.0225,354672.0
2023-06-30 12:00:00,0.0225,0.02477,0.02228,0.02251,181830.0
2023-06-30 16:00:00,0.02251,0.0226,0.02243,0.02257,10081.0
2023-06-30 20:00:00,0.02257,0.02257,0.02257,0.02257,0.0
2023-07-01 00:00:00,0.02257,0.0227,0.02259,0.0227,3.0
2023-07-01 04:00:00,0.0227,0.0244,0.02093,0.0223,496450.0
2023-07-01 08:00:00,0.0223,0.02264,0.0221,0.02246,3155.0
2023-07-01 12:00:00,0.02246,0.02339,0.02151,0.0223,149142.0
2023-07-01 16:00:00,0.0223,0.02233,0.02168,0.02168,627.0
2023-07-01 20:00:00,0.02168,0.02168,0.02168,0.02168,0.0
2023-07-02 00:00:00,0.02168,0.02168,0.02168,0.02168,0.0
2023-07-02 04:00:00,0.02168,0.02333,0.02076,0.02136,759114.0
2023-07-02 08:00:00,0.02138,0.02397,0.0213,0.0215,466051.0
2023-07-02 12:00:00,0.0215,0.02247,0.02142,0.02232,6593.0
2023-07-02 16:00:00,0.02232,0.02285,0.02142,0.02278,3306.0
2023-07-02 20:00:00,0.02278,0.02278,0.02278,0.02278,0.0
2023-07-03 00:00:00,0.02278,0.0235,0.02234,0.02234,2143.0
2023-07-03 04:00:00,0.02234,0.02542,0.02194,0.02217,339466.0
2023-07-03 08:00:00,0.02217,0.02584,0.02167,0.02349,575281.0
2023-07-03 12:00:00,0.02349,0.02496,0.02194,0.02302,277931.0
2023-07-03 16:00:00,0.02289,0.02303,0.02267,0.02291,2693.0
2023-07-03 20:00:00,0.02291,0.02291,0.02291,0.02291,0.0
2023-07-04 00:00:00,0.02291,0.02299,0.02299,0.02299,2132.0
2023-07-04 04:00:00,0.02299,0.02574,0.02197,0.02312,448335.0
2023-07-04 08:00:00,0.02312,0.02531,0.02252,0.0231,246419.0
2023-07-04 12:00:00,0.0231,0.02302,0.02251,0.02291,22733.0
2023-07-04 16:00:00,0.02299,0.023,0.02269,0.02278,13235.0
2023-07-04 20:00:00,0.02278,0.02281,0.02281,0.02281,1029.0
2023-07-05 00:00:00,0.02281,0.02286,0.02275,0.02286,7090.0
2023-07-05 04:00:00,0.02286,0.02279,0.02274,0.02274,1919.0
2023-07-05 08:00:00,0.02274,0.02275,0.02275,0.02275,2148.0
2023-07-05 12:00:00,0.02275,0.02398,0.02195,0.02195,88475.0
2023-07-05 16:00:00,0.02195,0.02268,0.02127,0.02204,188185.0
2023-07-05 20:00:00,0.02204,0.02204,0.02204,0.02204,0.0
2023-07-06 00:00:00,0.02204,0.02359,0.02142,0.02168,508955.0
2023-07-06 04:00:00,0.02168,0.02315,0.02127,0.02299,352828.0
2023-07-06 08:00:00,0.02299,0.02186,0.0214,0.02145,21360.0
2023-07-06 12:00:00,0.02145,0.0225,0.02046,0.0207,341224.0
2023-07-06 16:00:00,0.0207,0.02182,0.02066,0.02097,29792.0
2023-07-06 20:00:00,0.02097,0.02097,0.02097,0.02097,0.0
2023-07-07 00:00:00,0.02097,0.02087,0.02071,0.02076,1160.0
2023-07-07 04:00:00,0.02076,0.02076,0.02076,0.02076,0.0
2023-07-07 08:00:00,0.02076,0.02051,0.02011,0.02011,20500.0
2023-07-07 12:00:00,0.02011,0.02011,0.02011,0.02011,26.0
2023-07-07 16:00:00,0.02011,0.0206,0.01971,0.02033,6615.0
2023-07-07 20:00:00,0.02033,0.02037,0.02035,0.02036,1080.0
2023-07-08 00:00:00,0.02036,0.02036,0.02036,0.02036,0.0
2023-07-08 04:00:00,0.02036,0.02072,0.02072,0.02072,1.0
2023-07-08 08:00:00,0.02072,0.02072,0.02072,0.02072,0.0
2023-07-08 12:00:00,0.02072,0.02106,0.02045,0.02089,20971.0
2023-07-08 16:00:00,0.02089,0.02233,0.02011,0.02025,186681.0
2023-07-08 20:00:00,0.02025,0.02025,0.02025,0.02025,0.0
2023-07-09 00:00:00,0.02025,0.02056,0.02055,0.02055,1335.0
2023-07-09 04:00:00,0.02055,0.02055,0.02055,0.02055,0.0
2023-07-09 08:00:00,0.02055,0.02068,0.02068,0.02068,842.0
2023-07-09 12:00:00,0.02068,0.02068,0.02068,0.02068,0.0
2023-07-09 16:00:00,0.02068,0.02068,0.02068,0.02068,0.0
2023-07-09 20:00:00,0.02068,0.02068,0.02068,0.02068,0.0
2023-07-10 00:00:00,0.02068,0.02182,0.0197,0.02066,329578.0
2023-07-10 04:00:00,0.02066,0.02066,0.02066,0.02066,0.0
2023-07-10 08:00:00,0.02066,0.0206,0.01876,0.02049,264530.0
2023-07-10 12:00:00,0.02049,0.02169,0.01906,0.02062,212902.0
2023-07-10 16:00:00,0.02062,0.01993,0.01919,0.01919,14790.0
2023-07-10 20:00:00,0.01919,0.0198,0.01978,0.0198,1109.0
2023-07-11 00:00:00,0.0198,0.01992,0.01952,0.01992,1594.0
2023-07-11 04:00:00,0.01992,0.01919,0.01918,0.01918,1567.0
2023-07-11 08:00:00,0.01918,0.01945,0.01941,0.01945,32010.0
2023-07-11 12:00:00,0.01945,0.02002,0.01991,0.01991,1238.0
2023-07-11 16:00:00,0.01991,0.0223,0.01947,0.02004,409228.0
2023-07-11 20:00:00,0.02004,0.02004,0.02004,0.02004,0.0
2023-07-12 00:00:00,0.02004,0.01982,0.01977,0.01977,1110.0
2023-07-12 04:00:00,0.01977,0.01977,0.01977,0.01977,0.0
2023-07-12 08:00:00,0.01977,0.01986,0.01985,0.01986,2420.0
2023-07-12 12:00:00,0.01986,0.02014,0.0198,0.02014,5167.0
2023-07-12 16:00:00,0.02014,0.02014,0.02014,0.02014,0.0
2023-07-12 20:00:00,0.02014,0.02014,0.02014,0.02014,0.0
2023-07-13 00:00:00,0.02014,0.02024,0.01982,0.02024,951.0
2023-07-13 04:00:00,0.02024,0.02126,0.01977,0.02047,168335.0
2023-07-13 08:00:00,0.02047,0.02007,0.01997,0.01997,832.0
2023-07-13 12:00:00,0.01997,0.02027,0.02004,0.02012,5803.0
2023-07-13 16:00:00,0.02012,0.02006,0.02006,0.02006,342.0
2023-07-13 20:00:00,0.02006,0.02006,0.02006,0.02006,0.0
2023-07-14 00:00:00,0.02006,0.02006,0.02006,0.02006,0.0
2023-07-14 04:00:00,0.02006,0.02006,0.02006,0.02006,0.0
2023-07-14 08:00:00,0.02006,0.02006,0.02006,0.02006,0.0
2023-07-14 12:00:00,0.02006,0.02006,0.02006,0.02006,0.0
2023-07-14 16:00:00,0.02006,0.02006,0.02006,0.02006,0.0
2023-07-14 20:00:00,0.02006,0.02006,0.02006,0.02006,0.0
2023-07-15 00:00:00,0.02006,0.02006,0.02006,0.02006,0.0
2023-07-15 04:00:00,0.02006,0.02,0.01894,0.01957,241196.0
2023-07-15 08:00:00,0.01957,0.02143,0.01957,0.02,267191.0
2023-07-15 12:00:00,0.02,0.02153,0.01924,0.0201,324878.0
2023-07-15 16:00:00,0.0201,0.02002,0.02,0.02,1385.0
2023-07-15 20:00:00,0.02,0.02,0.02,0.02,0.0
2023-07-16 00:00:00,0.02,0.02008,0.01955,0.01974,6001.0
2023-07-16 04:00:00,0.01974,0.02219,0.01906,0.01985,453372.0
2023-07-16 08:00:00,0.01985,0.01985,0.01985,0.01985,0.0
2023-07-16 12:00:00,0.01985,0.01985,0.01985,0.01985,0.0
2023-07-16 16:00:00,0.01985,0.01985,0.01985,0.01985,0.0
2023-07-16 20:00:00,0.01985,0.01985,0.01985,0.01985,0.0
2023-07-17 00:00:00,0.01985,0.01985,0.01985,0.01985,0.0
2023-07-17 04:00:00,0.01985,0.01985,0.01985,0.01985,0.0
2023-07-17 08:00:00,0.01985,0.01985,0.01985,0.01985,0.0
2023-07-17 12:00:00,0.01985,0.01985,0.01985,0.01985,0.0
2023-07-17 16:00:00,0.01985,0.01985,0.01985,0.01985,0.0
2023-07-17 20:00:00,0.01985,0.01985,0.01985,0.01985,0.0
2023-07-18 00:00:00,0.01985,0.01985,0.01985,0.01985,0.0
2023-07-18 04:00:00,0.01985,0.01985,0.01985,0.01985,0.0
2023-07-18 08:00:00,0.01985,0.01985,0.01985,0.01985,0.0
2023-07-18 12:00:00,0.01985,0.01985,0.01985,0.01985,0.0
2023-07-18 16:00:00,0.01985,0.01985,0.01985,0.01985,0.0
2023-07-18 20:00:00,0.01985,0.01985,0.01985,0.01985,0.0
2023-07-19 00:00:00,0.01985,0.01985,0.01985,0.01985,0.0
2023-07-19 04:00:00,0.01985,0.01985,0.01985,0.01985,0.0
2023-07-19 08:00:00,0.01985,0.01985,0.01985,0.01985,0.0
2023-07-19 12:00:00,0.01985,0.01985,0.01985,0.01985,0.0
2023-07-19 16:00:00,0.01985,0.01985,0.01985,0.01985,0.0
2023-07-19 20:00:00,0.01985,0.01985,0.01985,0.01985,0.0
2023-07-20 00:00:00,0.01985,0.01985,0.01985,0.01985,0.0
2023-07-20 04:00:00,0.01985,0.01985,0.01985,0.01985,0.0
2023-07-20 08:00:00,0.01985,0.0197,0.01963,0.01963,732.0
2023-07-20 12:00:00,0.01963,0.01963,0.01963,0.01963,0.0
2023-07-20 16:00:00,0.01963,0.01963,0.01963,0.01963,0.0
2023-07-20 20:00:00,0.01963,0.01963,0.01963,0.01963,0.0
2023-07-21 00:00:00,0.01963,0.01963,0.01963,0.01963,0.0
2023-07-21 04:00:00,0.01963,0.01963,0.01963,0.01963,0.0
2023-07-21 08:00:00,0.01963,0.01955,0.01943,0.01943,5354.0
2023-07-21 12:00:00,0.01943,0.01943,0.01943,0.01943,0.0
2023-07-21 16:00:00,0.01943,0.01956,0.01956,0.01956,281.0
2023-07-21 20:00:00,0.01956,0.01956,0.01956,0.01956,0.0
2023-07-22 00:00:00,0.01956,0.01956,0.01956,0.01956,0.0
2023-07-22 04:00:00,0.01956,0.02028,0.01965,0.01991,23020.0
2023-07-22 08:00:00,0.01991,0.02307,0.01825,0.02035,358457.0
2023-07-22 12:00:00,0.02035,0.02022,0.01995,0.02013,1995.0
2023-07-22 16:00:00,0.02013,0.02023,0.02009,0.02012,3183.0
2023-07-22 20:00:00,0.02012,0.02012,0.02008,0.02012,1197.0
2023-07-23 00:00:00,0.02012,0.01991,0.01984,0.01984,1211.0
2023-07-23 04:00:00,0.01984,0.0249,0.01936,0.0203,489029.0
2023-07-23 08:00:00,0.0203,0.02008,0.02005,0.02008,894.0
2023-07-23 12:00:00,0.02008,0.02004,0.01999,0.01999,3862.0
2023-07-23 16:00:00,0.01999,0.01999,0.01999,0.01999,0.0
2023-07-23 20:00:00,0.01999,0.02015,0.02015,0.02015,887.0
2023-07-24 00:00:00,0.02015,0.02015,0.02015,0.02015,0.0
2023-07-24 04:00:00,0.02015,0.02015,0.02015,0.02015,0.0
2023-07-24 08:00:00,0.02015,0.02093,0.01954,0.02003,91753.0
2023-07-24 12:00:00,0.02003,0.02003,0.02003,0.02003,0.0
2023-07-24 16:00:00,0.02003,0.02003,0.02003,0.02003,0.0
2023-07-24 20:00:00,0.02003,0.02003,0.02003,0.02003,0.0
2023-07-25 00:00:00,0.02003,0.02003,0.02003,0.02003,0.0
2023-07-25 04:00:00,0.02003,0.0215,0.01754,0.02012,255668.0
2023-07-25 08:00:00,0.02012,0.02487,0.01921,0.02006,257664.0
2023-07-25 12:00:00,0.02006,0.01999,0.01868,0.01942,23715.0
2023-07-25 16:00:00,0.01942,0.01942,0.01942,0.01942,0.0
2023-07-25 20:00:00,0.01942,0.01942,0.01942,0.01942,0.0
2023-07-26 00:00:00,0.01942,0.01942,0.01942,0.01942,0.0
2023-07-26 04:00:00,0.01942,0.0219,0.01726,0.02008,701264.0
2023-07-26 08:00:00,0.02008,0.01984,0.01928,0.01951,2887.0
2023-07-26 12:00:00,0.01951,0.01966,0.01966,0.01966,281.0
2023-07-26 16:00:00,0.01966,0.02496,0.01956,0.0198,14002.0
2023-07-26 20:00:00,0.0198,0.0198,0.0198,0.0198,0.0
2023-07-27 00:00:00,0.0198,0.0199,0.01953,0.01988,834.0
2023-07-27 04:00:00,0.01988,0.02034,0.01832,0.02018,5450.0
2023-07-27 08:00:00,0.02018,0.01968,0.01968,0.01968,982.0
2023-07-27 12:00:00,0.01968,0.0213,0.02098,0.021,3850.0
2023-07-27 16:00:00,0.021,0.02243,0.01883,0.02098,193853.0
2023-07-27 20:00:00,0.02098,0.02495,0.01904,0.02157,444015.0
2023-07-28 00:00:00,0.02157,0.02145,0.02086,0.02107,34162.0
2023-07-28 04:00:00,0.02107,0.02495,0.01959,0.02118,335286.0
2023-07-28 08:00:00,0.02118,0.02302,0.01955,0.02146,288172.0
2023-07-28 12:00:00,0.02146,0.02248,0.02003,0.02021,79894.0
2023-07-28 16:00:00,0.02083,0.02425,0.02027,0.02162,87679.0
2023-07-28 20:00:00,0.02162,0.02162,0.02162,0.02162,0.0
2023-07-29 00:00:00,0.02162,0.02162,0.02162,0.02162,0.0
2023-07-29 04:00:00,0.02162,0.02764,0.0204,0.02281,168327.0
2023-07-29 08:00:00,0.02304,0.02452,0.02151,0.02157,69826.0
2023-07-29 12:00:00,0.02157,0.02308,0.02126,0.02282,123183.0
2023-07-29 16:00:00,0.0228,0.02489,0.02204,0.02204,195247.0
2023-07-29 20:00:00,0.02204,0.02233,0.02219,0.02219,872.0
2023-07-30 00:00:00,0.02219,0.02313,0.02096,0.02272,268607.0
2023-07-30 04:00:00,0.02272,0.02314,0.02144,0.02209,102985.0
2023-07-30 08:00:00,0.02209,0.02259,0.02209,0.02259,950.0
2023-07-30 12:00:00,0.02259,0.02187,0.02114,0.02114,20499.0
2023-07-30 16:00:00,0.02114,0.02205,0.02157,0.02178,1112.0
2023-07-30 20:00:00,0.02178,0.02155,0.02143,0.02143,730.0
2023-07-31 00:00:00,0.02143,0.02145,0.02064,0.02126,47220.0
2023-07-31 04:00:00,0.02126,0.02157,0.0214,0.02157,1868.0
2023-07-31 08:00:00,0.02157,0.02157,0.0214,0.02157,1376.0
2023-07-31 12:00:00,0.02157,0.02189,0.02172,0.02172,757.0
2023-07-31 16:00:00,0.02172,0.02172,0.02172,0.02172,0.0
2023-07-31 20:00:00,0.02172,0.02172,0.02172,0.02172,0.0
2023-08-01 00:00:00,0.02172,0.02118,0.02101,0.02104,13486.0
2023-08-01 04:00:00,0.02104,0.02107,0.02107,0.02107,783.0
2023-08-01 08:00:00,0.02107,0.02115,0.02115,0.02115,5950.0
2023-08-01 12:00:00,0.02115,0.02101,0.0206,0.0206,1830.0
2023-08-01 16:00:00,0.0206,0.0225,0.0206,0.02094,79660.0
2023-08-01 20:00:00,0.02094,0.02094,0.02094,0.02094,0.0
2023-08-02 00:00:00,0.02094,0.0207,0.0207,0.0207,439.0
2023-08-02 04:00:00,0.0207,0.02273,0.02058,0.0208,205587.0
2023-08-02 08:00:00,0.0208,0.0208,0.0208,0.0208,0.0
2023-08-02 12:00:00,0.0208,0.02078,0.02078,0.02078,879.0
2023-08-02 16:00:00,0.02078,0.02077,0.0189,0.02008,240719.0
2023-08-02 20:00:00,0.02008,0.02014,0.01858,0.01858,99610.0
2023-08-03 00:00:00,0.01855,0.0214,0.01855,0.01999,218237.0
2023-08-03 04:00:00,0.01999,0.02156,0.01942,0.02058,199052.0
2023-08-03 08:00:00,0.02058,0.0201,0.02001,0.02001,773.0
2023-08-03 12:00:00,0.02001,0.02041,0.02,0.02039,12194.0
2023-08-03 16:00:00,0.02039,0.02024,0.01966,0.01985,9954.0
2023-08-03 20:00:00,0.01985,0.01985,0.01985,0.01985,0.0
2023-08-04 00:00:00,0.01985,0.02154,0.01969,0.02044,221269.0
2023-08-04 04:00:00,0.02044,0.02145,0.01925,0.01987,367205.0
2023-08-04 08:00:00,0.01987,0.01987,0.01987,0.01987,0.0
2023-08-04 12:00:00,0.01987,0.01987,0.01987,0.01987,0.0
2023-08-04 16:00:00,0.01987,0.01987,0.01987,0.01987,0.0
2023-08-04 20:00:00,0.01987,0.01987,0.01987,0.01987,0.0
2023-08-05 00:00:00,0.01987,0.01987,0.01986,0.01986,21673.0
2023-08-05 04:00:00,0.01986,0.01986,0.01986,0.01986,0.0
2023-08-05 08:00:00,0.01986,0.01986,0.01986,0.01986,0.0
2023-08-05 12:00:00,0.01986,0.01996,0.01973,0.01996,1685.0
2023-08-05 16:00:00,0.01996,0.01996,0.01996,0.01996,0.0
2023-08-05 20:00:00,0.01996,0.01996,0.01996,0.01996,0.0
2023-08-06 00:00:00,0.01996,0.01996,0.01996,0.01996,0.0
2023-08-06 04:00:00,0.01996,0.01996,0.01996,0.01996,0.0
2023-08-06 08:00:00,0.01996,0.02018,0.02018,0.02018,1.0
2023-08-06 12:00:00,0.02018,0.02018,0.02018,0.02018,0.0
2023-08-06 16:00:00,0.02018,0.02018,0.02018,0.02018,0.0
2023-08-06 20:00:00,0.02018,0.02049,0.02,0.02027,1762.0
2023-08-07 00:00:00,0.02027,0.02027,0.02027,0.02027,0.0
2023-08-07 04:00:00,0.02027,0.0208,0.02041,0.02074,8348.0
2023-08-07 08:00:00,0.02074,0.02152,0.01982,0.02056,254288.0
2023-08-07 12:00:00,0.02056,0.02068,0.02057,0.02068,2888.0
2023-08-07 16:00:00,0.02068,0.02068,0.02068,0.02068,0.0
2023-08-07 20:00:00,0.02068,0.02071,0.02071,0.02071,313.0
2023-08-08 00:00:00,0.02071,0.02071,0.02071,0.02071,313.0
2023-08-08 04:00:00,0.02071,0.02062,0.02046,0.0205,6606.0
2023-08-08 08:00:00,0.0205,0.0205,0.0205,0.0205,0.0
2023-08-08 12:00:00,0.0205,0.02048,0.02048,0.02048,317.0
2023-08-08 16:00:00,0.02048,0.02044,0.0203,0.0203,7142.0
2023-08-08 20:00:00,0.0203,0.02105,0.02029,0.02101,19488.0
2023-08-09 00:00:00,0.02101,0.02089,0.02076,0.02078,2849.0
2023-08-09 04:00:00,0.02078,0.02078,0.02077,0.02077,697.0
2023-08-09 08:00:00,0.02077,0.02077,0.02077,0.02077,0.0
2023-08-09 12:00:00,0.02077,0.02021,0.02021,0.02021,1233.0
2023-08-09 16:00:00,0.02021,0.02021,0.02021,0.02021,0.0
2023-08-09 20:00:00,0.02021,0.02021,0.02021,0.02021,0.0
2023-08-10 00:00:00,0.02021,0.02021,0.02021,0.02021,0.0
2023-08-10 04:00:00,0.02021,0.02021,0.02021,0.02021,0.0
2023-08-10 08:00:00,0.02021,0.02013,0.02005,0.02005,8989.0
2023-08-10 12:00:00,0.02005,0.02005,0.02005,0.02005,0.0
2023-08-10 16:00:00,0.02005,0.02,0.01999,0.02,7984.0
2023-08-10 20:00:00,0.02,0.02,0.02,0.02,0.0
2023-08-11 00:00:00,0.02,0.02,0.02,0.02,0.0
2023-08-11 04:00:00,0.02,0.02,0.01986,0.02,25887.0
2023-08-11 08:00:00,0.02,0.02,0.02,0.02,0.0
2023-08-11 12:00:00,0.02,0.02,0.02,0.02,0.0
2023-08-11 16:00:00,0.02,0.02,0.02,0.02,0.0
2023-08-11 20:00:00,0.02,0.02,0.02,0.02,0.0
2023-08-12 00:00:00,0.02,0.02,0.02,0.02,0.0
2023-08-12 04:00:00,0.02,0.02,0.02,0.02,0.0
2023-08-12 08:00:00,0.02,0.02,0.02,0.02,0.0
2023-08-12 12:00:00,0.02,0.02,0.02,0.02,0.0
2023-08-12 16:00:00,0.02,0.02,0.02,0.02,0.0
2023-08-12 20:00:00,0.02,0.0203,0.02029,0.0203,1594.0
2023-08-13 00:00:00,0.0203,0.0203,0.0203,0.0203,0.0
2023-08-13 04:00:00,0.0203,0.0203,0.0203,0.0203,0.0
2023-08-13 08:00:00,0.0203,0.02028,0.01894,0.01894,18733.0
2023-08-13 12:00:00,0.01894,0.02012,0.02011,0.02012,1284.0
2023-08-13 16:00:00,0.02012,0.02012,0.02012,0.02012,0.0
2023-08-13 20:00:00,0.02012,0.02012,0.02012,0.02012,0.0
2023-08-14 00:00:00,0.02012,0.02013,0.02012,0.02013,1475.0
2023-08-14 04:00:00,0.02013,0.02171,0.02171,0.02171,300.0
2023-08-14 08:00:00,0.02171,0.02171,0.02171,0.02171,0.0
2023-08-14 12:00:00,0.02171,0.01943,0.01943,0.01943,300.0
2023-08-14 16:00:00,0.01943,0.01943,0.01943,0.01943,0.0
2023-08-14 20:00:00,0.01943,0.01943,0.01943,0.01943,0.0
2023-08-15 00:00:00,0.01943,0.01943,0.01943,0.01943,0.0
2023-08-15 04:00:00,0.01943,0.01943,0.01943,0.01943,0.0
2023-08-15 08:00:00,0.01943,0.02057,0.0198,0.02,1165.0
2023-08-15 12:00:00,0.02,0.02,0.02,0.02,0.0
2023-08-15 16:00:00,0.02,0.02,0.02,0.02,0.0
2023-08-15 20:00:00,0.02,0.02,0.02,0.02,0.0
2023-08-16 00:00:00,0.02,0.02,0.02,0.02,0.0
2023-08-16 04:00:00,0.02,0.02,0.02,0.02,0.0
2023-08-16 08:00:00,0.02,0.02,0.02,0.02,0.0
2023-08-16 12:00:00,0.02,0.02,0.02,0.02,0.0
2023-08-16 16:00:00,0.02,0.02,0.02,0.02,0.0
2023-08-16 20:00:00,0.02,0.02,0.02,0.02,0.0
2023-08-17 00:00:00,0.02,0.02,0.02,0.02,0.0
2023-08-17 04:00:00,0.02,0.02,0.02,0.02,0.0
2023-08-17 08:00:00,0.02,0.02,0.02,0.02,0.0
2023-08-17 12:00:00,0.02,0.02,0.02,0.02,0.0
2023-08-17 16:00:00,0.02,0.02,0.02,0.02,0.0
2023-08-17 20:00:00,0.02,0.01902,0.01873,0.01873,16261.0
2023-08-18 00:00:00,0.01873,0.01873,0.01873,0.01873,0.0
2023-08-18 04:00:00,0.01873,0.01873,0.01873,0.01873,0.0
2023-08-18 08:00:00,0.01873,0.01873,0.01873,0.01873,1651.0
2023-08-18 12:00:00,0.01873,0.01873,0.01873,0.01873,7051.0
2023-08-18 16:00:00,0.01873,0.01963,0.01962,0.01962,2205.0
2023-08-18 20:00:00,0.01962,0.01874,0.01832,0.01832,27618.0
2023-08-19 00:00:00,0.01832,0.01832,0.01832,0.01832,0.0
2023-08-19 04:00:00,0.01832,0.01832,0.01832,0.01832,0.0
2023-08-19 08:00:00,0.01832,0.01832,0.01832,0.01832,0.0
2023-08-19 12:00:00,0.01832,0.01832,0.01832,0.01832,0.0
2023-08-19 16:00:00,0.01832,0.01832,0.01832,0.01832,0.0
2023-08-19 20:00:00,0.01832,0.01832,0.01832,0.01832,0.0
2023-08-20 00:00:00,0.01832,0.01929,0.01929,0.01929,1.0
2023-08-20 04:00:00,0.01929,0.01836,0.01832,0.01832,12070.0
2023-08-20 08:00:00,0.01832,0.0176,0.00971,0.00971,3210.0
2023-08-20 12:00:00,0.00971,0.01915,0.013,0.01915,1487.0
2023-08-20 16:00:00,0.01915,0.01915,0.01915,0.01915,0.0
2023-08-20 20:00:00,0.01915,0.01915,0.01915,0.01915,0.0
2023-08-21 00:00:00,0.01915,0.01807,0.01755,0.01807,1884.0
2023-08-21 04:00:00,0.01807,0.01807,0.01807,0.01807,0.0
2023-08-21 08:00:00,0.01807,0.01562,0.0153,0.01562,1855.0
2023-08-21 12:00:00,0.01562,0.0187,0.01601,0.01802,5809.0
2023-08-21 16:00:00,0.01802,0.01826,0.01521,0.01825,11919.0
2023-08-21 20:00:00,0.01825,0.0189,0.01607,0.0189,20325.0
2023-08-22 00:00:00,0.0189,0.0189,0.0189,0.0189,0.0
2023-08-22 04:00:00,0.0189,0.0189,0.0189,0.0189,0.0
2023-08-22 08:00:00,0.0189,0.0189,0.0189,0.0189,0.0
2023-08-22 12:00:00,0.0189,0.0189,0.01654,0.01848,8881.0
2023-08-22 16:00:00,0.01848,0.0173,0.0173,0.0173,8546.0
2023-08-22 20:00:00,0.0173,0.0178,0.01655,0.0178,1451.0
2023-08-23 00:00:00,0.0178,0.01704,0.01704,0.01704,1450.0
2023-08-23 04:00:00,0.01704,0.01721,0.01628,0.0166,33623.0
2023-08-23 08:00:00,0.0166,0.01721,0.01701,0.01721,4278.0
2023-08-23 12:00:00,0.01721,0.01788,0.01721,0.01788,768.0
2023-08-23 16:00:00,0.01788,0.01788,0.01788,0.01788,0.0
2023-08-23 20:00:00,0.01788,0.01638,0.01638,0.01638,1778.0
2023-08-24 00:00:00,0.01638,0.01828,0.01721,0.01828,12350.0
2023-08-24 04:00:00,0.01828,0.01828,0.01828,0.01828,0.0
2023-08-24 08:00:00,0.01828,0.01828,0.01828,0.01828,0.0
2023-08-24 12:00:00,0.01828,0.01828,0.01828,0.01828,0.0
2023-08-24 16:00:00,0.01828,0.01828,0.01828,0.01828,0.0
2023-08-24 20:00:00,0.01828,0.01828,0.01828,0.01828,0.0
2023-08-25 00:00:00,0.01828,0.01828,0.01828,0.01828,0.0
2023-08-25 04:00:00,0.01828,0.01828,0.01828,0.01828,0.0
2023-08-25 08:00:00,0.01828,0.01828,0.01828,0.01828,0.0
2023-08-25 12:00:00,0.01828,0.01649,0.0158,0.01649,1069.0
2023-08-25 16:00:00,0.01649,0.01801,0.01801,0.01801,2.0
2023-08-25 20:00:00,0.01801,0.01801,0.01801,0.01801,0.0
2023-08-26 00:00:00,0.01801,0.01818,0.01643,0.01818,1526.0
2023-08-26 04:00:00,0.01818,0.01818,0.01818,0.01818,0.0
2023-08-26 08:00:00,0.01818,0.01818,0.01818,0.01818,0.0
2023-08-26 12:00:00,0.01818,0.01818,0.01818,0.01818,0.0
2023-08-26 16:00:00,0.01818,0.01818,0.01818,0.01818,0.0
2023-08-26 20:00:00,0.01818,0.01818,0.01818,0.01818,0.0
2023-08-27 00:00:00,0.01818,0.01684,0.01524,0.01684,348.0
2023-08-27 04:00:00,0.01684,0.01684,0.01684,0.01684,0.0
2023-08-27 08:00:00,0.01684,0.01684,0.01684,0.01684,0.0
2023-08-27 12:00:00,0.01684,0.01684,0.01684,0.01684,0.0
2023-08-27 16:00:00,0.01684,0.01684,0.01684,0.01684,0.0
2023-08-27 20:00:00,0.01684,0.01684,0.01684,0.01684,0.0
2023-08-28 00:00:00,0.01684,0.01684,0.01684,0.01684,0.0
2023-08-28 04:00:00,0.01684,0.01684,0.01684,0.01684,0.0
2023-08-28 08:00:00,0.01684,0.01684,0.01684,0.01684,0.0
2023-08-28 12:00:00,0.01684,0.01684,0.01684,0.01684,0.0
2023-08-28 16:00:00,0.01684,0.01684,0.01684,0.01684,0.0
2023-08-28 20:00:00,0.01684,0.01684,0.01684,0.01684,0.0
2023-08-29 00:00:00,0.01684,0.01684,0.01684,0.01684,0.0
2023-08-29 04:00:00,0.01684,0.01684,0.01684,0.01684,0.0
2023-08-29 08:00:00,0.01684,0.01684,0.01684,0.01684,0.0
2023-08-29 12:00:00,0.01684,0.01684,0.01684,0.01684,0.0
2023-08-29 16:00:00,0.01684,0.0189,0.011,0.0189,8330.0
2023-08-29 20:00:00,0.0189,0.0189,0.0189,0.0189,0.0
2023-08-30 00:00:00,0.0189,0.0189,0.01451,0.01501,6203.0
2023-08-30 04:00:00,0.01501,0.018,0.018,0.018,2.0
2023-08-30 08:00:00,0.018,0.0183,0.01462,0.0183,3076.0
2023-08-30 12:00:00,0.0183,0.01831,0.01542,0.01542,9945.0
2023-08-30 16:00:00,0.01542,0.0183,0.01445,0.01445,8883.0
2023-08-30 20:00:00,0.01445,0.01592,0.01592,0.01592,1679.0
2023-08-31 00:00:00,0.01592,0.01592,0.01592,0.01592,0.0
2023-08-31 04:00:00,0.01592,0.01802,0.01306,0.01592,4118.0
2023-08-31 08:00:00,0.01592,0.01801,0.01601,0.01601,2940.0
2023-08-31 12:00:00,0.01601,0.01601,0.01601,0.01601,0.0
2023-08-31 16:00:00,0.01601,0.01601,0.01601,0.01601,0.0
2023-08-31 20:00:00,0.01601,0.01601,0.01601,0.01601,0.0
2023-09-01 00:00:00,0.01601,0.01601,0.01601,0.01601,0.0
2023-09-01 04:00:00,0.01601,0.01601,0.01601,0.01601,0.0
2023-09-01 08:00:00,0.01601,0.01601,0.01601,0.01601,0.0
2023-09-01 12:00:00,0.01601,0.01601,0.01601,0.01601,0.0
2023-09-01 16:00:00,0.01601,0.01601,0.01601,0.01601,0.0
2023-09-01 20:00:00,0.01601,0.01601,0.01601,0.01601,0.0
2023-09-02 00:00:00,0.01601,0.01601,0.01601,0.01601,0.0
2023-09-02 04:00:00,0.01601,0.01893,0.01304,0.01893,5650.0
2023-09-02 08:00:00,0.01893,0.01893,0.01893,0.01893,0.0
2023-09-02 12:00:00,0.01893,0.01893,0.01893,0.01893,0.0
2023-09-02 16:00:00,0.01893,0.01893,0.01893,0.01893,0.0
2023-09-02 20:00:00,0.01893,0.01893,0.01893,0.01893,0.0
2023-09-03 00:00:00,0.01893,0.01893,0.01893,0.01893,0.0
2023-09-03 04:00:00,0.01893,0.01893,0.01893,0.01893,0.0
2023-09-03 08:00:00,0.01893,0.01893,0.01893,0.01893,0.0
2023-09-03 12:00:00,0.01893,0.01893,0.01893,0.01893,0.0
2023-09-03 16:00:00,0.01893,0.01893,0.01893,0.01893,0.0
2023-09-03 20:00:00,0.01893,0.02257,0.01892,0.02257,4601.0
2023-09-04 00:00:00,0.02257,0.02257,0.02257,0.02257,0.0
2023-09-04 04:00:00,0.02257,0.02257,0.02257,0.02257,0.0
2023-09-04 08:00:00,0.02257,0.02257,0.02257,0.02257,0.0
2023-09-04 12:00:00,0.02257,0.02257,0.02257,0.02257,0.0
2023-09-04 16:00:00,0.02257,0.02257,0.02257,0.02257,0.0
2023-09-04 20:00:00,0.02257,0.02257,0.02257,0.02257,0.0
2023-09-05 00:00:00,0.02257,0.01554,0.01306,0.01306,6246.0
2023-09-05 04:00:00,0.01306,0.0174,0.01608,0.0174,6246.0
2023-09-05 08:00:00,0.0174,0.0174,0.0174,0.0174,0.0
2023-09-05 12:00:00,0.0174,0.0174,0.0174,0.0174,0.0
2023-09-05 16:00:00,0.0174,0.0174,0.0174,0.0174,0.0
2023-09-05 20:00:00,0.0174,0.0174,0.0174,0.0174,0.0
2023-09-06 00:00:00,0.0174,0.0174,0.0174,0.0174,0.0
2023-09-06 04:00:00,0.0174,0.0174,0.0174,0.0174,0.0
2023-09-06 08:00:00,0.0174,0.0174,0.0174,0.0174,0.0
2023-09-06 12:00:00,0.0174,0.0174,0.0174,0.0174,0.0
2023-09-06 16:00:00,0.0174,0.0174,0.0174,0.0174,0.0
2023-09-06 20:00:00,0.0174,0.0174,0.0174,0.0174,0.0
2023-09-07 00:00:00,0.0174,0.0174,0.0174,0.0174,0.0
2023-09-07 04:00:00,0.0174,0.02258,0.02257,0.02258,2330.0
2023-09-07 08:00:00,0.02258,0.02258,0.02258,0.02258,0.0
2023-09-07 12:00:00,0.02258,0.02258,0.02258,0.02258,0.0
2023-09-07 16:00:00,0.02258,0.02258,0.02258,0.02258,0.0
2023-09-07 20:00:00,0.02258,0.02258,0.02258,0.02258,0.0
2023-09-08 00:00:00,0.02258,0.02258,0.02258,0.02258,0.0
2023-09-08 04:00:00,0.02258,0.02258,0.02258,0.02258,0.0
2023-09-08 08:00:00,0.02258,0.02258,0.02258,0.02258,0.0
2023-09-08 12:00:00,0.02258,0.02258,0.02258,0.02258,0.0
2023-09-08 16:00:00,0.02258,0.02258,0.02258,0.02258,0.0
2023-09-08 20:00:00,0.02258,0.02258,0.02258,0.02258,0.0
2023-09-09 00:00:00,0.02258,0.02258,0.02258,0.02258,0.0
2023-09-09 04:00:00,0.02258,0.02258,0.02258,0.02258,0.0
2023-09-09 08:00:00,0.02258,0.02258,0.02258,0.02258,0.0
2023-09-09 12:00:00,0.02258,0.02258,0.02258,0.02258,0.0
2023-09-09 16:00:00,0.02258,0.02258,0.02258,0.02258,0.0
2023-09-09 20:00:00,0.02258,0.02258,0.02258,0.02258,0.0
2023-09-10 00:00:00,0.02258,0.02258,0.02258,0.02258,0.0
2023-09-10 04:00:00,0.02258,0.02258,0.02258,0.02258,0.0
2023-09-10 08:00:00,0.02258,0.02258,0.02258,0.02258,0.0
2023-09-10 12:00:00,0.02258,0.02258,0.02258,0.02258,0.0
2023-09-10 16:00:00,0.02258,0.02258,0.02258,0.02258,0.0
2023-09-10 20:00:00,0.02258,0.02388,0.02258,0.02388,20884.0
2023-09-11 00:00:00,0.02388,0.02388,0.02388,0.02388,0.0
2023-09-11 04:00:00,0.02388,0.02388,0.02388,0.02388,0.0
2023-09-11 08:00:00,0.02388,0.02388,0.02388,0.02388,0.0
2023-09-11 12:00:00,0.02388,0.02388,0.02388,0.02388,1642.0
2023-09-11 16:00:00,0.02388,0.02388,0.02388,0.02388,0.0
2023-09-11 20:00:00,0.02388,0.01624,0.01624,0.01624,1569.0
2023-09-12 00:00:00,0.01624,0.01624,0.01624,0.01624,0.0
2023-09-12 04:00:00,0.01624,0.01624,0.01624,0.01624,0.0
2023-09-12 08:00:00,0.01624,0.02301,0.023,0.023,781.0
2023-09-12 12:00:00,0.023,0.02736,0.01688,0.02736,1907.0
2023-09-12 16:00:00,0.02736,0.02736,0.02736,0.02736,0.0
2023-09-12 20:00:00,0.02736,0.02736,0.02736,0.02736,0.0
2023-09-13 00:00:00,0.02736,0.02736,0.02736,0.02736,0.0
2023-09-13 04:00:00,0.02736,0.03547,0.03347,0.03547,887.0
2023-09-13 08:00:00,0.03547,0.03199,0.0315,0.0315,14990.0
2023-09-13 12:00:00,0.0315,0.0315,0.0315,0.0315,0.0
2023-09-13 16:00:00,0.0315,0.0315,0.0315,0.0315,0.0
2023-09-13 20:00:00,0.0315,0.0315,0.0315,0.0315,0.0
2023-09-14 00:00:00,0.0315,0.0315,0.0315,0.0315,0.0
2023-09-14 04:00:00,0.0315,0.03055,0.03055,0.03055,664.0
2023-09-14 08:00:00,0.03055,0.03055,0.03055,0.03055,0.0
2023-09-14 12:00:00,0.03055,0.03055,0.03055,0.03055,0.0
2023-09-14 16:00:00,0.03055,0.03055,0.03055,0.03055,0.0
2023-09-14 20:00:00,0.03055,0.03055,0.03055,0.03055,0.0
2023-09-15 00:00:00,0.03055,0.03055,0.03055,0.03055,0.0
2023-09-15 04:00:00,0.03055,0.03055,0.03055,0.03055,0.0
2023-09-15 08:00:00,0.03055,0.03055,0.03055,0.03055,0.0
2023-09-15 12:00:00,0.03055,0.03055,0.03055,0.03055,0.0
2023-09-15 16:00:00,0.03055,0.03055,0.03055,0.03055,0.0
2023-09-15 20:00:00,0.03055,0.03055,0.03055,0.03055,0.0
2023-09-16 00:00:00,0.03055,0.03055,0.03055,0.03055,0.0
2023-09-16 04:00:00,0.03055,0.03055,0.03055,0.03055,0.0
2023-09-16 08:00:00,0.03055,0.03055,0.03055,0.03055,0.0
2023-09-16 12:00:00,0.03055,0.03055,0.03055,0.03055,0.0
2023-09-16 16:00:00,0.03055,0.03055,0.03055,0.03055,0.0
2023-09-16 20:00:00,0.03055,0.03055,0.03055,0.03055,0.0
2023-09-17 00:00:00,0.03055,0.03055,0.03055,0.03055,0.0
2023-09-17 04:00:00,0.03055,0.03055,0.03055,0.03055,0.0
2023-09-17 08:00:00,0.03055,0.03055,0.03055,0.03055,0.0
2023-09-17 12:00:00,0.03055,0.03055,0.03055,0.03055,0.0
2023-09-17 16:00:00,0.03055,0.03055,0.03055,0.03055,0.0
2023-09-17 20:00:00,0.03055,0.03055,0.03055,0.03055,0.0
2023-09-18 00:00:00,0.03055,0.03333,0.03,0.03333,2572.0
2023-09-18 04:00:00,0.03333,0.03333,0.03333,0.03333,0.0
2023-09-18 08:00:00,0.03333,0.03333,0.03333,0.03333,0.0
2023-09-18 12:00:00,0.03333,0.03333,0.03333,0.03333,0.0
2023-09-18 16:00:00,0.03333,0.03333,0.03333,0.03333,0.0
2023-09-18 20:00:00,0.03333,0.03333,0.03333,0.03333,0.0
2023-09-19 00:00:00,0.03333,0.03333,0.03333,0.03333,0.0
2023-09-19 04:00:00,0.03333,0.03333,0.03333,0.03333,0.0
2023-09-19 08:00:00,0.03333,0.03333,0.03333,0.03333,0.0
2023-09-19 12:00:00,0.03333,0.04248,0.035,0.04248,2286.0
2023-09-19 16:00:00,0.04248,0.04248,0.04248,0.04248,380.0
2023-09-19 20:00:00,0.04248,0.04248,0.04248,0.04248,0.0
2023-09-20 00:00:00,0.04248,0.04248,0.04248,0.04248,0.0
2023-09-20 04:00:00,0.04248,0.04248,0.04248,0.04248,0.0
2023-09-20 08:00:00,0.04248,0.04248,0.04248,0.04248,0.0
2023-09-20 12:00:00,0.04248,0.04248,0.04248,0.04248,0.0
2023-09-20 16:00:00,0.04248,0.04247,0.04247,0.04247,73.0
2023-09-20 20:00:00,0.04247,0.04247,0.04247,0.04247,0.0
2023-09-21 00:00:00,0.04247,0.04247,0.04247,0.04247,0.0
2023-09-21 04:00:00,0.04247,0.04247,0.04247,0.04247,0.0
2023-09-21 08:00:00,0.04247,0.04247,0.04247,0.04247,0.0
2023-09-21 12:00:00,0.04247,0.04247,0.04247,0.04247,0.0
2023-09-21 16:00:00,0.04247,0.04247,0.04247,0.04247,0.0
2023-09-21 20:00:00,0.04247,0.04247,0.04247,0.04247,0.0
2023-09-22 00:00:00,0.04247,0.04247,0.04247,0.04247,0.0
2023-09-22 04:00:00,0.04247,0.04247,0.04247,0.04247,0.0
2023-09-22 08:00:00,0.04247,0.04247,0.04247,0.04247,0.0
2023-09-22 12:00:00,0.04247,0.02943,0.02914,0.02914,1354.0
2023-09-22 16:00:00,0.02936,0.02997,0.02936,0.02967,12406.0
2023-09-22 20:00:00,0.02967,0.02967,0.02967,0.02967,0.0
2023-09-23 00:00:00,0.02967,0.02967,0.02867,0.02867,27381.0
2023-09-23 04:00:00,0.02867,0.02867,0.02867,0.02867,0.0
2023-09-23 08:00:00,0.02867,0.02867,0.02867,0.02867,0.0
2023-09-23 12:00:00,0.02867,0.02867,0.02751,0.028,17636.0
2023-09-23 16:00:00,0.028,0.02751,0.02747,0.02747,1056.0
2023-09-23 20:00:00,0.02747,0.02747,0.02747,0.02747,0.0
2023-09-24 00:00:00,0.02747,0.02747,0.02747,0.02747,0.0
2023-09-24 04:00:00,0.02747,0.02761,0.02743,0.02743,432.0
2023-09-24 08:00:00,0.02743,0.02743,0.02743,0.02743,0.0
2023-09-24 12:00:00,0.02743,0.02743,0.02743,0.02743,0.0
2023-09-24 16:00:00,0.02743,0.02743,0.02743,0.02743,0.0
2023-09-24 20:00:00,0.02743,0.02743,0.02743,0.02743,0.0
2023-09-25 00:00:00,0.02743,0.02743,0.02739,0.02739,1153.0
2023-09-25 04:00:00,0.02739,0.02734,0.02721,0.02721,3431.0
2023-09-25 08:00:00,0.02721,0.02721,0.02609,0.02609,20271.0
2023-09-25 12:00:00,0.02609,0.0264,0.02631,0.0264,3328.0
2023-09-25 16:00:00,0.0264,0.0264,0.0264,0.0264,0.0
2023-09-25 20:00:00,0.0264,0.02621,0.02621,0.02621,416.0
2023-09-26 00:00:00,0.02621,0.02621,0.02502,0.02502,19260.0
2023-09-26 04:00:00,0.02502,0.0252,0.02502,0.02502,478.0
2023-09-26 08:00:00,0.02502,0.02659,0.0252,0.02659,33078.0
2023-09-26 12:00:00,0.02659,0.02641,0.02632,0.02632,1934.0
2023-09-26 16:00:00,0.02632,0.02632,0.02632,0.02632,0.0
2023-09-26 20:00:00,0.02632,0.02632,0.02632,0.02632,838.0
2023-09-27 00:00:00,0.02632,0.02632,0.02632,0.02632,0.0
2023-09-27 04:00:00,0.02632,0.02632,0.02632,0.02632,0.0
2023-09-27 08:00:00,0.02632,0.02632,0.02632,0.02632,0.0
2023-09-27 12:00:00,0.02632,0.02654,0.02633,0.02638,45320.0
2023-09-27 16:00:00,0.02639,0.02653,0.02633,0.02649,100195.0
2023-09-27 20:00:00,0.02641,0.02653,0.02633,0.02643,67875.0
2023-09-28 00:00:00,0.02645,0.02653,0.02628,0.02639,53745.0
2023-09-28 04:00:00,0.02639,0.02642,0.02617,0.02628,36711.0
2023-09-28 08:00:00,0.02628,0.02629,0.02618,0.02622,8832.0
2023-09-28 12:00:00,0.02622,0.02632,0.02618,0.02625,16378.0
2023-09-28 16:00:00,0.02625,0.0264,0.02618,0.02629,30202.0
2023-09-28 20:00:00,0.02629,0.02639,0.02617,0.0263,54047.0
2023-09-29 00:00:00,0.0263,0.02633,0.02617,0.02622,62354.0
2023-09-29 04:00:00,0.0263,0.02633,0.02618,0.02618,47852.0
2023-09-29 08:00:00,0.02618,0.02633,0.02618,0.02626,44281.0
2023-09-29 12:00:00,0.02626,0.02633,0.02618,0.02633,38352.0
2023-09-29 16:00:00,0.02633,0.02634,0.02609,0.02615,27106.0
2023-09-29 20:00:00,0.02615,0.0263,0.0261,0.02617,32806.0
2023-09-30 00:00:00,0.02617,0.02631,0.0261,0.02625,24683.0
2023-09-30 04:00:00,0.02625,0.0263,0.0261,0.02616,38990.0
2023-09-30 08:00:00,0.02627,0.0263,0.0261,0.0261,49750.0
2023-09-30 12:00:00,0.0261,0.0263,0.02611,0.0263,41333.0
2023-09-30 16:00:00,0.0263,0.0263,0.0261,0.02617,50652.0
2023-09-30 20:00:00,0.02617,0.0263,0.0261,0.02615,56810.0
2023-10-01 00:00:00,0.02615,0.02629,0.0261,0.02623,33998.0
2023-10-01 04:00:00,0.02623,0.0263,0.0261,0.02627,47687.0
2023-10-01 08:00:00,0.02627,0.02634,0.02612,0.02624,38428.0
2023-10-01 12:00:00,0.02624,0.02633,0.02621,0.02624,30743.0
2023-10-01 16:00:00,0.02624,0.02633,0.02621,0.02633,38115.0
2023-10-01 20:00:00,0.02626,0.02645,0.02621,0.02643,38002.0
2023-10-02 00:00:00,0.02643,0.02767,0.02632,0.02759,52400.0
2023-10-02 04:00:00,0.02754,0.02766,0.02746,0.02748,31584.0
2023-10-02 08:00:00,0.02748,0.02762,0.02661,0.02673,52723.0
2023-10-02 12:00:00,0.02673,0.0268,0.02662,0.0267,32584.0
2023-10-02 16:00:00,0.0267,0.02681,0.02661,0.02668,30509.0
2023-10-02 20:00:00,0.02668,0.02678,0.02663,0.02669,34791.0
2023-10-03 00:00:00,0.02669,0.0268,0.02554,0.0257,60825.0
2023-10-03 04:00:00,0.0257,0.02574,0.02555,0.02573,30016.0
2023-10-03 08:00:00,0.02573,0.02573,0.02555,0.02557,32433.0
2023-10-03 12:00:00,0.02557,0.02582,0.02555,0.0257,41874.0
2023-10-03 16:00:00,0.02571,0.02581,0.02562,0.02564,31375.0
2023-10-03 20:00:00,0.02564,0.02589,0.02463,0.02476,57300.0
2023-10-04 00:00:00,0.02476,0.02479,0.02463,0.02469,36448.0
2023-10-04 04:00:00,0.02469,0.02469,0.02357,0.02358,54681.0
2023-10-04 08:00:00,0.02358,0.02371,0.02358,0.02361,32588.0
2023-10-04 12:00:00,0.02358,0.02373,0.02358,0.02366,42695.0
2023-10-04 16:00:00,0.02366,0.02385,0.02358,0.02383,68011.0
2023-10-04 20:00:00,0.02384,0.02386,0.0237,0.02383,59289.0
2023-10-05 00:00:00,0.02383,0.02388,0.02374,0.02379,43805.0
2023-10-05 04:00:00,0.02379,0.02388,0.02374,0.02377,63537.0
2023-10-05 08:00:00,0.02377,0.02396,0.02374,0.02389,38550.0
2023-10-05 12:00:00,0.02389,0.02395,0.02378,0.02393,37850.0
2023-10-05 16:00:00,0.02393,0.02395,0.02374,0.02375,49192.0
2023-10-05 20:00:00,0.02384,0.02386,0.02358,0.02369,55107.0
2023-10-06 00:00:00,0.02369,0.02372,0.02358,0.02367,39196.0
2023-10-06 04:00:00,0.02367,0.02401,0.02358,0.02389,48936.0
2023-10-06 08:00:00,0.02391,0.02574,0.02386,0.02564,71549.0
2023-10-06 12:00:00,0.02564,0.04375,0.02574,0.02683,82000.0
2023-10-06 16:00:00,0.02683,0.02696,0.02677,0.02678,19721.0
2023-10-06 20:00:00,0.02678,0.02695,0.02679,0.02693,10653.0
2023-10-07 00:00:00,0.02693,0.02696,0.02583,0.02585,39342.0
2023-10-07 04:00:00,0.02585,0.02599,0.02584,0.02599,10778.0
2023-10-07 08:00:00,0.02599,0.026,0.02584,0.02591,15738.0
2023-10-07 12:00:00,0.02591,0.02599,0.02584,0.02592,59376.0
2023-10-07 16:00:00,0.02592,0.02599,0.02584,0.02588,39552.0
2023-10-07 20:00:00,0.02588,0.02599,0.02584,0.02592,35048.0
2023-10-08 00:00:00,0.02592,0.02598,0.02583,0.02584,39264.0
2023-10-08 04:00:00,0.02584,0.02595,0.02575,0.02575,40991.0
2023-10-08 08:00:00,0.02575,0.02591,0.0254,0.02552,51367.0
2023-10-08 12:00:00,0.02552,0.0256,0.02541,0.02552,40235.0
2023-10-08 16:00:00,0.02552,0.0256,0.02535,0.02537,36121.0
2023-10-08 20:00:00,0.02537,0.02552,0.02536,0.02538,55867.0
2023-10-09 00:00:00,0.02538,0.02552,0.02536,0.02538,32646.0
2023-10-09 04:00:00,0.02538,0.02552,0.02536,0.0254,37018.0
2023-10-09 08:00:00,0.0254,0.02553,0.02535,0.02538,43154.0
2023-10-09 12:00:00,0.02538,0.02551,0.02422,0.02429,47181.0
2023-10-09 16:00:00,0.02429,0.02462,0.02425,0.02462,40799.0
2023-10-09 20:00:00,0.0245,0.0247,0.02444,0.02457,30960.0
2023-10-10 00:00:00,0.02457,0.02469,0.02456,0.02456,31902.0
2023-10-10 04:00:00,0.02468,0.02469,0.02456,0.02465,38733.0
2023-10-10 08:00:00,0.02465,0.02476,0.02456,0.02472,45183.0
2023-10-10 12:00:00,0.02472,0.02475,0.0246,0.02467,46271.0
2023-10-10 16:00:00,0.02466,0.02475,0.02459,0.02473,53525.0
2023-10-10 20:00:00,0.02472,0.02475,0.02458,0.02463,40459.0
2023-10-11 00:00:00,0.02463,0.02548,0.02459,0.02543,50591.0
2023-10-11 04:00:00,0.02543,0.02547,0.02529,0.02537,40296.0
2023-10-11 08:00:00,0.02537,0.02547,0.02529,0.02544,24538.0
2023-10-11 12:00:00,0.02535,0.02547,0.02529,0.02544,32882.0
2023-10-11 16:00:00,0.02544,0.02547,0.02528,0.02532,37273.0
2023-10-11 20:00:00,0.02532,0.02547,0.02519,0.02534,33156.0
2023-10-12 00:00:00,0.02534,0.02601,0.02477,0.02601,71296.0
2023-10-12 04:00:00,0.02601,0.02615,0.02598,0.02602,28583.0
2023-10-12 08:00:00,0.02602,0.02614,0.02598,0.02605,42348.0
2023-10-12 12:00:00,0.02613,0.02635,0.02598,0.02625,75765.0
2023-10-12 16:00:00,0.02635,0.02635,0.02616,0.02627,38576.0
2023-10-12 20:00:00,0.02627,0.02627,0.02615,0.02626,40570.0
2023-10-13 00:00:00,0.02626,0.02744,0.02614,0.02739,39822.0
2023-10-13 04:00:00,0.02739,0.02743,0.02679,0.02679,37006.0
2023-10-13 08:00:00,0.02679,0.02679,0.02586,0.0259,42350.0
2023-10-13 12:00:00,0.0259,0.02589,0.02474,0.02502,32197.0
2023-10-13 16:00:00,0.02502,0.02516,0.02483,0.02505,23143.0
2023-10-13 20:00:00,0.02505,0.02516,0.02496,0.02515,29985.0
2023-10-14 00:00:00,0.02515,0.02515,0.02494,0.02496,38516.0
2023-10-14 04:00:00,0.02496,0.02516,0.02494,0.02501,46915.0
2023-10-14 08:00:00,0.02502,0.02507,0.02491,0.02498,48586.0
2023-10-14 12:00:00,0.02497,0.02502,0.02489,0.02502,67907.0
2023-10-14 16:00:00,0.02502,0.02502,0.02489,0.02499,66714.0
2023-10-14 20:00:00,0.02499,0.02502,0.0249,0.02501,23607.0
2023-10-15 00:00:00,0.02501,0.02493,0.02463,0.02474,39577.0
2023-10-15 04:00:00,0.02471,0.02479,0.02464,0.02478,33694.0
2023-10-15 08:00:00,0.02471,0.02479,0.02385,0.02385,54696.0
2023-10-15 12:00:00,0.02385,0.02401,0.02386,0.02395,36398.0
2023-10-15 16:00:00,0.02395,0.02399,0.02385,0.02393,32430.0
2023-10-15 20:00:00,0.02393,0.02395,0.02384,0.02389,33717.0
2023-10-16 00:00:00,0.02389,0.02392,0.02267,0.0227,59689.0
2023-10-16 04:00:00,0.0227,0.02293,0.02269,0.0229,45909.0
2023-10-16 08:00:00,0.0229,0.02293,0.02276,0.0228,34724.0
2023-10-16 12:00:00,0.0228,0.02287,0.02218,0.02222,59379.0
2023-10-16 16:00:00,0.02222,0.02234,0.02216,0.02216,43402.0
2023-10-16 20:00:00,0.02217,0.02229,0.02216,0.02221,45561.0
2023-10-17 00:00:00,0.02221,0.02229,0.02216,0.02218,58288.0
2023-10-17 04:00:00,0.02223,0.02229,0.02115,0.02125,60945.0
2023-10-17 08:00:00,0.02125,0.02132,0.02115,0.02121,39212.0
2023-10-17 12:00:00,0.02121,0.02131,0.02116,0.02129,41766.0
2023-10-17 16:00:00,0.02129,0.02131,0.02115,0.02122,33581.0
2023-10-17 20:00:00,0.02122,0.02124,0.02114,0.02117,47465.0
2023-10-18 00:00:00,0.02117,0.02124,0.02111,0.02123,50100.0
2023-10-18 04:00:00,0.02122,0.02124,0.0211,0.02115,54049.0
2023-10-18 08:00:00,0.02115,0.0212,0.02109,0.02118,74576.0
2023-10-18 12:00:00,0.02118,0.0212,0.02108,0.02111,54922.0
2023-10-18 16:00:00,0.02111,0.0212,0.02064,0.02067,56410.0
2023-10-18 20:00:00,0.02067,0.02075,0.02063,0.02065,45901.0
2023-10-19 00:00:00,0.02065,0.02075,0.02059,0.0206,42305.0
2023-10-19 04:00:00,0.0206,0.02075,0.02059,0.02063,38675.0
2023-10-19 08:00:00,0.02064,0.0217,0.02059,0.02162,64282.0
2023-10-19 12:00:00,0.02162,0.02182,0.02151,0.02161,51141.0
2023-10-19 16:00:00,0.02161,0.02174,0.0214,0.02148,40367.0
2023-10-19 20:00:00,0.02148,0.0215,0.02141,0.02145,40152.0
2023-10-20 00:00:00,0.02145,0.0215,0.02136,0.02147,48798.0
2023-10-20 04:00:00,0.02147,0.0215,0.02133,0.02136,44183.0
2023-10-20 08:00:00,0.02136,0.02151,0.02131,0.02135,69357.0
2023-10-20 12:00:00,0.02135,0.02176,0.02134,0.02164,81982.0
2023-10-20 16:00:00,0.02164,0.02175,0.02149,0.02158,42467.0
2023-10-20 20:00:00,0.02161,0.02161,0.02133,0.02134,62106.0
2023-10-21 00:00:00,0.02134,0.02144,0.02129,0.02131,39577.0
2023-10-21 04:00:00,0.02131,0.02131,0.02127,0.0213,34204.0
2023-10-21 08:00:00,0.0213,0.02131,0.02126,0.02127,52498.0
2023-10-21 12:00:00,0.02126,0.02132,0.02124,0.02124,65931.0
2023-10-21 16:00:00,0.02124,0.02182,0.02124,0.02169,43792.0
2023-10-21 20:00:00,0.02169,0.02179,0.02165,0.02171,87791.0
2023-10-22 00:00:00,0.02171,0.02175,0.02164,0.02172,57389.0
2023-10-22 04:00:00,0.02171,0.02175,0.02164,0.02164,39395.0
2023-10-22 08:00:00,0.02164,0.02174,0.02159,0.02162,56539.0
2023-10-22 12:00:00,0.02162,0.02174,0.02159,0.02164,44891.0
2023-10-22 16:00:00,0.02164,0.02169,0.02153,0.02167,52586.0
2023-10-22 20:00:00,0.02167,0.02169,0.02152,0.02154,54589.0
2023-10-23 00:00:00,0.02154,0.0217,0.02152,0.02162,38466.0
2023-10-23 04:00:00,0.02162,0.02176,0.02158,0.02162,50009.0
2023-10-23 08:00:00,0.02162,0.02187,0.02159,0.02179,43253.0
2023-10-23 12:00:00,0.02179,0.02181,0.02171,0.02171,39686.0
2023-10-23 16:00:00,0.02171,0.02181,0.0217,0.02181,53421.0
2023-10-23 20:00:00,0.02181,0.02181,0.02168,0.0217,55030.0
2023-10-24 00:00:00,0.0217,0.02181,0.02164,0.02175,49843.0
2023-10-24 04:00:00,0.02175,0.02175,0.02165,0.02172,55164.0
2023-10-24 08:00:00,0.02172,0.02175,0.02164,0.02169,62297.0
2023-10-24 12:00:00,0.02168,0.02175,0.02164,0.02164,58708.0
2023-10-24 16:00:00,0.0217,0.02175,0.0216,0.02173,57599.0
2023-10-24 20:00:00,0.0217,0.02175,0.02161,0.02168,49415.0
2023-10-25 00:00:00,0.02168,0.02174,0.0216,0.02165,46613.0
2023-10-25 04:00:00,0.02168,0.02174,0.02158,0.02164,43025.0
2023-10-25 08:00:00,0.02164,0.02169,0.02158,0.02167,48581.0
2023-10-25 12:00:00,0.02167,0.02169,0.02158,0.02161,33646.0
2023-10-25 16:00:00,0.02161,0.02169,0.02156,0.02157,44001.0
2023-10-25 20:00:00,0.02157,0.02169,0.02156,0.02169,67870.0
2023-10-26 00:00:00,0.02169,0.02169,0.02155,0.02155,55315.0
2023-10-26 04:00:00,0.02155,0.02169,0.02152,0.02157,56957.0
2023-10-26 08:00:00,0.02157,0.02169,0.02152,0.02152,77196.0
2023-10-26 12:00:00,0.02152,0.02162,0.02085,0.02098,66823.0
2023-10-26 16:00:00,0.02098,0.02098,0.02079,0.02086,19820.0
2023-10-26 20:00:00,0.02084,0.02094,0.02079,0.02091,45794.0
2023-10-27 00:00:00,0.02091,0.02092,0.02077,0.02077,33686.0
2023-10-27 04:00:00,0.02077,0.02088,0.02075,0.02088,36051.0
2023-10-27 08:00:00,0.02087,0.02088,0.02073,0.02084,46357.0
2023-10-27 12:00:00,0.02083,0.02092,0.0207,0.02079,41428.0
2023-10-27 16:00:00,0.0209,0.02092,0.0208,0.02092,77732.0
2023-10-27 20:00:00,0.02092,0.02095,0.02079,0.02089,68385.0
2023-10-28 00:00:00,0.02089,0.02094,0.02079,0.02085,44496.0
2023-10-28 04:00:00,0.02085,0.02091,0.02079,0.02082,71504.0
2023-10-28 08:00:00,0.02082,0.02091,0.02076,0.02081,47826.0
2023-10-28 12:00:00,0.02081,0.02087,0.02075,0.02076,39809.0
2023-10-28 16:00:00,0.02078,0.02092,0.02073,0.02084,68652.0
2023-10-28 20:00:00,0.02084,0.02091,0.02079,0.02083,36015.0
2023-10-29 00:00:00,0.02083,0.02091,0.02075,0.02077,43503.0
2023-10-29 04:00:00,0.02077,0.02087,0.02073,0.02087,60525.0
2023-10-29 08:00:00,0.02087,0.02087,0.02072,0.02081,42620.0
2023-10-29 12:00:00,0.02081,0.02088,0.02072,0.02085,45443.0
2023-10-29 16:00:00,0.02074,0.02087,0.02072,0.02079,58838.0
2023-10-29 20:00:00,0.02078,0.02087,0.0207,0.02073,63964.0
2023-10-30 00:00:00,0.0207,0.02079,0.0207,0.02077,59353.0
2023-10-30 04:00:00,0.02077,0.02079,0.0207,0.0207,57698.0
2023-10-30 08:00:00,0.0207,0.02079,0.02069,0.02076,59742.0
2023-10-30 12:00:00,0.02079,0.02079,0.02068,0.02068,51328.0
2023-10-30 16:00:00,0.02068,0.02078,0.02064,0.02067,50072.0
2023-10-30 20:00:00,0.02067,0.02075,0.02063,0.02063,47388.0
2023-10-31 00:00:00,0.02063,0.02075,0.02062,0.02068,35863.0
2023-10-31 04:00:00,0.02067,0.02075,0.02062,0.02074,51231.0
2023-10-31 08:00:00,0.02074,0.02075,0.02062,0.02073,47401.0
2023-10-31 12:00:00,0.02072,0.02075,0.02061,0.02072,51224.0
2023-10-31 16:00:00,0.02072,0.02076,0.02061,0.02072,65301.0
2023-10-31 20:00:00,0.02072,0.02076,0.02066,0.02076,80180.0
2023-11-01 00:00:00,0.02076,0.02076,0.02066,0.02073,58773.0
2023-11-01 04:00:00,0.02073,0.02076,0.02066,0.02074,57907.0
2023-11-01 08:00:00,0.02074,0.02076,0.02059,0.02074,43713.0
2023-11-01 12:00:00,0.02074,0.02072,0.02054,0.02062,41713.0
2023-11-01 16:00:00,0.02062,0.02067,0.02039,0.0204,54533.0
2023-11-01 20:00:00,0.02043,0.02057,0.0204,0.02047,37793.0
2023-11-02 00:00:00,0.02047,0.02064,0.02047,0.02064,59461.0
2023-11-02 04:00:00,0.02064,0.02064,0.02055,0.02063,57037.0
2023-11-02 08:00:00,0.02063,0.02076,0.02063,0.02073,40861.0
2023-11-02 12:00:00,0.02073,0.02088,0.02066,0.02086,59806.0
2023-11-02 16:00:00,0.02083,0.02088,0.02076,0.02082,63464.0
2023-11-02 20:00:00,0.02082,0.02086,0.02076,0.02084,47357.0
2023-11-03 00:00:00,0.02084,0.02086,0.02077,0.0208,56068.0
2023-11-03 04:00:00,0.02081,0.02086,0.02077,0.02084,58604.0
2023-11-03 08:00:00,0.02084,0.02086,0.02077,0.0208,53647.0
2023-11-03 12:00:00,0.0208,0.02086,0.02077,0.02084,54737.0
2023-11-03 16:00:00,0.02084,0.02086,0.02068,0.02075,46799.0
2023-11-03 20:00:00,0.02075,0.0208,0.02071,0.02076,43716.0
2023-11-04 00:00:00,0.02076,0.0208,0.02071,0.02075,51693.0
2023-11-04 04:00:00,0.02075,0.0208,0.02071,0.02075,42918.0
2023-11-04 08:00:00,0.02076,0.0208,0.02071,0.02074,39801.0
2023-11-04 12:00:00,0.02079,0.0208,0.0207,0.02071,53783.0
2023-11-04 16:00:00,0.02071,0.0208,0.02071,0.0208,56980.0
2023-11-04 20:00:00,0.02074,0.0208,0.02074,0.02074,69316.0
2023-11-05 00:00:00,0.02074,0.0208,0.02074,0.02078,60392.0
2023-11-05 04:00:00,0.02078,0.0208,0.02074,0.02077,75418.0
2023-11-05 08:00:00,0.02075,0.02086,0.02074,0.02082,45760.0
2023-11-05 12:00:00,0.02082,0.02086,0.02074,0.02086,38460.0
2023-11-05 16:00:00,0.02077,0.02086,0.02074,0.02083,49737.0
2023-11-05 20:00:00,0.02083,0.02086,0.0207,0.02072,39200.0
2023-11-06 00:00:00,0.02072,0.02086,0.02072,0.02079,43050.0
2023-11-06 04:00:00,0.02079,0.02086,0.02075,0.02076,51694.0
2023-11-06 08:00:00,0.02076,0.02086,0.02075,0.02084,53866.0
2023-11-06 12:00:00,0.02084,0.02086,0.02075,0.02076,63162.0
2023-11-06 16:00:00,0.02076,0.02086,0.02075,0.02079,64407.0
2023-11-06 20:00:00,0.02079,0.02086,0.02075,0.02075,46038.0
2023-11-07 00:00:00,0.02075,0.02086,0.02075,0.02079,81880.0
2023-11-07 04:00:00,0.02082,0.02086,0.02075,0.02086,40303.0
2023-11-07 08:00:00,0.02082,0.02086,0.02075,0.02082,41548.0
2023-11-07 12:00:00,0.02084,0.02086,0.02074,0.02086,67674.0
2023-11-07 16:00:00,0.02086,0.02086,0.02075,0.0208,47653.0
2023-11-07 20:00:00,0.0208,0.02086,0.02075,0.02086,42008.0
2023-11-08 00:00:00,0.02086,0.02086,0.02075,0.02081,53992.0
2023-11-08 04:00:00,0.02081,0.02086,0.02075,0.02084,47902.0
2023-11-08 08:00:00,0.02084,0.02086,0.02075,0.02084,51530.0
2023-11-08 12:00:00,0.02084,0.02362,0.02075,0.02309,92319.0
2023-11-08 16:00:00,0.02309,0.02318,0.02303,0.02311,25658.0
2023-11-08 20:00:00,0.02315,0.02318,0.02232,0.02244,51610.0
2023-11-09 00:00:00,0.02244,0.02252,0.02233,0.0224,33029.0
2023-11-09 04:00:00,0.0224,0.02261,0.02233,0.02251,36300.0
2023-11-09 08:00:00,0.02251,0.02283,0.02251,0.02283,56816.0
2023-11-09 12:00:00,0.02283,0.02284,0.02283,0.02283,63701.0
2023-11-09 16:00:00,0.02283,0.02283,0.02283,0.02283,62495.0
2023-11-09 20:00:00,0.02283,0.02283,0.02283,0.02283,43123.0
2023-11-10 00:00:00,0.02283,0.02325,0.02283,0.02323,54110.0
2023-11-10 04:00:00,0.02319,0.02325,0.02315,0.02322,38496.0
2023-11-10 08:00:00,0.02322,0.02325,0.02321,0.02322,33349.0
2023-11-10 12:00:00,0.02322,0.02325,0.02224,0.02232,73226.0
2023-11-10 16:00:00,0.02232,0.02243,0.02228,0.02241,31200.0
2023-11-10 20:00:00,0.02241,0.02243,0.0224,0.02242,41773.0
2023-11-11 00:00:00,0.02242,0.02242,0.02242,0.02242,46724.0
2023-11-11 04:00:00,0.02242,0.02242,0.02242,0.02242,41197.0
2023-11-11 08:00:00,0.02242,0.02242,0.02242,0.02242,41401.0
2023-11-11 12:00:00,0.02242,0.02243,0.02242,0.02242,37674.0
2023-11-11 16:00:00,0.02242,0.02242,0.02242,0.02242,43091.0
2023-11-11 20:00:00,0.02242,0.02242,0.02242,0.02242,44206.0
2023-11-12 00:00:00,0.02242,0.02242,0.02242,0.02242,40409.0
2023-11-12 04:00:00,0.02242,0.02242,0.02242,0.02242,34750.0
2023-11-12 08:00:00,0.02242,0.02242,0.02242,0.02242,47457.0
2023-11-12 12:00:00,0.02242,0.02242,0.02242,0.02242,65857.0
2023-11-12 16:00:00,0.02242,0.02243,0.02242,0.02242,49795.0
2023-11-12 20:00:00,0.02242,0.02242,0.02242,0.02242,49631.0
2023-11-13 00:00:00,0.02242,0.02242,0.02242,0.02242,46302.0
2023-11-13 04:00:00,0.02242,0.02242,0.02242,0.02242,54594.0
2023-11-13 08:00:00,0.02242,0.02242,0.02242,0.02242,54739.0
2023-11-13 12:00:00,0.02242,0.02242,0.02242,0.02242,41755.0
2023-11-13 16:00:00,0.02242,0.02242,0.02242,0.02242,30943.0
2023-11-13 20:00:00,0.02242,0.02242,0.02242,0.02242,47677.0
2023-11-14 00:00:00,0.02242,0.02243,0.02242,0.02242,34963.0
2023-11-14 04:00:00,0.02242,0.02242,0.02242,0.02242,41865.0
2023-11-14 08:00:00,0.02242,0.02242,0.02242,0.02242,44960.0
2023-11-14 12:00:00,0.02242,0.02242,0.02242,0.02242,39837.0
2023-11-14 16:00:00,0.02242,0.02242,0.02242,0.02242,48718.0
2023-11-14 20:00:00,0.02242,0.02242,0.02242,0.02242,64483.0
2023-11-15 00:00:00,0.02242,0.02242,0.02242,0.02242,52985.0
2023-11-15 04:00:00,0.02242,0.02242,0.02242,0.02242,54803.0
2023-11-15 08:00:00,0.02242,0.02242,0.02242,0.02242,49851.0
2023-11-15 12:00:00,0.02242,0.02242,0.02233,0.02235,65709.0
2023-11-15 16:00:00,0.02235,0.02261,0.02233,0.02249,26596.0
2023-11-15 20:00:00,0.02249,0.0227,0.02253,0.02259,50031.0
2023-11-16 00:00:00,0.02259,0.0229,0.02259,0.02284,54585.0
2023-11-16 04:00:00,0.02284,0.02287,0.02259,0.02268,43912.0
2023-11-16 08:00:00,0.02268,0.02268,0.0225,0.02257,65031.0
2023-11-16 12:00:00,0.02257,0.02259,0.02251,0.02257,59288.0
2023-11-16 16:00:00,0.02253,0.02268,0.02251,0.02268,60303.0
2023-11-16 20:00:00,0.02268,0.02268,0.0226,0.02268,48788.0
2023-11-17 00:00:00,0.02268,0.02268,0.0226,0.02267,43075.0
2023-11-17 04:00:00,0.02267,0.02267,0.02267,0.02267,36679.0
2023-11-17 08:00:00,0.02267,0.02267,0.0226,0.02267,62343.0
2023-11-17 12:00:00,0.02267,0.02267,0.0226,0.02263,39596.0
2023-11-17 16:00:00,0.02263,0.02267,0.0226,0.02262,44296.0
2023-11-17 20:00:00,0.02262,0.02267,0.0226,0.02265,51671.0
2023-11-18 00:00:00,0.02265,0.02267,0.02264,0.02267,30244.0
2023-11-18 04:00:00,0.02266,0.02267,0.02264,0.02266,31632.0
2023-11-18 08:00:00,0.02266,0.02266,0.02266,0.02266,57937.0
2023-11-18 12:00:00,0.02266,0.02266,0.02266,0.02266,54721.0
2023-11-18 16:00:00,0.02266,0.02267,0.02263,0.02263,59283.0
2023-11-18 20:00:00,0.02263,0.02264,0.02111,0.02176,117257.0
2023-11-19 00:00:00,0.02176,0.0217,0.0216,0.0216,21455.0
2023-11-19 04:00:00,0.0216,0.0216,0.02153,0.02154,24030.0
2023-11-19 08:00:00,0.02154,0.02325,0.02062,0.02169,138044.0
2023-11-19 12:00:00,0.02169,0.02165,0.02115,0.02127,20219.0
2023-11-19 16:00:00,0.02127,0.02227,0.02132,0.02225,42933.0
2023-11-19 20:00:00,0.02225,0.02227,0.02224,0.02224,15177.0
2023-11-20 00:00:00,0.02224,0.02252,0.02224,0.02237,25396.0
2023-11-20 04:00:00,0.02237,0.02237,0.02234,0.02236,25723.0
2023-11-20 08:00:00,0.02236,0.02237,0.02232,0.02232,37925.0
2023-11-20 12:00:00,0.02232,0.02238,0.02232,0.02234,61446.0
2023-11-20 16:00:00,0.02234,0.02234,0.02234,0.02234,55029.0
2023-11-20 20:00:00,0.02234,0.02235,0.02183,0.02213,72163.0
2023-11-21 00:00:00,0.02213,0.02213,0.02194,0.02205,66012.0
2023-11-21 04:00:00,0.02203,0.02211,0.02195,0.02207,54315.0
2023-11-21 08:00:00,0.02202,0.02211,0.022,0.02204,24622.0
2023-11-21 12:00:00,0.02204,0.02211,0.02201,0.02207,20975.0
2023-11-21 16:00:00,0.02207,0.02211,0.02201,0.02208,39324.0
2023-11-21 20:00:00,0.02208,0.02211,0.02201,0.02211,39599.0
2023-11-22 00:00:00,0.02211,0.02211,0.02194,0.02199,33483.0
2023-11-22 04:00:00,0.02199,0.02211,0.02198,0.02206,55929.0
2023-11-22 08:00:00,0.02206,0.02211,0.0219,0.02202,66653.0
2023-11-22 12:00:00,0.02202,0.02204,0.02201,0.02202,42779.0
2023-11-22 16:00:00,0.02202,0.02202,0.02202,0.02202,55788.0
2023-11-22 20:00:00,0.02202,0.02211,0.02202,0.02205,55863.0
2023-11-23 00:00:00,0.02205,0.02205,0.02204,0.02204,38793.0
2023-11-23 04:00:00,0.02204,0.02205,0.02201,0.02203,49335.0
2023-11-23 08:00:00,0.02203,0.02205,0.02203,0.02204,47276.0
2023-11-23 12:00:00,0.02204,0.02204,0.02203,0.02203,65889.0
2023-11-23 16:00:00,0.02203,0.02203,0.022,0.02201,61737.0
2023-11-23 20:00:00,0.02201,0.02201,0.02185,0.02195,53643.0
2023-11-24 00:00:00,0.02195,0.02202,0.02191,0.02202,57433.0
2023-11-24 04:00:00,0.02202,0.02202,0.0219,0.0219,43549.0
2023-11-24 08:00:00,0.0219,0.02211,0.0219,0.02205,41191.0
2023-11-24 12:00:00,0.02205,0.02214,0.022,0.02207,58355.0
2023-11-24 16:00:00,0.02209,0.02214,0.02201,0.02204,52493.0
2023-11-24 20:00:00,0.02209,0.02214,0.02184,0.02195,49209.0
2023-11-25 00:00:00,0.02195,0.02198,0.02184,0.02189,52190.0
2023-11-25 04:00:00,0.02189,0.02195,0.02183,0.02183,49194.0
2023-11-25 08:00:00,0.02183,0.02183,0.02176,0.02182,34103.0
2023-11-25 12:00:00,0.02182,0.02184,0.02181,0.02183,46808.0
2023-11-25 16:00:00,0.02183,0.02183,0.02181,0.02181,41983.0
2023-11-25 20:00:00,0.02181,0.02186,0.02181,0.02184,39383.0
2023-11-26 00:00:00,0.02184,0.02187,0.02183,0.02186,39670.0
2023-11-26 04:00:00,0.02186,0.02211,0.02186,0.0221,55611.0
2023-11-26 08:00:00,0.0221,0.0221,0.0221,0.0221,46707.0
2023-11-26 12:00:00,0.0221,0.0221,0.02209,0.02209,41697.0
2023-11-26 16:00:00,0.02209,0.02209,0.02209,0.02209,56008.0
2023-11-26 20:00:00,0.02209,0.0221,0.02209,0.02209,43733.0
2023-11-27 00:00:00,0.02209,0.02209,0.02209,0.02209,40952.0
2023-11-27 04:00:00,0.02209,0.0221,0.022,0.022,65530.0
2023-11-27 08:00:00,0.022,0.0221,0.02194,0.02198,63799.0
2023-11-27 12:00:00,0.02198,0.0221,0.02195,0.02199,54309.0
2023-11-27 16:00:00,0.02203,0.02206,0.022,0.02202,43600.0
2023-11-27 20:00:00,0.02203,0.02206,0.022,0.02204,35658.0
2023-11-28 00:00:00,0.02204,0.02206,0.02199,0.02199,56183.0
2023-11-28 04:00:00,0.02199,0.02221,0.02183,0.02211,64269.0
2023-11-28 08:00:00,0.02211,0.02434,0.0221,0.0235,168643.0
2023-11-28 12:00:00,0.0235,0.02467,0.0232,0.02467,53919.0
2023-11-28 16:00:00,0.02467,0.02537,0.02449,0.025,78903.0
2023-11-28 20:00:00,0.025,0.02579,0.02412,0.02428,75502.0
2023-11-29 00:00:00,0.02428,0.02428,0.02414,0.02426,16870.0
2023-11-29 04:00:00,0.02426,0.0243,0.02306,0.02344,43321.0
2023-11-29 08:00:00,0.02344,0.02389,0.02315,0.02329,34437.0
2023-11-29 12:00:00,0.02329,0.02369,0.02307,0.02326,29777.0
2023-11-29 16:00:00,0.02326,0.0235,0.02312,0.0235,22965.0
2023-11-29 20:00:00,0.0235,0.02428,0.023,0.02336,67223.0
2023-11-30 00:00:00,0.02336,0.02383,0.0232,0.02356,43023.0
2023-11-30 04:00:00,0.02356,0.02362,0.02351,0.02351,20218.0
2023-11-30 08:00:00,0.02351,0.02389,0.02351,0.02381,64458.0
2023-11-30 12:00:00,0.02383,0.02383,0.0227,0.0227,103239.0
2023-11-30 16:00:00,0.02269,0.02269,0.0223,0.02247,28268.0
2023-11-30 20:00:00,0.02247,0.02318,0.02241,0.02286,78677.0
2023-12-01 00:00:00,0.02286,0.02302,0.02293,0.02299,27908.0
2023-12-01 04:00:00,0.02299,0.02332,0.02294,0.02306,27819.0
2023-12-01 08:00:00,0.02306,0.02405,0.02294,0.02405,36287.0
2023-12-01 12:00:00,0.02387,0.02387,0.02315,0.02349,55042.0
2023-12-01 16:00:00,0.02349,0.02356,0.02324,0.02337,38382.0
2023-12-01 20:00:00,0.02337,0.0235,0.02332,0.02333,32944.0
2023-12-02 00:00:00,0.02333,0.02349,0.02333,0.02339,34822.0
2023-12-02 04:00:00,0.02339,0.02349,0.02333,0.02349,44723.0
2023-12-02 08:00:00,0.02349,0.02349,0.02315,0.02325,46747.0
2023-12-02 12:00:00,0.02325,0.02332,0.02321,0.0233,57937.0
2023-12-02 16:00:00,0.0233,0.02389,0.02321,0.02386,52550.0
2023-12-02 20:00:00,0.02386,0.02389,0.02378,0.02387,40150.0
2023-12-03 00:00:00,0.02387,0.02389,0.02378,0.02381,45262.0
2023-12-03 04:00:00,0.02382,0.02389,0.02378,0.02386,30445.0
2023-12-03 08:00:00,0.02386,0.02389,0.02378,0.02388,28040.0
2023-12-03 12:00:00,0.02389,0.02389,0.02371,0.02373,49085.0
2023-12-03 16:00:00,0.02373,0.02389,0.02372,0.02382,30482.0
2023-12-03 20:00:00,0.02382,0.02389,0.02378,0.02383,43762.0
2023-12-04 00:00:00,0.02383,0.02389,0.02378,0.02378,49888.0
2023-12-04 04:00:00,0.02378,0.02388,0.02292,0.02306,54857.0
2023-12-04 08:00:00,0.02306,0.02306,0.02295,0.02303,90022.0
2023-12-04 12:00:00,0.02303,0.02306,0.02295,0.02298,51360.0
2023-12-04 16:00:00,0.02298,0.02305,0.02295,0.02297,28093.0
2023-12-04 20:00:00,0.02297,0.02305,0.02295,0.02295,37213.0
2023-12-05 00:00:00,0.02295,0.02305,0.02295,0.02295,39531.0
2023-12-05 04:00:00,0.02303,0.02306,0.02295,0.02303,47171.0
2023-12-05 08:00:00,0.02303,0.02306,0.02295,0.02297,45489.0
2023-12-05 12:00:00,0.02297,0.02318,0.02294,0.0231,48868.0
2023-12-05 16:00:00,0.02316,0.02318,0.02306,0.02312,36130.0
2023-12-05 20:00:00,0.02312,0.02318,0.023,0.02301,55610.0
2023-12-06 00:00:00,0.02301,0.02316,0.02291,0.02297,34142.0
2023-12-06 04:00:00,0.02306,0.02306,0.02295,0.02302,55847.0
2023-12-06 08:00:00,0.02302,0.02312,0.02295,0.02305,56837.0
2023-12-06 12:00:00,0.02305,0.02317,0.02294,0.023,64346.0
2023-12-06 16:00:00,0.023,0.02304,0.02294,0.02299,49235.0
2023-12-06 20:00:00,0.02299,0.02318,0.02295,0.02312,41074.0
2023-12-07 00:00:00,0.02312,0.02318,0.02301,0.02308,36146.0
2023-12-07 04:00:00,0.02312,0.02318,0.02307,0.02308,39894.0
2023-12-07 08:00:00,0.02307,0.02318,0.02307,0.0231,44382.0
2023-12-07 12:00:00,0.0231,0.02318,0.02307,0.02312,40570.0
2023-12-07 16:00:00,0.02312,0.02318,0.02307,0.02313,40344.0
2023-12-07 20:00:00,0.02313,0.02318,0.02311,0.02311,45136.0
2023-12-08 00:00:00,0.02311,0.02318,0.02311,0.02315,56346.0
2023-12-08 04:00:00,0.02315,0.02316,0.02306,0.02306,30278.0
2023-12-08 08:00:00,0.02306,0.02306,0.02306,0.02306,21356.0
2023-12-08 12:00:00,0.02306,0.02326,0.02306,0.02325,24086.0
2023-12-08 16:00:00,0.02325,0.02332,0.02325,0.02327,16197.0
2023-12-08 20:00:00,0.02327,0.02331,0.02327,0.0233,21747.0
2023-12-09 00:00:00,0.0233,0.0233,0.02327,0.02327,18281.0
2023-12-09 04:00:00,0.02327,0.02327,0.02327,0.02327,15491.0
2023-12-09 08:00:00,0.02327,0.02327,0.02327,0.02327,53916.0
2023-12-09 12:00:00,0.02327,0.02327,0.02282,0.02298,54560.0
2023-12-09 16:00:00,0.02298,0.02298,0.02282,0.02292,37687.0
2023-12-09 20:00:00,0.02295,0.02295,0.02288,0.02292,51723.0
2023-12-10 00:00:00,0.02292,0.02318,0.02286,0.02314,53280.0
2023-12-10 04:00:00,0.02314,0.02318,0.02307,0.02316,42354.0
2023-12-10 08:00:00,0.02316,0.02318,0.02307,0.02317,57406.0
2023-12-10 12:00:00,0.02317,0.02318,0.02307,0.02317,43626.0
2023-12-10 16:00:00,0.02317,0.02317,0.02317,0.02317,58508.0
2023-12-10 20:00:00,0.02317,0.02318,0.02306,0.02307,40411.0
2023-12-11 00:00:00,0.02307,0.02318,0.02307,0.0231,31909.0
2023-12-11 04:00:00,0.0231,0.02318,0.02291,0.02298,39759.0
2023-12-11 08:00:00,0.02298,0.02306,0.02281,0.02298,39634.0
2023-12-11 12:00:00,0.02298,0.02298,0.0226,0.0227,46782.0
2023-12-11 16:00:00,0.0227,0.02282,0.02266,0.02271,47653.0
2023-12-11 20:00:00,0.02271,0.02282,0.02271,0.02274,43874.0
2023-12-12 00:00:00,0.02274,0.02282,0.02271,0.02271,54475.0
2023-12-12 04:00:00,0.02271,0.02282,0.02271,0.02275,47706.0
2023-12-12 08:00:00,0.02275,0.02282,0.02271,0.02273,72057.0
2023-12-12 12:00:00,0.02279,0.02282,0.02265,0.02273,71889.0
2023-12-12 16:00:00,0.02273,0.02282,0.02267,0.02277,40471.0
2023-12-12 20:00:00,0.02273,0.02282,0.02271,0.02278,35128.0
2023-12-13 00:00:00,0.02278,0.02282,0.02279,0.02281,35858.0
2023-12-13 04:00:00,0.02281,0.02282,0.0228,0.02281,35698.0
2023-12-13 08:00:00,0.02281,0.02282,0.0227,0.0227,67621.0
2023-12-13 12:00:00,0.0228,0.02336,0.02271,0.02335,54185.0
2023-12-13 16:00:00,0.02335,0.02336,0.02325,0.02329,57873.0
2023-12-13 20:00:00,0.02329,0.02389,0.02325,0.02372,61101.0
2023-12-14 00:00:00,0.02372,0.02389,0.02372,0.02382,37731.0
2023-12-14 04:00:00,0.02382,0.02389,0.02378,0.02385,38942.0
2023-12-14 08:00:00,0.02385,0.02389,0.02378,0.02387,44687.0
2023-12-14 12:00:00,0.02387,0.02389,0.02378,0.02381,38528.0
2023-12-14 16:00:00,0.02381,0.02389,0.02365,0.02373,59197.0
2023-12-14 20:00:00,0.02373,0.02383,0.02372,0.02377,40439.0
2023-12-15 00:00:00,0.02377,0.02383,0.02372,0.02382,24305.0
2023-12-15 04:00:00,0.02377,0.02383,0.02372,0.02379,52976.0
2023-12-15 08:00:00,0.02376,0.02383,0.02372,0.02375,34850.0
2023-12-15 12:00:00,0.02373,0.02405,0.02372,0.02401,65102.0
2023-12-15 16:00:00,0.02401,0.02431,0.02393,0.02404,97903.0
2023-12-15 20:00:00,0.02412,0.02412,0.02377,0.02395,37247.0
2023-12-16 00:00:00,0.02395,0.02431,0.02378,0.0242,34113.0
2023-12-16 04:00:00,0.0242,0.02579,0.0242,0.02564,41181.0
2023-12-16 08:00:00,0.02564,0.02574,0.02557,0.02561,26239.0
2023-12-16 12:00:00,0.02561,0.02574,0.02558,0.02569,60286.0
2023-12-16 16:00:00,0.02563,0.02576,0.02529,0.02538,78293.0
2023-12-16 20:00:00,0.02538,0.02542,0.02515,0.0253,62833.0
2023-12-17 00:00:00,0.0253,0.02541,0.02525,0.02529,20293.0
2023-12-17 04:00:00,0.02529,0.02541,0.02529,0.02532,43177.0
2023-12-17 08:00:00,0.02532,0.02541,0.02449,0.02468,44111.0
2023-12-17 12:00:00,0.02468,0.02502,0.02458,0.02498,29326.0
2023-12-17 16:00:00,0.02498,0.02502,0.0249,0.025,50998.0
2023-12-17 20:00:00,0.025,0.02502,0.02466,0.02482,86788.0
2023-12-18 00:00:00,0.02482,0.02482,0.02457,0.02472,61116.0
2023-12-18 04:00:00,0.0246,0.02476,0.02441,0.02457,25423.0
2023-12-18 08:00:00,0.02458,0.02462,0.0245,0.02462,48593.0
2023-12-18 12:00:00,0.02462,0.02462,0.02429,0.02432,29029.0
2023-12-18 16:00:00,0.02432,0.02434,0.02429,0.02434,47186.0
2023-12-18 20:00:00,0.02434,0.02434,0.02429,0.0243,46420.0
2023-12-19 00:00:00,0.0243,0.02453,0.02429,0.02445,46172.0
2023-12-19 04:00:00,0.02445,0.02481,0.02442,0.02475,79481.0
2023-12-19 08:00:00,0.02476,0.02482,0.02468,0.02474,55985.0
2023-12-19 12:00:00,0.02476,0.02482,0.02472,0.02473,48183.0
2023-12-19 16:00:00,0.02475,0.02475,0.02472,0.02474,19474.0
2023-12-19 20:00:00,0.02474,0.02475,0.02472,0.02473,40694.0
2023-12-20 00:00:00,0.02473,0.02475,0.02472,0.02475,49876.0
2023-12-20 04:00:00,0.02472,0.02475,0.02441,0.0246,77003.0
2023-12-20 08:00:00,0.02452,0.02462,0.0245,0.0246,52920.0
2023-12-20 12:00:00,0.0246,0.0247,0.0245,0.02468,56940.0
2023-12-20 16:00:00,0.02468,0.02494,0.02457,0.02487,50315.0
2023-12-20 20:00:00,0.02492,0.02494,0.02483,0.02487,27892.0
2023-12-21 00:00:00,0.02487,0.02494,0.02483,0.02483,28176.0
2023-12-21 04:00:00,0.02483,0.02494,0.02483,0.02493,46763.0
2023-12-21 08:00:00,0.02493,0.02646,0.02483,0.02644,56208.0
2023-12-21 12:00:00,0.02644,0.02659,0.026,0.02634,59930.0
2023-12-21 16:00:00,0.02634,0.02789,0.026,0.02606,96817.0
2023-12-21 20:00:00,0.02606,0.02617,0.02601,0.02614,28002.0
2023-12-22 00:00:00,0.02614,0.02617,0.02598,0.02608,38766.0
2023-12-22 04:00:00,0.02608,0.02616,0.02598,0.02599,43007.0
2023-12-22 08:00:00,0.02599,0.02614,0.02599,0.02606,23846.0
2023-12-22 12:00:00,0.02606,0.02611,0.02592,0.0261,34668.0
2023-12-22 16:00:00,0.0261,0.02611,0.02599,0.02607,37448.0
2023-12-22 20:00:00,0.02607,0.02611,0.02599,0.02607,51370.0
2023-12-23 00:00:00,0.02607,0.02611,0.02599,0.02611,62296.0
2023-12-23 04:00:00,0.02611,0.02611,0.02599,0.02611,34521.0
2023-12-23 08:00:00,0.02611,0.02611,0.02599,0.02608,50871.0
2023-12-23 12:00:00,0.02611,0.02611,0.02599,0.02605,47690.0
2023-12-23 16:00:00,0.02605,0.02611,0.02457,0.02475,49464.0
2023-12-23 20:00:00,0.02475,0.02479,0.02467,0.02475,37426.0
2023-12-24 00:00:00,0.02467,0.02482,0.02467,0.02482,53017.0
2023-12-24 04:00:00,0.02482,0.02482,0.02476,0.02476,44377.0
2023-12-24 08:00:00,0.02476,0.02482,0.02475,0.0248,60384.0
2023-12-24 12:00:00,0.0248,0.02482,0.0247,0.02475,33925.0
2023-12-24 16:00:00,0.02475,0.02482,0.02471,0.02481,37711.0
2023-12-24 20:00:00,0.02481,0.02482,0.02471,0.02479,48494.0
2023-12-25 00:00:00,0.02479,0.02482,0.02471,0.02476,52915.0
2023-12-25 04:00:00,0.02476,0.02482,0.02471,0.02482,41490.0
2023-12-25 08:00:00,0.02482,0.02482,0.02471,0.02481,57607.0
2023-12-25 12:00:00,0.02481,0.02532,0.02471,0.02532,51241.0
2023-12-25 16:00:00,0.02532,0.02532,0.02489,0.02495,43310.0
2023-12-25 20:00:00,0.02495,0.02507,0.02449,0.02476,50353.0
2023-12-26 00:00:00,0.02476,0.02502,0.02467,0.02495,54577.0
2023-12-26 04:00:00,0.02495,0.0251,0.0249,0.025,47454.0
2023-12-26 08:00:00,0.02507,0.0251,0.02498,0.02505,46725.0
2023-12-26 12:00:00,0.02506,0.0251,0.02498,0.02501,40725.0
2023-12-26 16:00:00,0.02501,0.0257,0.025,0.02566,44453.0
2023-12-26 20:00:00,0.02566,0.02615,0.02559,0.02605,51699.0
2023-12-27 00:00:00,0.02605,0.02615,0.02599,0.02608,46697.0
2023-12-27 04:00:00,0.02608,0.02615,0.02599,0.02615,32448.0
2023-12-27 08:00:00,0.02615,0.02645,0.02599,0.02635,63408.0
2023-12-27 12:00:00,0.02645,0.02645,0.02598,0.02645,57009.0
2023-12-27 16:00:00,0.02645,0.02645,0.02586,0.0259,40996.0
2023-12-27 20:00:00,0.0259,0.02602,0.0259,0.02595,56904.0
2023-12-28 00:00:00,0.02595,0.02605,0.0259,0.02603,38086.0
2023-12-28 04:00:00,0.02603,0.02601,0.02572,0.02578,30866.0
2023-12-28 08:00:00,0.02578,0.02578,0.0257,0.02576,70590.0
2023-12-28 12:00:00,0.02576,0.02578,0.02569,0.02569,37801.0
2023-12-28 16:00:00,0.02569,0.02599,0.02563,0.02595,40976.0
2023-12-28 20:00:00,0.02595,0.02599,0.02587,0.02594,42889.0
2023-12-29 00:00:00,0.02594,0.02599,0.02586,0.02599,31514.0
2023-12-29 04:00:00,0.02599,0.02599,0.02578,0.02579,43468.0
2023-12-29 08:00:00,0.02579,0.02599,0.02579,0.0259,69073.0
2023-12-29 12:00:00,0.0259,0.02587,0.02557,0.02576,41674.0
2023-12-29 16:00:00,0.02576,0.02576,0.02564,0.02571,60216.0
2023-12-29 20:00:00,0.02571,0.02576,0.02564,0.02571,46521.0
2023-12-30 00:00:00,0.02571,0.02576,0.02564,0.02573,33096.0
2023-12-30 04:00:00,0.02573,0.02576,0.02564,0.02573,54514.0
2023-12-30 08:00:00,0.0257,0.02576,0.02564,0.02567,31595.0
2023-12-30 12:00:00,0.02567,0.02575,0.02519,0.02519,39072.0
2023-12-30 16:00:00,0.02519,0.02541,0.02529,0.02535,53959.0
2023-12-30 20:00:00,0.02535,0.02541,0.02529,0.02529,42233.0
2023-12-31 00:00:00,0.02529,0.02541,0.02529,0.02534,44084.0
2023-12-31 04:00:00,0.02533,0.02541,0.02528,0.0254,51056.0
2023-12-31 08:00:00,0.0254,0.02541,0.02529,0.02529,41597.0
2023-12-31 12:00:00,0.02529,0.02541,0.02529,0.02538,50114.0
2023-12-31 16:00:00,0.02538,0.02541,0.02524,0.02531,61154.0
2023-12-31 20:00:00,0.02531,0.02534,0.02524,0.02532,48920.0
2024-01-01 00:00:00,0.02532,0.02535,0.02524,0.02528,41733.0
2024-01-01 04:00:00,0.02528,0.02535,0.02525,0.02531,48208.0
2024-01-01 08:00:00,0.02531,0.02535,0.02525,0.02525,47623.0
2024-01-01 12:00:00,0.02525,0.02534,0.02525,0.02532,30061.0
2024-01-01 16:00:00,0.02532,0.02529,0.0249,0.0251,42803.0
2024-01-01 20:00:00,0.0251,0.0251,0.02498,0.02501,64689.0
2024-01-02 00:00:00,0.02501,0.02518,0.02498,0.02511,41941.0
2024-01-02 04:00:00,0.02511,0.02518,0.02508,0.02511,53767.0
2024-01-02 08:00:00,0.02511,0.02518,0.02507,0.02507,61626.0
2024-01-02 12:00:00,0.02507,0.02557,0.02508,0.0252,43799.0
2024-01-02 16:00:00,0.0252,0.02536,0.02526,0.02527,49856.0
2024-01-02 20:00:00,0.02527,0.02528,0.02526,0.02527,38334.0
2024-01-03 00:00:00,0.02527,0.02528,0.02519,0.02528,47305.0
2024-01-03 04:00:00,0.02528,0.02528,0.02515,0.02515,44376.0
2024-01-03 08:00:00,0.02515,0.02526,0.02497,0.02511,54235.0
2024-01-03 12:00:00,0.02511,0.02506,0.02286,0.02306,96122.0
2024-01-03 16:00:00,0.02306,0.02318,0.02265,0.02276,32700.0
2024-01-03 20:00:00,0.02276,0.0228,0.02259,0.02266,27348.0
2024-01-04 00:00:00,0.02266,0.02276,0.0226,0.02271,30768.0
2024-01-04 04:00:00,0.02271,0.02277,0.0226,0.02269,50994.0
2024-01-04 08:00:00,0.02269,0.02277,0.02259,0.02272,39147.0
2024-01-04 12:00:00,0.02272,0.02277,0.02266,0.02271,59036.0
2024-01-04 16:00:00,0.02271,0.0228,0.02233,0.02251,98835.0
2024-01-04 20:00:00,0.02251,0.02252,0.02242,0.02252,54458.0
2024-01-05 00:00:00,0.02252,0.02252,0.02241,0.02247,50025.0
2024-01-05 04:00:00,0.02247,0.02252,0.02242,0.0225,32165.0
2024-01-05 08:00:00,0.0225,0.02252,0.02242,0.02251,27823.0
2024-01-05 12:00:00,0.02251,0.02252,0.02242,0.02243,60000.0
2024-01-05 16:00:00,0.02243,0.02252,0.02241,0.02251,47063.0
2024-01-05 20:00:00,0.02251,0.0227,0.02242,0.02259,72056.0
2024-01-06 00:00:00,0.02259,0.0227,0.0226,0.02266,44497.0
2024-01-06 04:00:00,0.02266,0.0227,0.0226,0.02266,69173.0
2024-01-06 08:00:00,0.02266,0.0227,0.0226,0.02262,49577.0
2024-01-06 12:00:00,0.02262,0.02269,0.0226,0.02263,45527.0
2024-01-06 16:00:00,0.02263,0.0227,0.02232,0.02246,58077.0
2024-01-06 20:00:00,0.02246,0.02252,0.02242,0.02246,46367.0
2024-01-07 00:00:00,0.02246,0.02246,0.02234,0.02243,61236.0
2024-01-07 04:00:00,0.02243,0.02246,0.02233,0.02241,50955.0
2024-01-07 08:00:00,0.02241,0.02246,0.02236,0.02246,48948.0
2024-01-07 12:00:00,0.02244,0.02246,0.02216,0.02218,54054.0
2024-01-07 16:00:00,0.02218,0.02224,0.02211,0.02222,57850.0
2024-01-07 20:00:00,0.02222,0.02224,0.02174,0.02182,53541.0
2024-01-08 00:00:00,0.02182,0.02187,0.02176,0.02186,51205.0
2024-01-08 04:00:00,0.02177,0.02187,0.02177,0.02177,64237.0
2024-01-08 08:00:00,0.02177,0.02227,0.02177,0.02207,55678.0
2024-01-08 12:00:00,0.02207,0.02221,0.02205,0.02216,63708.0
2024-01-08 16:00:00,0.02216,0.02221,0.0219,0.02203,66623.0
2024-01-08 20:00:00,0.02203,0.02227,0.02202,0.02225,39623.0
2024-01-09 00:00:00,0.02225,0.02227,0.02217,0.02227,57636.0
2024-01-09 04:00:00,0.02227,0.02235,0.02216,0.02225,42675.0
2024-01-09 08:00:00,0.02225,0.02235,0.02225,0.02235,30450.0
2024-01-09 12:00:00,0.02235,0.02235,0.02225,0.02227,49702.0
2024-01-09 16:00:00,0.02227,0.02235,0.0221,0.02227,61780.0
2024-01-09 20:00:00,0.02227,0.02235,0.0221,0.02235,60040.0
2024-01-10 00:00:00,0.02235,0.02235,0.02216,0.02229,54005.0
2024-01-10 04:00:00,0.02229,0.02235,0.02183,0.02191,54995.0
2024-01-10 08:00:00,0.02191,0.02195,0.02165,0.02172,33786.0
2024-01-10 12:00:00,0.02172,0.02172,0.02172,0.02172,0.0
2024-01-10 16:00:00,0.02172,0.02172,0.02172,0.02172,0.0
2024-01-10 20:00:00,0.02172,0.02252,0.02182,0.02252,28475.0
2024-01-11 00:00:00,0.02252,0.0226,0.02241,0.0226,15071.0
2024-01-11 04:00:00,0.0226,0.0226,0.0226,0.0226,0.0
2024-01-11 08:00:00,0.0226,0.0226,0.0226,0.0226,0.0
2024-01-11 12:00:00,0.0226,0.02261,0.02261,0.02261,1197.0
2024-01-11 16:00:00,0.02261,0.02241,0.02241,0.02241,496.0
2024-01-11 20:00:00,0.02241,0.02241,0.02241,0.02241,0.0
2024-01-12 00:00:00,0.02241,0.02241,0.02241,0.02241,0.0
2024-01-12 04:00:00,0.02241,0.02241,0.02241,0.02241,0.0
2024-01-12 08:00:00,0.02241,0.02241,0.02241,0.02241,0.0
2024-01-12 12:00:00,0.02241,0.02241,0.02241,0.02241,0.0
2024-01-12 16:00:00,0.02241,0.02241,0.02228,0.02228,1930.0
2024-01-12 20:00:00,0.02228,0.02228,0.02228,0.02228,0.0
2024-01-13 00:00:00,0.02228,0.02228,0.02228,0.02228,0.0
2024-01-13 04:00:00,0.02228,0.02228,0.02228,0.02228,0.0
2024-01-13 08:00:00,0.02228,0.02228,0.02228,0.02228,0.0
2024-01-13 12:00:00,0.02228,0.02228,0.02228,0.02228,0.0
2024-01-13 16:00:00,0.02228,0.02228,0.02228,0.02228,0.0
2024-01-13 20:00:00,0.02228,0.02228,0.02228,0.02228,0.0
2024-01-14 00:00:00,0.02228,0.02228,0.02228,0.02228,0.0
2024-01-14 04:00:00,0.02228,0.02228,0.02228,0.02228,0.0
2024-01-14 08:00:00,0.02228,0.02228,0.02228,0.02228,0.0
2024-01-14 12:00:00,0.02228,0.02228,0.02228,0.02228,0.0
2024-01-14 16:00:00,0.02228,0.02228,0.02228,0.02228,0.0
2024-01-14 20:00:00,0.02228,0.02228,0.02228,0.02228,0.0
2024-01-15 00:00:00,0.02228,0.02228,0.02228,0.02228,0.0
2024-01-15 04:00:00,0.02228,0.02228,0.02228,0.02228,0.0
2024-01-15 08:00:00,0.02228,0.02228,0.02228,0.02228,0.0
2024-01-15 12:00:00,0.02228,0.02228,0.02228,0.02228,0.0
2024-01-15 16:00:00,0.02228,0.02228,0.02228,0.02228,0.0
2024-01-15 20:00:00,0.02228,0.02228,0.02228,0.02228,0.0
2024-01-16 00:00:00,0.02228,0.02228,0.0221,0.0221,5000.0
2024-01-16 04:00:00,0.0221,0.0221,0.0221,0.0221,0.0
2024-01-16 08:00:00,0.0221,0.0221,0.0221,0.0221,0.0
2024-01-16 12:00:00,0.0221,0.0227,0.02227,0.0227,12530.0
2024-01-16 16:00:00,0.0227,0.0227,0.0227,0.0227,0.0
2024-01-16 20:00:00,0.0227,0.0225,0.02233,0.02233,4379.0
2024-01-17 00:00:00,0.02233,0.02233,0.02233,0.02233,0.0
2024-01-17 04:00:00,0.02233,0.02233,0.02233,0.02233,0.0
2024-01-17 08:00:00,0.02233,0.02233,0.02233,0.02233,0.0
2024-01-17 12:00:00,0.02233,0.02233,0.02233,0.02233,0.0
2024-01-17 16:00:00,0.02233,0.02233,0.02233,0.02233,0.0
2024-01-17 20:00:00,0.02233,0.02233,0.02233,0.02233,0.0
2024-01-18 00:00:00,0.02233,0.02233,0.02233,0.02233,0.0
2024-01-18 04:00:00,0.02233,0.02233,0.02233,0.02233,0.0
2024-01-18 08:00:00,0.02233,0.02233,0.02233,0.02233,0.0
2024-01-18 12:00:00,0.02233,0.02232,0.02194,0.02194,13426.0
2024-01-18 16:00:00,0.02194,0.02194,0.02194,0.02194,0.0
2024-01-18 20:00:00,0.02194,0.0219,0.02183,0.02183,1501.0
2024-01-19 00:00:00,0.02183,0.02183,0.02183,0.02183,0.0
2024-01-19 04:00:00,0.02183,0.02183,0.02183,0.02183,0.0
2024-01-19 08:00:00,0.02183,0.02183,0.02183,0.02183,0.0
2024-01-19 12:00:00,0.02183,0.02183,0.02183,0.02183,0.0
2024-01-19 16:00:00,0.02183,0.02204,0.02201,0.02204,4617.0
2024-01-19 20:00:00,0.02204,0.02204,0.02204,0.02204,0.0
2024-01-20 00:00:00,0.02204,0.02204,0.02204,0.02204,0.0
2024-01-20 04:00:00,0.02204,0.02204,0.02204,0.02204,0.0
2024-01-20 08:00:00,0.02204,0.02204,0.02204,0.02204,0.0
2024-01-20 12:00:00,0.02204,0.02204,0.02204,0.02204,0.0
2024-01-20 16:00:00,0.02204,0.02204,0.02204,0.02204,0.0
2024-01-20 20:00:00,0.02204,0.02204,0.02204,0.02204,0.0
2024-01-21 00:00:00,0.02204,0.02204,0.02204,0.02204,0.0
2024-01-21 04:00:00,0.02204,0.02204,0.02204,0.02204,0.0
2024-01-21 08:00:00,0.02204,0.02204,0.02204,0.02204,0.0
2024-01-21 12:00:00,0.02204,0.02204,0.02204,0.02204,0.0
2024-01-21 16:00:00,0.02204,0.02204,0.02204,0.02204,0.0
2024-01-21 20:00:00,0.02204,0.02204,0.02204,0.02204,0.0
2024-01-22 00:00:00,0.02204,0.0219,0.02172,0.02172,4617.0
2024-01-22 04:00:00,0.02172,0.02172,0.02172,0.02172,0.0
2024-01-22 08:00:00,0.02172,0.02172,0.02172,0.02172,0.0
2024-01-22 12:00:00,0.02172,0.02172,0.02172,0.02172,0.0
2024-01-22 16:00:00,0.02172,0.02172,0.02172,0.02172,0.0
2024-01-22 20:00:00,0.02172,0.02172,0.02172,0.02172,0.0
2024-01-23 00:00:00,0.02172,0.02172,0.02172,0.02172,0.0
2024-01-23 04:00:00,0.02172,0.02172,0.02172,0.02172,0.0
2024-01-23 08:00:00,0.02172,0.02171,0.012,0.012,50676.0
2024-01-23 12:00:00,0.012,0.012,0.012,0.012,0.0
2024-01-23 16:00:00,0.012,0.012,0.012,0.012,0.0
2024-01-23 20:00:00,0.012,0.012,0.012,0.012,0.0
2024-01-24 00:00:00,0.012,0.012,0.012,0.012,0.0
2024-01-24 04:00:00,0.012,0.012,0.012,0.012,0.0
2024-01-24 08:00:00,0.012,0.01931,0.01905,0.01917,57895.0
2024-01-24 12:00:00,0.01917,0.0195,0.01913,0.01948,166721.0
2024-01-24 16:00:00,0.01948,0.01955,0.01943,0.0195,170243.0
2024-01-24 20:00:00,0.0195,0.01955,0.01937,0.01947,76688.0
2024-01-25 00:00:00,0.01947,0.01955,0.01941,0.0195,37283.0
2024-01-25 04:00:00,0.0195,0.01955,0.01941,0.01947,40372.0
2024-01-25 08:00:00,0.01947,0.02109,0.01947,0.02109,64160.0
2024-01-25 12:00:00,0.02109,0.02118,0.02085,0.02116,27634.0
2024-01-25 16:00:00,0.02116,0.02118,0.02108,0.02109,45212.0
2024-01-25 20:00:00,0.02109,0.02118,0.02108,0.02108,71537.0
2024-01-26 00:00:00,0.02108,0.02118,0.02107,0.02115,60197.0
2024-01-26 04:00:00,0.02115,0.02118,0.02107,0.02113,76071.0
2024-01-26 08:00:00,0.02113,0.02118,0.02108,0.02112,49833.0
2024-01-26 12:00:00,0.02112,0.02118,0.02108,0.02115,59328.0
2024-01-26 16:00:00,0.02115,0.02118,0.02108,0.0211,47574.0
2024-01-26 20:00:00,0.0211,0.02118,0.02108,0.02109,27961.0
2024-01-27 00:00:00,0.02109,0.02125,0.02108,0.02123,55884.0
2024-01-27 04:00:00,0.02123,0.02125,0.02115,0.0212,56725.0
2024-01-27 08:00:00,0.02117,0.02125,0.02115,0.02121,57819.0
2024-01-27 12:00:00,0.02121,0.02228,0.02114,0.02214,50232.0
2024-01-27 16:00:00,0.02211,0.02228,0.02196,0.02203,62496.0
2024-01-27 20:00:00,0.02203,0.02213,0.02197,0.02207,49036.0
2024-01-28 00:00:00,0.02207,0.02213,0.02203,0.02207,57924.0
2024-01-28 04:00:00,0.02207,0.02213,0.02203,0.02211,61857.0
2024-01-28 08:00:00,0.02211,0.02236,0.02203,0.02233,55187.0
2024-01-28 12:00:00,0.02233,0.02236,0.02227,0.02232,36354.0
2024-01-28 16:00:00,0.02232,0.02236,0.02225,0.02226,78510.0
2024-01-28 20:00:00,0.02226,0.02236,0.02217,0.02222,56082.0
2024-01-29 00:00:00,0.02222,0.0224,0.02219,0.02229,34169.0
2024-01-29 04:00:00,0.02229,0.0224,0.02229,0.02234,51245.0
2024-01-29 08:00:00,0.02234,0.0224,0.0223,0.02235,52387.0
2024-01-29 12:00:00,0.02235,0.0224,0.0223,0.02232,42041.0
2024-01-29 16:00:00,0.02232,0.02247,0.0223,0.02239,61277.0
2024-01-29 20:00:00,0.02239,0.02247,0.02237,0.02241,55598.0
2024-01-30 00:00:00,0.02241,0.02247,0.0221,0.02223,75906.0
2024-01-30 04:00:00,0.02223,0.02236,0.0221,0.02236,59141.0
2024-01-30 08:00:00,0.02236,0.02262,0.02235,0.02256,40047.0
2024-01-30 12:00:00,0.02256,0.02262,0.02252,0.02259,45618.0
2024-01-30 16:00:00,0.02259,0.02262,0.02252,0.02252,45226.0
2024-01-30 20:00:00,0.02252,0.02262,0.02252,0.02261,40627.0
2024-01-31 00:00:00,0.02261,0.02262,0.02242,0.02251,61871.0
2024-01-31 04:00:00,0.02251,0.02254,0.02237,0.02249,59248.0
2024-01-31 08:00:00,0.02249,0.02253,0.02229,0.02244,51927.0
2024-01-31 12:00:00,0.02244,0.02247,0.02209,0.02228,58861.0
2024-01-31 16:00:00,0.02228,0.02228,0.02217,0.02228,52428.0
2024-01-31 20:00:00,0.02228,0.02228,0.02218,0.02228,43831.0
2024-02-01 00:00:00,0.02228,0.02228,0.0209,0.02099,80272.0
2024-02-01 04:00:00,0.02099,0.02109,0.02092,0.02106,47811.0
2024-02-01 08:00:00,0.02106,0.02109,0.021,0.02106,51151.0
2024-02-01 12:00:00,0.02106,0.02109,0.021,0.02109,55101.0
2024-02-01 16:00:00,0.02109,0.02109,0.021,0.02102,59523.0
2024-02-01 20:00:00,0.02102,0.02109,0.021,0.021,41732.0
2024-02-02 00:00:00,0.021,0.02109,0.021,0.02101,52082.0
2024-02-02 04:00:00,0.02101,0.02109,0.021,0.02103,62417.0
2024-02-02 08:00:00,0.02103,0.02109,0.021,0.02109,51300.0
2024-02-02 12:00:00,0.02109,0.02109,0.021,0.02101,72571.0
2024-02-02 16:00:00,0.02101,0.02109,0.02061,0.02064,74205.0
2024-02-02 20:00:00,0.02064,0.02077,0.02061,0.02074,43070.0
2024-02-03 00:00:00,0.02074,0.02077,0.02067,0.02067,49521.0
2024-02-03 04:00:00,0.02067,0.0209,0.02067,0.02089,63234.0
2024-02-03 08:00:00,0.02089,0.02089,0.02074,0.02084,22593.0
2024-02-03 12:00:00,0.02084,0.02091,0.02073,0.02082,90056.0
2024-02-03 16:00:00,0.02082,0.02091,0.02082,0.02087,73537.0
2024-02-03 20:00:00,0.02087,0.02091,0.02082,0.02089,44109.0
2024-02-04 00:00:00,0.02089,0.02091,0.02082,0.02082,57873.0
2024-02-04 04:00:00,0.02082,0.02091,0.02082,0.02089,82274.0
2024-02-04 08:00:00,0.02089,0.02091,0.02082,0.02091,26565.0
2024-02-04 12:00:00,0.02091,0.02091,0.02082,0.02091,72048.0
2024-02-04 16:00:00,0.02091,0.02091,0.02082,0.02091,42446.0
2024-02-04 20:00:00,0.02091,0.0209,0.02081,0.0209,52160.0
2024-02-05 00:00:00,0.0209,0.0209,0.02072,0.0209,89229.0
2024-02-05 04:00:00,0.0209,0.0209,0.02073,0.02085,52070.0
2024-02-05 08:00:00,0.02085,0.0209,0.02066,0.02067,60059.0
2024-02-05 12:00:00,0.02067,0.02082,0.02072,0.02077,65729.0
2024-02-05 16:00:00,0.02077,0.02082,0.02073,0.02082,41915.0
2024-02-05 20:00:00,0.02082,0.02082,0.02073,0.02077,46421.0
2024-02-06 00:00:00,0.02077,0.02082,0.02073,0.02078,60304.0
2024-02-06 04:00:00,0.02078,0.02082,0.02073,0.02077,46804.0
2024-02-06 08:00:00,0.02077,0.02082,0.02073,0.02075,61905.0
2024-02-06 12:00:00,0.02075,0.02082,0.02073,0.02078,71082.0
2024-02-06 16:00:00,0.02082,0.02082,0.02073,0.02077,54440.0
2024-02-06 20:00:00,0.02077,0.02082,0.02073,0.02078,62129.0
2024-02-07 00:00:00,0.02078,0.02082,0.02073,0.02077,64956.0
2024-02-07 04:00:00,0.02077,0.02082,0.02073,0.02077,48183.0
2024-02-07 08:00:00,0.02077,0.02082,0.02073,0.02073,48789.0
2024-02-07 12:00:00,0.02073,0.02082,0.02073,0.02074,65142.0
2024-02-07 16:00:00,0.02074,0.02082,0.02073,0.02077,49035.0
2024-02-07 20:00:00,0.02082,0.02082,0.02073,0.02081,63313.0
2024-02-08 00:00:00,0.02081,0.02082,0.02073,0.02078,64124.0
2024-02-08 04:00:00,0.02078,0.02082,0.02073,0.0208,42632.0
2024-02-08 08:00:00,0.0208,0.02082,0.02073,0.02078,56316.0
2024-02-08 12:00:00,0.02078,0.02082,0.02073,0.02082,71002.0
2024-02-08 16:00:00,0.02082,0.0209,0.02073,0.02086,63267.0
2024-02-08 20:00:00,0.02086,0.0209,0.02073,0.02085,46777.0
2024-02-09 00:00:00,0.02085,0.02101,0.02073,0.0209,78885.0
2024-02-09 04:00:00,0.0209,0.02101,0.02089,0.02094,53661.0
2024-02-09 08:00:00,0.02094,0.02101,0.02091,0.02093,39641.0
2024-02-09 12:00:00,0.02093,0.02101,0.02091,0.02094,67138.0
2024-02-09 16:00:00,0.02093,0.02101,0.02092,0.02097,41043.0
2024-02-09 20:00:00,0.02097,0.02101,0.02091,0.02091,54113.0
2024-02-10 00:00:00,0.02091,0.02101,0.02091,0.02098,53604.0
2024-02-10 04:00:00,0.02098,0.02101,0.02091,0.02094,40818.0
2024-02-10 08:00:00,0.02094,0.02101,0.02091,0.02097,78560.0
2024-02-10 12:00:00,0.02097,0.021,0.02091,0.02091,53995.0
2024-02-10 16:00:00,0.02091,0.02101,0.02091,0.02093,66660.0
2024-02-10 20:00:00,0.02093,0.02101,0.02091,0.02091,68082.0
2024-02-11 00:00:00,0.02093,0.02101,0.02091,0.02101,48988.0
2024-02-11 04:00:00,0.02101,0.02101,0.02091,0.02097,50017.0
2024-02-11 08:00:00,0.02097,0.02101,0.02091,0.02093,62819.0
2024-02-11 12:00:00,0.02093,0.02101,0.02091,0.02091,44161.0
2024-02-11 16:00:00,0.02096,0.02101,0.02091,0.02094,65356.0
2024-02-11 20:00:00,0.02094,0.02101,0.02091,0.02101,63324.0
2024-02-12 00:00:00,0.02101,0.02101,0.02091,0.02097,55760.0
2024-02-12 04:00:00,0.02097,0.02101,0.02091,0.02091,53965.0
2024-02-12 08:00:00,0.02091,0.02101,0.02091,0.02101,56015.0
2024-02-12 12:00:00,0.02101,0.02101,0.02091,0.02094,48895.0
2024-02-12 16:00:00,0.02094,0.02101,0.02091,0.02094,68208.0
2024-02-12 20:00:00,0.02094,0.02101,0.02091,0.02094,75147.0
2024-02-13 00:00:00,0.02094,0.02101,0.02091,0.02098,58160.0
2024-02-13 04:00:00,0.02096,0.02109,0.02091,0.02107,38146.0
2024-02-13 08:00:00,0.02107,0.02109,0.02102,0.02106,66910.0
2024-02-13 12:00:00,0.02104,0.02109,0.02102,0.02108,43493.0
2024-02-13 16:00:00,0.02108,0.02184,0.02103,0.02179,47846.0
2024-02-13 20:00:00,0.0217,0.02177,0.0215,0.02174,57457.0
2024-02-14 00:00:00,0.02174,0.02174,0.02168,0.02168,55691.0
2024-02-14 04:00:00,0.02168,0.02174,0.02168,0.02173,34505.0
2024-02-14 08:00:00,0.02173,0.02174,0.02168,0.02171,66101.0
2024-02-14 12:00:00,0.02171,0.02174,0.02168,0.02174,54933.0
2024-02-14 16:00:00,0.02174,0.02174,0.02164,0.02171,51354.0
2024-02-14 20:00:00,0.0217,0.02174,0.02164,0.02166,87311.0
2024-02-15 00:00:00,0.02166,0.02174,0.02164,0.02168,41980.0
2024-02-15 04:00:00,0.02168,0.02174,0.02164,0.02169,59608.0
2024-02-15 08:00:00,0.02169,0.02174,0.02164,0.02174,52679.0
2024-02-15 12:00:00,0.02174,0.02174,0.02164,0.02168,39019.0
2024-02-15 16:00:00,0.02168,0.02174,0.02164,0.0217,51799.0
2024-02-15 20:00:00,0.0217,0.02174,0.02099,0.02114,58794.0
2024-02-16 00:00:00,0.02114,0.02114,0.021,0.02108,39615.0
2024-02-16 04:00:00,0.02108,0.02117,0.02101,0.02113,71981.0
2024-02-16 08:00:00,0.02113,0.02118,0.02108,0.02109,57858.0
2024-02-16 12:00:00,0.02109,0.02117,0.02108,0.02114,33378.0
2024-02-16 16:00:00,0.02114,0.02114,0.02114,0.02114,0.0
2024-02-16 20:00:00,0.02114,0.02114,0.02114,0.02114,0.0
2024-02-17 00:00:00,0.02114,0.02118,0.02108,0.02118,4007.0
2024-02-17 04:00:00,0.02118,0.02118,0.02118,0.02118,0.0
2024-02-17 08:00:00,0.02118,0.02124,0.02108,0.02124,43822.0
2024-02-17 12:00:00,0.02115,0.02124,0.02108,0.02123,112228.0
2024-02-17 16:00:00,0.02123,0.02124,0.02108,0.02119,116800.0
2024-02-17 20:00:00,0.02117,0.02124,0.02108,0.02113,97570.0
2024-02-18 00:00:00,0.02113,0.02124,0.02108,0.02108,31926.0
2024-02-18 04:00:00,0.02108,0.02125,0.02108,0.02112,37712.0
2024-02-18 08:00:00,0.02118,0.02125,0.02108,0.02116,47128.0
2024-02-18 12:00:00,0.02116,0.02125,0.02115,0.02118,37111.0
2024-02-18 16:00:00,0.02118,0.02231,0.02116,0.0223,65534.0
2024-02-18 20:00:00,0.0223,0.0224,0.02228,0.02233,84249.0
2024-02-19 00:00:00,0.02233,0.0224,0.02229,0.02234,62500.0
2024-02-19 04:00:00,0.02234,0.0224,0.02229,0.02236,52136.0
2024-02-19 08:00:00,0.02236,0.0224,0.02216,0.02225,42706.0
2024-02-19 12:00:00,0.02225,0.02231,0.02085,0.02098,61735.0
2024-02-19 16:00:00,0.02098,0.02101,0.02086,0.02092,30138.0
2024-02-19 20:00:00,0.02092,0.02101,0.02091,0.02101,45758.0
2024-02-20 00:00:00,0.02101,0.02101,0.02091,0.02097,33516.0
2024-02-20 04:00:00,0.02096,0.02101,0.02081,0.02088,61422.0
2024-02-20 08:00:00,0.02088,0.02258,0.02086,0.02252,89081.0
2024-02-20 12:00:00,0.02252,0.02242,0.02216,0.02228,37899.0
2024-02-20 16:00:00,0.02228,0.02231,0.02186,0.02202,81067.0
2024-02-20 20:00:00,0.02202,0.02213,0.02194,0.0221,44279.0
2024-02-21 00:00:00,0.0221,0.02213,0.02202,0.02205,37739.0
2024-02-21 04:00:00,0.02205,0.02213,0.02198,0.02205,67175.0
2024-02-21 08:00:00,0.02205,0.02213,0.02197,0.02213,7615.0
2024-02-21 12:00:00,0.02213,0.02213,0.02213,0.02213,0.0
2024-02-21 16:00:00,0.02213,0.02213,0.02213,0.02213,0.0
2024-02-21 20:00:00,0.02213,0.02202,0.02126,0.02126,20792.0
2024-02-22 00:00:00,0.02126,0.02126,0.02114,0.02114,2450.0
2024-02-22 04:00:00,0.02114,0.02114,0.0209,0.0209,5145.0
2024-02-22 08:00:00,0.0209,0.02108,0.02108,0.02108,2170.0
2024-02-22 12:00:00,0.02108,0.02118,0.02108,0.02118,3799.0
2024-02-22 16:00:00,0.02118,0.02118,0.02118,0.02118,0.0
2024-02-22 20:00:00,0.02118,0.02099,0.02099,0.02099,245.0
2024-02-23 00:00:00,0.02099,0.02099,0.02099,0.02099,0.0
2024-02-23 04:00:00,0.02099,0.02099,0.02099,0.02099,0.0
2024-02-23 08:00:00,0.02099,0.02099,0.02099,0.02099,0.0
2024-02-23 12:00:00,0.02099,0.02099,0.02099,0.02099,0.0
2024-02-23 16:00:00,0.02099,0.02099,0.02099,0.02099,0.0
2024-02-23 20:00:00,0.02099,0.02129,0.02118,0.02129,3141.0
2024-02-24 00:00:00,0.02129,0.02114,0.02114,0.02114,1487.0
2024-02-24 04:00:00,0.02114,0.02114,0.02114,0.02114,0.0
2024-02-24 08:00:00,0.02114,0.02114,0.02114,0.02114,0.0
2024-02-24 12:00:00,0.02114,0.02125,0.02125,0.02125,533.0
2024-02-24 16:00:00,0.02125,0.02125,0.02125,0.02125,0.0
2024-02-24 20:00:00,0.02125,0.02125,0.02125,0.02125,0.0
2024-02-25 00:00:00,0.02125,0.02125,0.02125,0.02125,0.0
2024-02-25 04:00:00,0.02125,0.02125,0.02125,0.02125,0.0
2024-02-25 08:00:00,0.02125,0.02125,0.02125,0.02125,0.0
2024-02-25 12:00:00,0.02125,0.02129,0.02107,0.02129,2229.0
2024-02-25 16:00:00,0.02129,0.02114,0.02114,0.02114,245.0
2024-02-25 20:00:00,0.02114,0.02129,0.02129,0.02129,430.0
2024-02-26 00:00:00,0.02129,0.02129,0.02129,0.02129,0.0
2024-02-26 04:00:00,0.02129,0.02129,0.02129,0.02129,0.0
2024-02-26 08:00:00,0.02129,0.02114,0.02107,0.02107,1613.0
2024-02-26 12:00:00,0.02107,0.02107,0.02107,0.02107,0.0
2024-02-26 16:00:00,0.02107,0.02125,0.02099,0.02118,5135.0
2024-02-26 20:00:00,0.02118,0.02125,0.02107,0.02125,2203.0
2024-02-27 00:00:00,0.02125,0.02125,0.02125,0.02125,0.0
2024-02-27 04:00:00,0.02125,0.02125,0.02125,0.02125,0.0
2024-02-27 08:00:00,0.02125,0.02125,0.02125,0.02125,0.0
2024-02-27 12:00:00,0.02125,0.02125,0.02125,0.02125,0.0
2024-02-27 16:00:00,0.02125,0.02125,0.02125,0.02125,0.0
2024-02-27 20:00:00,0.02125,0.02125,0.02125,0.02125,0.0
2024-02-28 00:00:00,0.02125,0.02161,0.02125,0.02148,7034.0
2024-02-28 04:00:00,0.02148,0.02167,0.02161,0.02167,1056.0
2024-02-28 08:00:00,0.02167,0.02167,0.02167,0.02167,0.0
2024-02-28 12:00:00,0.02167,0.02167,0.02167,0.02167,0.0
2024-02-28 16:00:00,0.02167,0.0215,0.02081,0.02081,12847.0
2024-02-28 20:00:00,0.02081,0.02081,0.02081,0.02081,1166.0
2024-02-29 00:00:00,0.02081,0.02096,0.02096,0.02096,1078.0
2024-02-29 04:00:00,0.02096,0.02118,0.02101,0.02118,4092.0
2024-02-29 08:00:00,0.02118,0.02137,0.02118,0.02137,3548.0
2024-02-29 12:00:00,0.02137,0.02137,0.02137,0.02137,740.0
2024-02-29 16:00:00,0.02137,0.02126,0.02126,0.02126,260.0
2024-02-29 20:00:00,0.02126,0.02126,0.02119,0.02119,522.0
2024-03-01 00:00:00,0.02119,0.02119,0.02115,0.02115,4555.0
2024-03-01 04:00:00,0.02115,0.02115,0.02115,0.02115,0.0
2024-03-01 08:00:00,0.02115,0.02114,0.02114,0.02114,312.0
2024-03-01 12:00:00,0.02114,0.02128,0.02114,0.02114,2919.0
2024-03-01 16:00:00,0.02114,0.02129,0.02124,0.02129,4166.0
2024-03-01 20:00:00,0.02129,0.02152,0.02129,0.02152,3335.0
2024-03-02 00:00:00,0.02152,0.02152,0.02152,0.02152,0.0
2024-03-02 04:00:00,0.02152,0.0218,0.02152,0.02163,3927.0
2024-03-02 08:00:00,0.02163,0.02163,0.02163,0.02163,0.0
2024-03-02 12:00:00,0.02163,0.02163,0.02163,0.02163,0.0
2024-03-02 16:00:00,0.02163,0.02184,0.0218,0.02184,1641.0
2024-03-02 20:00:00,0.02184,0.02174,0.02156,0.02156,4044.0
2024-03-03 00:00:00,0.02156,0.02156,0.02156,0.02156,0.0
2024-03-03 04:00:00,0.02156,0.02156,0.02156,0.02156,0.0
2024-03-03 08:00:00,0.02156,0.02184,0.02156,0.02184,3513.0
2024-03-03 12:00:00,0.02184,0.02184,0.02184,0.02184,0.0
2024-03-03 16:00:00,0.02184,0.02187,0.02184,0.02187,1364.0
2024-03-03 20:00:00,0.02187,0.02231,0.02187,0.02231,16081.0
2024-03-04 00:00:00,0.02231,0.02352,0.02231,0.02333,26029.0
2024-03-04 04:00:00,0.02333,0.02333,0.02333,0.02333,0.0
2024-03-04 08:00:00,0.02333,0.02333,0.02333,0.02333,0.0
2024-03-04 12:00:00,0.02333,0.02333,0.02333,0.02333,0.0
2024-03-04 16:00:00,0.02333,0.02333,0.02333,0.02333,0.0
2024-03-04 20:00:00,0.02333,0.02333,0.02279,0.02279,11228.0
2024-03-05 00:00:00,0.02279,0.02279,0.02264,0.02264,4122.0
2024-03-05 04:00:00,0.02264,0.02258,0.02258,0.02258,897.0
2024-03-05 08:00:00,0.02258,0.02275,0.02258,0.02258,819.0
2024-03-05 12:00:00,0.02258,0.0229,0.02249,0.0229,5943.0
2024-03-05 16:00:00,0.0229,0.02279,0.02246,0.02246,8995.0
2024-03-05 20:00:00,0.02246,0.0229,0.02261,0.0229,8833.0
2024-03-06 00:00:00,0.0229,0.02279,0.02228,0.02228,14949.0
2024-03-06 04:00:00,0.02228,0.02269,0.02243,0.02269,9410.0
2024-03-06 08:00:00,0.02249,0.02249,0.02247,0.02247,4006.0
2024-03-06 12:00:00,0.02247,0.02246,0.02238,0.02238,1711.0
2024-03-06 16:00:00,0.02238,0.02238,0.02238,0.02238,0.0
2024-03-06 20:00:00,0.02238,0.02257,0.02257,0.02257,1640.0
2024-03-07 00:00:00,0.02257,0.02258,0.02238,0.02238,3042.0
2024-03-07 04:00:00,0.02238,0.02238,0.02238,0.02238,0.0
2024-03-07 08:00:00,0.02238,0.02238,0.02238,0.02238,0.0
2024-03-07 12:00:00,0.02238,0.02238,0.02229,0.02229,4255.0
2024-03-07 16:00:00,0.02229,0.02243,0.02243,0.02243,876.0
2024-03-07 20:00:00,0.02243,0.02243,0.02243,0.02243,0.0
2024-03-08 00:00:00,0.02243,0.02258,0.02243,0.02258,5107.0
2024-03-08 04:00:00,0.02258,0.02261,0.02261,0.02261,977.0
2024-03-08 08:00:00,0.02261,0.02261,0.02261,0.02261,0.0
2024-03-08 12:00:00,0.02261,0.02269,0.02249,0.02249,929.0
2024-03-08 16:00:00,0.02249,0.02286,0.02269,0.02286,4253.0
2024-03-08 20:00:00,0.02286,0.02286,0.02286,0.02286,0.0
2024-03-09 00:00:00,0.02286,0.02286,0.02286,0.02286,0.0
2024-03-09 04:00:00,0.02286,0.02286,0.02286,0.02286,0.0
2024-03-09 08:00:00,0.02286,0.02286,0.02286,0.02286,0.0
2024-03-09 12:00:00,0.02286,0.02286,0.02286,0.02286,241.0
2024-03-09 16:00:00,0.02286,0.02286,0.02286,0.02286,0.0
2024-03-09 20:00:00,0.02286,0.02269,0.02269,0.02269,245.0
2024-03-10 00:00:00,0.02269,0.02269,0.02269,0.02269,0.0
2024-03-10 04:00:00,0.02269,0.02269,0.02269,0.02269,0.0
2024-03-10 08:00:00,0.02269,0.02269,0.02269,0.02269,425.0
2024-03-10 12:00:00,0.02269,0.0247,0.02269,0.0247,34473.0
2024-03-10 16:00:00,0.0247,0.0247,0.02376,0.02388,15988.0
2024-03-10 20:00:00,0.02388,0.0237,0.0237,0.0237,211.0
2024-03-11 00:00:00,0.0237,0.02518,0.02388,0.02512,27238.0
2024-03-11 04:00:00,0.02512,0.02512,0.02512,0.02512,2344.0
2024-03-11 08:00:00,0.02512,0.02684,0.0251,0.02684,32938.0
2024-03-11 12:00:00,0.02684,0.02725,0.02662,0.02725,10436.0
2024-03-11 16:00:00,0.02725,0.02725,0.02725,0.02725,0.0
2024-03-11 20:00:00,0.02725,0.02711,0.02689,0.02689,5968.0
2024-03-12 00:00:00,0.02689,0.02793,0.0271,0.0277,15551.0
2024-03-12 04:00:00,0.0277,0.0277,0.0277,0.0277,127.0
2024-03-12 08:00:00,0.0277,0.02764,0.02754,0.02754,5350.0
2024-03-12 12:00:00,0.02754,0.02754,0.02754,0.02754,418.0
2024-03-12 16:00:00,0.02754,0.02754,0.0274,0.0274,1000.0
2024-03-12 20:00:00,0.0274,0.0274,0.0274,0.0274,0.0
2024-03-13 00:00:00,0.0274,0.0274,0.0274,0.0274,0.0
2024-03-13 04:00:00,0.0274,0.0274,0.0274,0.0274,0.0
2024-03-13 08:00:00,0.0274,0.02759,0.02759,0.02759,300.0
2024-03-13 12:00:00,0.02759,0.02759,0.02759,0.02759,0.0
2024-03-13 16:00:00,0.02759,0.02759,0.02759,0.02759,0.0
2024-03-13 20:00:00,0.02759,0.02759,0.02759,0.02759,0.0
2024-03-14 00:00:00,0.02759,0.02739,0.02689,0.02689,6754.0
2024-03-14 04:00:00,0.02689,0.02689,0.02626,0.02626,10014.0
2024-03-14 08:00:00,0.02626,0.02626,0.02626,0.02626,0.0
2024-03-14 12:00:00,0.02626,0.02626,0.02626,0.02626,0.0
2024-03-14 16:00:00,0.02626,0.02626,0.02626,0.02626,0.0
2024-03-14 20:00:00,0.02626,0.02626,0.02626,0.02626,0.0
2024-03-15 00:00:00,0.02626,0.02679,0.02633,0.02633,14676.0
2024-03-15 04:00:00,0.02633,0.02633,0.02611,0.02611,2758.0
2024-03-15 08:00:00,0.02611,0.02611,0.02611,0.02611,0.0
2024-03-15 12:00:00,0.02611,0.02611,0.02611,0.02611,0.0
2024-03-15 16:00:00,0.02611,0.02611,0.02611,0.02611,0.0
2024-03-15 20:00:00,0.02611,0.02611,0.02611,0.02611,0.0
2024-03-16 00:00:00,0.02611,0.02611,0.02611,0.02611,0.0
2024-03-16 04:00:00,0.02611,0.02611,0.02611,0.02611,0.0
2024-03-16 08:00:00,0.02611,0.02611,0.02611,0.02611,0.0
2024-03-16 12:00:00,0.02611,0.02611,0.02611,0.02611,0.0
2024-03-16 16:00:00,0.02611,0.02611,0.02611,0.02611,0.0
2024-03-16 20:00:00,0.02611,0.02611,0.02611,0.02611,0.0
2024-03-17 00:00:00,0.02611,0.02611,0.02611,0.02611,0.0
2024-03-17 04:00:00,0.02611,0.02611,0.02462,0.02462,29104.0
2024-03-17 08:00:00,0.02462,0.02458,0.0245,0.0245,3595.0
2024-03-17 12:00:00,0.0245,0.0245,0.0245,0.0245,0.0
2024-03-17 16:00:00,0.0245,0.02446,0.02376,0.02409,15161.0
2024-03-17 20:00:00,0.02409,0.02409,0.02409,0.02409,272.0
2024-03-18 00:00:00,0.02409,0.02409,0.02409,0.02409,912.0
2024-03-18 04:00:00,0.02409,0.02409,0.02409,0.02409,0.0
2024-03-18 08:00:00,0.02409,0.02426,0.02409,0.02426,5759.0
2024-03-18 12:00:00,0.02426,0.02408,0.02402,0.02402,1326.0
2024-03-18 16:00:00,0.02402,0.02402,0.0239,0.0239,2708.0
2024-03-18 20:00:00,0.0239,0.0239,0.02315,0.0234,21279.0
2024-03-19 00:00:00,0.0234,0.02321,0.02303,0.02303,2390.0
2024-03-19 04:00:00,0.02303,0.02303,0.02279,0.02279,4732.0
2024-03-19 08:00:00,0.02279,0.02279,0.02279,0.02279,39.0
2024-03-19 12:00:00,0.02279,0.02279,0.02279,0.02279,0.0
2024-03-19 16:00:00,0.02279,0.02279,0.02279,0.02279,0.0
2024-03-19 20:00:00,0.02279,0.02275,0.02264,0.02264,4600.0
2024-03-20 00:00:00,0.02264,0.02307,0.02279,0.02307,8265.0
2024-03-20 04:00:00,0.02307,0.02312,0.02307,0.02312,1208.0
2024-03-20 08:00:00,0.02312,0.02382,0.02312,0.02315,31058.0
2024-03-20 12:00:00,0.02315,0.02315,0.02315,0.02315,0.0
2024-03-20 16:00:00,0.02315,0.02315,0.02315,0.02315,0.0
2024-03-20 20:00:00,0.02315,0.02315,0.02315,0.02315,0.0
2024-03-21 00:00:00,0.02315,0.02468,0.02331,0.02449,31628.0
2024-03-21 04:00:00,0.02449,0.02459,0.02446,0.02459,3646.0
2024-03-21 08:00:00,0.02459,0.02459,0.02459,0.02459,2844.0
2024-03-21 12:00:00,0.02459,0.02459,0.02437,0.02458,4083.0
2024-03-21 16:00:00,0.02458,0.02456,0.02456,0.02456,2441.0
2024-03-21 20:00:00,0.02456,0.02456,0.02456,0.02456,2318.0
2024-03-22 00:00:00,0.02456,0.02456,0.02456,0.02456,2521.0
2024-03-22 04:00:00,0.02456,0.02456,0.02456,0.02456,2481.0
2024-03-22 08:00:00,0.02456,0.02456,0.02456,0.02456,2197.0
2024-03-22 12:00:00,0.02456,0.02456,0.02437,0.02455,2424.0
2024-03-22 16:00:00,0.02455,0.02455,0.02427,0.02444,4553.0
2024-03-22 20:00:00,0.02444,0.02444,0.0242,0.02437,2171.0
2024-03-23 00:00:00,0.02437,0.0242,0.0242,0.0242,880.0
2024-03-23 04:00:00,0.0242,0.0242,0.0242,0.0242,2641.0
2024-03-23 08:00:00,0.0242,0.02416,0.02402,0.02402,2430.0
2024-03-23 12:00:00,0.02402,0.02432,0.02418,0.02429,5425.0
2024-03-23 16:00:00,0.02429,0.02429,0.02429,0.02429,1235.0
2024-03-23 20:00:00,0.02429,0.02429,0.02429,0.02429,1729.0
2024-03-24 00:00:00,0.02429,0.02429,0.02429,0.02429,1729.0
2024-03-24 04:00:00,0.02429,0.02429,0.02429,0.02429,1482.0
2024-03-24 08:00:00,0.02429,0.02429,0.02429,0.02429,1482.0
2024-03-24 12:00:00,0.02429,0.02432,0.02416,0.02416,1740.0
2024-03-24 16:00:00,0.02416,0.02432,0.02416,0.02431,2205.0
2024-03-24 20:00:00,0.02431,0.02431,0.02431,0.02431,1722.0
2024-03-25 00:00:00,0.02431,0.02431,0.02431,0.02431,5556.0
2024-03-25 04:00:00,0.02431,0.02439,0.02432,0.02439,495.0
2024-03-25 08:00:00,0.02439,0.02445,0.02439,0.02445,1392.0
2024-03-25 12:00:00,0.02445,0.02461,0.02445,0.02461,4003.0
2024-03-25 16:00:00,0.02461,0.02461,0.02461,0.02461,0.0
2024-03-25 20:00:00,0.02461,0.02461,0.02461,0.02461,0.0
2024-03-26 00:00:00,0.02461,0.02461,0.02461,0.02461,0.0
2024-03-26 04:00:00,0.02461,0.02461,0.02461,0.02461,0.0
2024-03-26 08:00:00,0.02461,0.02461,0.02461,0.02461,0.0
2024-03-26 12:00:00,0.02461,0.02461,0.02461,0.02461,0.0
2024-03-26 16:00:00,0.02461,0.02446,0.02437,0.02437,2147.0
2024-03-26 20:00:00,0.02437,0.02437,0.02437,0.02437,423.0
2024-03-27 00:00:00,0.02437,0.02458,0.02458,0.02458,1526.0
2024-03-27 04:00:00,0.02458,0.02461,0.02433,0.02433,5843.0
2024-03-27 08:00:00,0.02433,0.02433,0.0242,0.0242,3797.0
2024-03-27 12:00:00,0.0242,0.0245,0.02438,0.0245,3956.0
2024-03-27 16:00:00,0.0245,0.02433,0.02433,0.02433,784.0
2024-03-27 20:00:00,0.02433,0.02458,0.02428,0.02458,9869.0
2024-03-28 00:00:00,0.02458,0.02665,0.02461,0.02665,30602.0
2024-03-28 04:00:00,0.02665,0.02665,0.02665,0.02665,0.0
2024-03-28 08:00:00,0.02665,0.02665,0.02665,0.02665,0.0
2024-03-28 12:00:00,0.02665,0.02665,0.02665,0.02665,0.0
2024-03-28 16:00:00,0.02665,0.02665,0.02665,0.02665,0.0
2024-03-28 20:00:00,0.02665,0.02665,0.02665,0.02665,0.0
2024-03-29 00:00:00,0.02665,0.02665,0.02665,0.02665,0.0
2024-03-29 04:00:00,0.02665,0.02665,0.02665,0.02665,0.0
2024-03-29 08:00:00,0.02665,0.02665,0.02665,0.02665,0.0
2024-03-29 12:00:00,0.02665,0.02665,0.02665,0.02665,0.0
2024-03-29 16:00:00,0.02665,0.02699,0.02698,0.02698,3463.0
2024-03-29 20:00:00,0.02698,0.02698,0.02698,0.02698,0.0
2024-03-30 00:00:00,0.02698,0.02698,0.02698,0.02698,0.0
2024-03-30 04:00:00,0.02698,0.02681,0.02681,0.02681,246.0
2024-03-30 08:00:00,0.02681,0.02681,0.02681,0.02681,0.0
2024-03-30 12:00:00,0.02681,0.02681,0.02652,0.02652,1991.0
2024-03-30 16:00:00,0.02652,0.02676,0.02659,0.02659,1309.0
2024-03-30 20:00:00,0.02659,0.02659,0.02659,0.02659,0.0
2024-03-31 00:00:00,0.02659,0.02659,0.02659,0.02659,0.0
2024-03-31 04:00:00,0.02659,0.02659,0.02659,0.02659,0.0
2024-03-31 08:00:00,0.02659,0.02672,0.02672,0.02672,458.0
2024-03-31 12:00:00,0.02672,0.02659,0.02659,0.02659,416.0
2024-03-31 16:00:00,0.02659,0.02659,0.02659,0.02659,0.0
2024-03-31 20:00:00,0.02659,0.02702,0.02676,0.02702,1358.0
2024-04-01 00:00:00,0.02702,0.02714,0.02702,0.02714,1416.0
2024-04-01 04:00:00,0.02714,0.02714,0.02714,0.02714,0.0
2024-04-01 08:00:00,0.02714,0.0291,0.02714,0.02793,25172.0
2024-04-01 12:00:00,0.02793,0.02793,0.02776,0.02776,1927.0
2024-04-01 16:00:00,0.02776,0.02776,0.02776,0.02776,0.0
2024-04-01 20:00:00,0.02776,0.02827,0.02796,0.02827,2248.0
2024-04-02 00:00:00,0.02827,0.02859,0.02741,0.02741,10876.0
2024-04-02 04:00:00,0.02741,0.02741,0.02736,0.02736,682.0
2024-04-02 08:00:00,0.02736,0.02736,0.02736,0.02736,0.0
2024-04-02 12:00:00,0.02736,0.02736,0.02667,0.02667,5408.0
2024-04-02 16:00:00,0.02667,0.02667,0.02667,0.02667,0.0
2024-04-02 20:00:00,0.02667,0.02688,0.02662,0.02662,871.0
2024-04-03 00:00:00,0.02662,0.02708,0.0268,0.02708,1847.0
2024-04-03 04:00:00,0.02708,0.02708,0.02708,0.02708,0.0
2024-04-03 08:00:00,0.02708,0.02708,0.02708,0.02708,0.0
2024-04-03 12:00:00,0.02708,0.02708,0.02708,0.02708,0.0
2024-04-03 16:00:00,0.02708,0.02708,0.02708,0.02708,0.0
2024-04-03 20:00:00,0.02708,0.02708,0.02708,0.02708,0.0
2024-04-04 00:00:00,0.02708,0.02708,0.02708,0.02708,0.0
2024-04-04 04:00:00,0.02708,0.02708,0.02708,0.02708,0.0
2024-04-04 08:00:00,0.02708,0.02725,0.02708,0.02725,1463.0
2024-04-04 12:00:00,0.02725,0.02705,0.027,0.027,447.0
2024-04-04 16:00:00,0.027,0.0276,0.02718,0.0276,3756.0
2024-04-04 20:00:00,0.0276,0.02741,0.02741,0.02741,461.0
2024-04-05 00:00:00,0.02741,0.02741,0.02711,0.02711,2161.0
2024-04-05 04:00:00,0.02711,0.02711,0.02689,0.02689,2289.0
2024-04-05 08:00:00,0.02689,0.02689,0.02689,0.02689,0.0
2024-04-05 12:00:00,0.02689,0.02689,0.02689,0.02689,0.0
2024-04-05 16:00:00,0.02689,0.02689,0.02689,0.02689,0.0
2024-04-05 20:00:00,0.02689,0.02689,0.02689,0.02689,0.0
2024-04-06 00:00:00,0.02689,0.02689,0.02689,0.02689,0.0
2024-04-06 04:00:00,0.02689,0.02689,0.02689,0.02689,0.0
2024-04-06 08:00:00,0.02689,0.02689,0.02689,0.02689,0.0
2024-04-06 12:00:00,0.02689,0.02689,0.02689,0.02689,0.0
2024-04-06 16:00:00,0.02689,0.02689,0.02689,0.02689,0.0
2024-04-06 20:00:00,0.02689,0.02689,0.02689,0.02689,0.0
2024-04-07 00:00:00,0.02689,0.02689,0.02689,0.02689,0.0
2024-04-07 04:00:00,0.02689,0.02689,0.02689,0.02689,0.0
2024-04-07 08:00:00,0.02689,0.02689,0.02689,0.02689,0.0
2024-04-07 12:00:00,0.02689,0.02689,0.02689,0.02689,0.0
2024-04-07 16:00:00,0.02689,0.02689,0.02689,0.02689,0.0
2024-04-07 20:00:00,0.02689,0.02689,0.02689,0.02689,0.0
2024-04-08 00:00:00,0.02689,0.02689,0.02689,0.02689,0.0
2024-04-08 04:00:00,0.02689,0.02689,0.02689,0.02689,7.0
2024-04-08 08:00:00,0.02689,0.02689,0.02689,0.02689,0.0
2024-04-08 12:00:00,0.02689,0.02689,0.02689,0.02689,0.0
2024-04-08 16:00:00,0.02689,0.02689,0.02689,0.02689,0.0
2024-04-08 20:00:00,0.02689,0.02689,0.02689,0.02689,0.0
2024-04-09 00:00:00,0.02689,0.02689,0.02689,0.02689,0.0
2024-04-09 04:00:00,0.02689,0.02689,0.02689,0.02689,0.0
2024-04-09 08:00:00,0.02689,0.02689,0.02689,0.02689,0.0
2024-04-09 12:00:00,0.02689,0.02689,0.02689,0.02689,0.0
2024-04-09 16:00:00,0.02689,0.02689,0.02689,0.02689,0.0
2024-04-09 20:00:00,0.02689,0.02689,0.02689,0.02689,0.0
2024-04-10 00:00:00,0.02689,0.02689,0.02689,0.02689,0.0
2024-04-10 04:00:00,0.02689,0.02689,0.02689,0.02689,0.0
2024-04-10 08:00:00,0.02689,0.02689,0.02689,0.02689,0.0
2024-04-10 12:00:00,0.02689,0.02689,0.02689,0.02689,0.0
2024-04-10 16:00:00,0.02689,0.02689,0.02689,0.02689,0.0
2024-04-10 20:00:00,0.02689,0.02689,0.02689,0.02689,0.0
2024-04-11 00:00:00,0.02689,0.02689,0.02689,0.02689,0.0
2024-04-11 04:00:00,0.02689,0.02689,0.02689,0.02689,0.0
2024-04-11 08:00:00,0.02689,0.02689,0.02689,0.02689,0.0
2024-04-11 12:00:00,0.02689,0.02689,0.02689,0.02689,0.0
2024-04-11 16:00:00,0.02689,0.02689,0.02689,0.02689,0.0
2024-04-11 20:00:00,0.02689,0.02689,0.02689,0.02689,0.0
2024-04-12 00:00:00,0.02689,0.02801,0.02667,0.02667,20458.0
2024-04-12 04:00:00,0.02667,0.02667,0.02667,0.02667,0.0
2024-04-12 08:00:00,0.02667,0.02667,0.02667,0.02667,0.0
2024-04-12 12:00:00,0.02667,0.02667,0.02667,0.02667,0.0
2024-04-12 16:00:00,0.02667,0.02688,0.02659,0.02659,640.0
2024-04-12 20:00:00,0.02659,0.02659,0.0253,0.0253,12869.0
2024-04-13 00:00:00,0.0253,0.0253,0.0253,0.0253,0.0
2024-04-13 04:00:00,0.0253,0.0253,0.02418,0.02418,12462.0
2024-04-13 08:00:00,0.02418,0.02418,0.02418,0.02418,0.0
2024-04-13 12:00:00,0.02418,0.02418,0.02418,0.02418,0.0
2024-04-13 16:00:00,0.02418,0.02418,0.02386,0.02386,3505.0
2024-04-13 20:00:00,0.02386,0.02386,0.02,0.02,50788.0
2024-04-14 00:00:00,0.02,0.02,0.02,0.02,0.0
2024-04-14 04:00:00,0.02,0.02,0.02,0.02,0.0
2024-04-14 08:00:00,0.02,0.02015,0.02012,0.02015,2009.0
2024-04-14 12:00:00,0.02015,0.02015,0.02015,0.02015,250.0
2024-04-14 16:00:00,0.02015,0.0202,0.02016,0.0202,1293.0
2024-04-14 20:00:00,0.0202,0.02043,0.0202,0.02043,2753.0
2024-04-15 00:00:00,0.02043,0.02068,0.02047,0.02068,3353.0
2024-04-15 04:00:00,0.02068,0.02083,0.02073,0.02083,1877.0
2024-04-15 08:00:00,0.02083,0.02103,0.02083,0.02103,3962.0
2024-04-15 12:00:00,0.02103,0.02124,0.02103,0.02106,4721.0
2024-04-15 16:00:00,0.02106,0.02106,0.02039,0.02039,9726.0
2024-04-15 20:00:00,0.02039,0.02039,0.02039,0.02039,0.0
2024-04-16 00:00:00,0.02039,0.02039,0.02039,0.02039,0.0
2024-04-16 04:00:00,0.02039,0.02039,0.02028,0.02028,1983.0
2024-04-16 08:00:00,0.02028,0.02028,0.02016,0.02016,935.0
2024-04-16 12:00:00,0.02016,0.02016,0.02016,0.02016,0.0
2024-04-16 16:00:00,0.02016,0.02105,0.02032,0.02105,50427.0
2024-04-16 20:00:00,0.02105,0.02105,0.02105,0.02105,0.0
2024-04-17 00:00:00,0.02105,0.02105,0.02105,0.02105,0.0
2024-04-17 04:00:00,0.02105,0.02105,0.02105,0.02105,0.0
2024-04-17 08:00:00,0.02105,0.02105,0.02105,0.02105,0.0
2024-04-17 12:00:00,0.02105,0.02105,0.02105,0.02105,0.0
2024-04-17 16:00:00,0.02105,0.02105,0.02105,0.02105,0.0
2024-04-17 20:00:00,0.02105,0.02105,0.02105,0.02105,0.0
2024-04-18 00:00:00,0.02105,0.02105,0.02105,0.02105,0.0
2024-04-18 04:00:00,0.02105,0.02105,0.02105,0.02105,0.0
2024-04-18 08:00:00,0.02105,0.02105,0.02105,0.02105,0.0
2024-04-18 12:00:00,0.02105,0.02105,0.02105,0.02105,0.0
2024-04-18 16:00:00,0.02105,0.02105,0.02105,0.02105,0.0
2024-04-18 20:00:00,0.02105,0.02093,0.02022,0.02022,10154.0
2024-04-19 00:00:00,0.02022,0.02022,0.02022,0.02022,0.0
2024-04-19 04:00:00,0.02022,0.02043,0.02038,0.02043,950.0
2024-04-19 08:00:00,0.02043,0.02099,0.02043,0.02099,7483.0
2024-04-19 12:00:00,0.02099,0.02083,0.02083,0.02083,581.0
2024-04-19 16:00:00,0.02083,0.02083,0.02083,0.02083,0.0
2024-04-19 20:00:00,0.02083,0.02083,0.02073,0.02073,1068.0
2024-04-20 00:00:00,0.02073,0.02073,0.02073,0.02073,318.0
2024-04-20 04:00:00,0.02073,0.02073,0.02073,0.02073,0.0
2024-04-20 08:00:00,0.02073,0.02073,0.02073,0.02073,0.0
2024-04-20 12:00:00,0.02073,0.02073,0.02068,0.02068,633.0
2024-04-20 16:00:00,0.02068,0.02121,0.02079,0.02121,9289.0
2024-04-20 20:00:00,0.02121,0.02121,0.02121,0.02121,0.0
2024-04-21 00:00:00,0.02121,0.02106,0.02063,0.02094,9946.0
2024-04-21 04:00:00,0.02094,0.02103,0.02094,0.02103,1375.0
2024-04-21 08:00:00,0.02103,0.02103,0.02103,0.02103,0.0
2024-04-21 12:00:00,0.02103,0.02103,0.02103,0.02103,0.0
2024-04-21 16:00:00,0.02103,0.02103,0.02103,0.02103,0.0
2024-04-21 20:00:00,0.02103,0.02106,0.02103,0.02106,692.0
2024-04-22 00:00:00,0.02106,0.02106,0.02106,0.02106,0.0
2024-04-22 04:00:00,0.02106,0.02106,0.02106,0.02106,0.0
2024-04-22 08:00:00,0.02106,0.02109,0.02106,0.02109,653.0
2024-04-22 12:00:00,0.02109,0.02109,0.02109,0.02109,0.0
2024-04-22 16:00:00,0.02109,0.02109,0.02109,0.02109,0.0
2024-04-22 20:00:00,0.02109,0.02109,0.02109,0.02109,0.0
2024-04-23 00:00:00,0.02109,0.02109,0.02109,0.02109,0.0
2024-04-23 04:00:00,0.02109,0.02109,0.02109,0.02109,0.0
2024-04-23 08:00:00,0.02109,0.02109,0.02109,0.02109,0.0
2024-04-23 12:00:00,0.02109,0.02109,0.02109,0.02109,0.0
2024-04-23 16:00:00,0.02109,0.02109,0.02109,0.02109,0.0
2024-04-23 20:00:00,0.02109,0.02095,0.02093,0.02093,894.0
2024-04-24 00:00:00,0.02093,0.02093,0.02093,0.02093,315.0
2024-04-24 04:00:00,0.02093,0.02116,0.02106,0.02116,1501.0
2024-04-24 08:00:00,0.02116,0.02116,0.02116,0.02116,0.0
2024-04-24 12:00:00,0.02116,0.02116,0.02116,0.02116,0.0
2024-04-24 16:00:00,0.02116,0.02102,0.02093,0.02093,2047.0
2024-04-24 20:00:00,0.02093,0.02093,0.02039,0.02039,6839.0
2024-04-25 00:00:00,0.02039,0.02039,0.02039,0.02039,0.0
2024-04-25 04:00:00,0.02039,0.02039,0.02039,0.02039,0.0
2024-04-25 08:00:00,0.02039,0.02039,0.02039,0.02039,0.0
2024-04-25 12:00:00,0.02039,0.02039,0.02037,0.02037,639.0
2024-04-25 16:00:00,0.02037,0.02037,0.02022,0.02022,1886.0
2024-04-25 20:00:00,0.02022,0.02022,0.02022,0.02022,0.0
2024-04-26 00:00:00,0.02022,0.02022,0.02022,0.02022,0.0
2024-04-26 04:00:00,0.02022,0.02022,0.02022,0.02022,0.0
2024-04-26 08:00:00,0.02022,0.02022,0.02022,0.02022,0.0
2024-04-26 12:00:00,0.02022,0.02022,0.02022,0.02022,0.0
2024-04-26 16:00:00,0.02022,0.02022,0.02022,0.02022,0.0
2024-04-26 20:00:00,0.02022,0.02022,0.02022,0.02022,0.0
2024-04-27 00:00:00,0.02022,0.02022,0.02022,0.02022,0.0
2024-04-27 04:00:00,0.02022,0.02022,0.02022,0.02022,0.0
2024-04-27 08:00:00,0.02022,0.02022,0.02022,0.02022,0.0
2024-04-27 12:00:00,0.02022,0.02022,0.02022,0.02022,0.0
2024-04-27 16:00:00,0.02022,0.02022,0.02022,0.02022,0.0
2024-04-27 20:00:00,0.02022,0.02026,0.02003,0.02026,5815.0
2024-04-28 00:00:00,0.02026,0.02032,0.02026,0.02032,1169.0
2024-04-28 04:00:00,0.02032,0.02032,0.02032,0.02032,0.0
2024-04-28 08:00:00,0.02032,0.02038,0.02032,0.02038,630.0
2024-04-28 12:00:00,0.02038,0.02038,0.02038,0.02038,0.0
2024-04-28 16:00:00,0.02038,0.02038,0.02038,0.02038,0.0
2024-04-28 20:00:00,0.02038,0.02038,0.02038,0.02038,0.0
2024-04-29 00:00:00,0.02038,0.02038,0.02038,0.02038,0.0
2024-04-29 04:00:00,0.02038,0.02022,0.01984,0.01984,6039.0
2024-04-29 08:00:00,0.01984,0.01984,0.01984,0.01984,0.0
2024-04-29 12:00:00,0.01984,0.01984,0.01984,0.01984,0.0
2024-04-29 16:00:00,0.01984,0.01984,0.01984,0.01984,0.0
2024-04-29 20:00:00,0.01984,0.01984,0.01984,0.01984,0.0
2024-04-30 00:00:00,0.01984,0.01984,0.01984,0.01984,0.0
2024-04-30 04:00:00,0.01984,0.01984,0.01984,0.01984,0.0
2024-04-30 08:00:00,0.01984,0.01984,0.01984,0.01984,0.0
2024-04-30 12:00:00,0.01984,0.01984,0.01984,0.01984,0.0
2024-04-30 16:00:00,0.01984,0.01984,0.01984,0.01984,0.0
2024-04-30 20:00:00,0.01984,0.01984,0.01984,0.01984,0.0
2024-05-01 00:00:00,0.01984,0.01984,0.01984,0.01984,0.0
2024-05-01 04:00:00,0.01984,0.01984,0.01984,0.01984,0.0
2024-05-01 08:00:00,0.01984,0.01984,0.01984,0.01984,0.0
2024-05-01 12:00:00,0.01984,0.01984,0.01984,0.01984,0.0
2024-05-01 16:00:00,0.01984,0.01984,0.01889,0.01889,16507.0
2024-05-01 20:00:00,0.01889,0.01889,0.01889,0.01889,0.0
2024-05-02 00:00:00,0.01889,0.01889,0.01889,0.01889,0.0
2024-05-02 04:00:00,0.01889,0.01889,0.01889,0.01889,0.0
2024-05-02 08:00:00,0.01889,0.01889,0.01889,0.01889,0.0
2024-05-02 12:00:00,0.01889,0.01889,0.01889,0.01889,0.0
2024-05-02 16:00:00,0.01889,0.01909,0.01899,0.01909,1449.0
2024-05-02 20:00:00,0.01909,0.01909,0.01909,0.01909,0.0
2024-05-03 00:00:00,0.01909,0.01909,0.01909,0.01909,0.0
2024-05-03 04:00:00,0.01909,0.01909,0.01909,0.01909,0.0
2024-05-03 08:00:00,0.01909,0.01909,0.01909,0.01909,0.0
2024-05-03 12:00:00,0.01909,0.01909,0.01909,0.01909,0.0
2024-05-03 16:00:00,0.01909,0.01909,0.01909,0.01909,0.0
2024-05-03 20:00:00,0.01909,0.01909,0.01909,0.01909,0.0
2024-05-04 00:00:00,0.01909,0.01909,0.01909,0.01909,578.0
2024-05-04 04:00:00,0.01909,0.01909,0.01909,0.01909,0.0
2024-05-04 08:00:00,0.01909,0.01921,0.01909,0.01921,2264.0
2024-05-04 12:00:00,0.01921,0.01929,0.01921,0.01929,1368.0
2024-05-04 16:00:00,0.01929,0.01929,0.01929,0.01929,0.0
2024-05-04 20:00:00,0.01929,0.01929,0.01929,0.01929,0.0
2024-05-05 00:00:00,0.01929,0.01929,0.01929,0.01929,0.0
2024-05-05 04:00:00,0.01929,0.01929,0.01929,0.01929,0.0
2024-05-05 08:00:00,0.01929,0.01929,0.01929,0.01929,0.0
2024-05-05 12:00:00,0.01929,0.01929,0.01929,0.01929,0.0
2024-05-05 16:00:00,0.01929,0.01929,0.01929,0.01929,0.0
2024-05-05 20:00:00,0.01929,0.01929,0.01929,0.01929,227.0
2024-05-06 00:00:00,0.01929,0.01929,0.01929,0.01929,0.0
2024-05-06 04:00:00,0.01929,0.01929,0.01929,0.01929,0.0
2024-05-06 08:00:00,0.01929,0.01929,0.01929,0.01929,0.0
2024-05-06 12:00:00,0.01929,0.01919,0.01879,0.01886,9006.0
2024-05-06 16:00:00,0.01886,0.01886,0.01886,0.01886,0.0
2024-05-06 20:00:00,0.01886,0.01886,0.01886,0.01886,0.0
2024-05-07 00:00:00,0.01886,0.01899,0.01899,0.01899,440.0
2024-05-07 04:00:00,0.01899,0.01913,0.01899,0.01913,1706.0
2024-05-07 08:00:00,0.01913,0.01913,0.01913,0.01913,0.0
2024-05-07 12:00:00,0.01913,0.01913,0.01913,0.01913,0.0
2024-05-07 16:00:00,0.01913,0.01913,0.01913,0.01913,0.0
2024-05-07 20:00:00,0.01913,0.01899,0.01899,0.01899,327.0
2024-05-08 00:00:00,0.01899,0.01899,0.01899,0.01899,0.0
2024-05-08 04:00:00,0.01899,0.01899,0.01899,0.01899,0.0
2024-05-08 08:00:00,0.01899,0.01899,0.01899,0.01899,0.0
2024-05-08 12:00:00,0.01899,0.01899,0.01899,0.01899,0.0
2024-05-08 16:00:00,0.01899,0.01899,0.01899,0.01899,0.0
2024-05-08 20:00:00,0.01899,0.01899,0.01899,0.01899,0.0
2024-05-09 00:00:00,0.01899,0.01899,0.01899,0.01899,0.0
2024-05-09 04:00:00,0.01899,0.01899,0.01899,0.01899,0.0
2024-05-09 08:00:00,0.01899,0.01899,0.01899,0.01899,0.0
2024-05-09 12:00:00,0.01899,0.01899,0.01899,0.01899,0.0
2024-05-09 16:00:00,0.01899,0.01899,0.01899,0.01899,0.0
2024-05-09 20:00:00,0.01899,0.01899,0.01899,0.01899,0.0
2024-05-10 00:00:00,0.01899,0.01899,0.01899,0.01899,0.0
2024-05-10 04:00:00,0.01899,0.01899,0.01899,0.01899,0.0
2024-05-10 08:00:00,0.01899,0.01899,0.01899,0.01899,0.0
2024-05-10 12:00:00,0.01899,0.01899,0.01899,0.01899,0.0
2024-05-10 16:00:00,0.01899,0.01899,0.01899,0.01899,0.0
2024-05-10 20:00:00,0.01899,0.01899,0.01899,0.01899,0.0
2024-05-11 00:00:00,0.01899,0.01899,0.01899,0.01899,0.0
2024-05-11 04:00:00,0.01899,0.01899,0.01899,0.01899,0.0
2024-05-11 08:00:00,0.01899,0.01899,0.01899,0.01899,0.0
2024-05-11 12:00:00,0.01899,0.01899,0.01899,0.01899,0.0
2024-05-11 16:00:00,0.01899,0.01899,0.01899,0.01899,0.0
2024-05-11 20:00:00,0.01899,0.01899,0.01899,0.01899,292.0
2024-05-12 00:00:00,0.01899,0.01899,0.01899,0.01899,0.0
2024-05-12 04:00:00,0.01899,0.01899,0.01894,0.01894,543.0
2024-05-12 08:00:00,0.01894,0.01894,0.01872,0.01872,4053.0
2024-05-12 12:00:00,0.01872,0.01872,0.01872,0.01872,0.0
2024-05-12 16:00:00,0.01872,0.01872,0.01872,0.01872,0.0
2024-05-12 20:00:00,0.01872,0.01872,0.01872,0.01872,0.0
2024-05-13 00:00:00,0.01872,0.01872,0.01872,0.01872,0.0
2024-05-13 04:00:00,0.01872,0.01869,0.01848,0.01848,4627.0
2024-05-13 08:00:00,0.01848,0.01848,0.01848,0.01848,0.0
2024-05-13 12:00:00,0.01848,0.01848,0.01848,0.01848,0.0
2024-05-13 16:00:00,0.01848,0.01848,0.01848,0.01848,0.0
2024-05-13 20:00:00,0.01848,0.01848,0.01848,0.01848,0.0
2024-05-14 00:00:00,0.01848,0.01848,0.01848,0.01848,0.0
2024-05-14 04:00:00,0.01848,0.01848,0.01848,0.01848,0.0
2024-05-14 08:00:00,0.01848,0.01848,0.01848,0.01848,0.0
2024-05-14 12:00:00,0.01848,0.01865,0.01858,0.01865,4210.0
2024-05-14 16:00:00,0.01865,0.01865,0.01865,0.01865,0.0
2024-05-14 20:00:00,0.01865,0.01865,0.01865,0.01865,0.0
2024-05-15 00:00:00,0.01865,0.01865,0.01865,0.01865,0.0
2024-05-15 04:00:00,0.01865,0.01865,0.01865,0.01865,0.0
2024-05-15 08:00:00,0.01865,0.01865,0.01865,0.01865,0.0
2024-05-15 12:00:00,0.01865,0.01865,0.01865,0.01865,0.0
2024-05-15 16:00:00,0.01865,0.01892,0.01865,0.01892,5308.0
2024-05-15 20:00:00,0.01892,0.01892,0.01892,0.01892,0.0
2024-05-16 00:00:00,0.01892,0.01892,0.01892,0.01892,0.0
2024-05-16 04:00:00,0.01892,0.01892,0.01892,0.01892,0.0
2024-05-16 08:00:00,0.01892,0.01892,0.01892,0.01892,0.0
2024-05-16 12:00:00,0.01892,0.01892,0.01892,0.01892,0.0
2024-05-16 16:00:00,0.01892,0.01892,0.01892,0.01892,0.0
2024-05-16 20:00:00,0.01892,0.01892,0.01892,0.01892,0.0
2024-05-17 00:00:00,0.01892,0.01892,0.01892,0.01892,0.0
2024-05-17 04:00:00,0.01892,0.01892,0.01892,0.01892,0.0
2024-05-17 08:00:00,0.01892,0.01892,0.01892,0.01892,0.0
2024-05-17 12:00:00,0.01892,0.01892,0.01892,0.01892,0.0
2024-05-17 16:00:00,0.01892,0.01892,0.01892,0.01892,0.0
2024-05-17 20:00:00,0.01892,0.01892,0.01892,0.01892,0.0
2024-05-18 00:00:00,0.01892,0.01892,0.01892,0.01892,0.0
2024-05-18 04:00:00,0.01892,0.01892,0.01892,0.01892,0.0
2024-05-18 08:00:00,0.01892,0.01892,0.01892,0.01892,0.0
2024-05-18 12:00:00,0.01892,0.01892,0.01892,0.01892,0.0
2024-05-18 16:00:00,0.01892,0.01892,0.01892,0.01892,0.0
2024-05-18 20:00:00,0.01892,0.01892,0.01892,0.01892,0.0
2024-05-19 00:00:00,0.01892,0.01892,0.01892,0.01892,0.0
2024-05-19 04:00:00,0.01892,0.01892,0.01892,0.01892,0.0
2024-05-19 08:00:00,0.01892,0.01892,0.01892,0.01892,0.0
2024-05-19 12:00:00,0.01892,0.01892,0.01892,0.01892,0.0
2024-05-19 16:00:00,0.01892,0.01892,0.01892,0.01892,0.0
2024-05-19 20:00:00,0.01892,0.01892,0.01892,0.01892,0.0
2024-05-20 00:00:00,0.01892,0.01892,0.01892,0.01892,0.0
2024-05-20 04:00:00,0.01892,0.01892,0.01892,0.01892,0.0
2024-05-20 08:00:00,0.01892,0.01892,0.01892,0.01892,0.0
2024-05-20 12:00:00,0.01892,0.01892,0.01892,0.01892,0.0
2024-05-20 16:00:00,0.01892,0.01892,0.01892,0.01892,0.0
2024-05-20 20:00:00,0.01892,0.01892,0.01892,0.01892,0.0
2024-05-21 00:00:00,0.01892,0.01892,0.01892,0.01892,0.0
2024-05-21 04:00:00,0.01892,0.01892,0.01892,0.01892,0.0
2024-05-21 08:00:00,0.01892,0.01892,0.01892,0.01892,0.0
2024-05-21 12:00:00,0.01892,0.01892,0.01892,0.01892,0.0
2024-05-21 16:00:00,0.01892,0.01892,0.01892,0.01892,0.0
2024-05-21 20:00:00,0.01892,0.01892,0.01892,0.01892,0.0
2024-05-22 00:00:00,0.01892,0.01892,0.01892,0.01892,0.0
2024-05-22 04:00:00,0.01892,0.01892,0.01892,0.01892,0.0
2024-05-22 08:00:00,0.01892,0.01892,0.01892,0.01892,0.0
2024-05-22 12:00:00,0.01892,0.01892,0.01892,0.01892,0.0
2024-05-22 16:00:00,0.01892,0.01892,0.01892,0.01892,0.0
2024-05-22 20:00:00,0.01892,0.01892,0.01892,0.01892,0.0
2024-05-23 00:00:00,0.01892,0.01892,0.01892,0.01892,0.0
2024-05-23 04:00:00,0.01892,0.01892,0.01892,0.01892,0.0
2024-05-23 08:00:00,0.01892,0.01892,0.01892,0.01892,0.0
2024-05-23 12:00:00,0.01892,0.01892,0.01892,0.01892,0.0
2024-05-23 16:00:00,0.01892,0.01892,0.01892,0.01892,0.0
2024-05-23 20:00:00,0.01892,0.01892,0.01892,0.01892,0.0
2024-05-24 00:00:00,0.01892,0.01892,0.01892,0.01892,0.0
2024-05-24 04:00:00,0.01892,0.01892,0.01892,0.01892,0.0
2024-05-24 08:00:00,0.01892,0.01892,0.01892,0.01892,0.0
2024-05-24 12:00:00,0.01892,0.01892,0.01892,0.01892,0.0
2024-05-24 16:00:00,0.01892,0.01892,0.01892,0.01892,0.0
2024-05-24 20:00:00,0.01892,0.01892,0.01892,0.01892,0.0
2024-05-25 00:00:00,0.01892,0.01892,0.01892,0.01892,0.0
2024-05-25 04:00:00,0.01892,0.01892,0.01892,0.01892,0.0
2024-05-25 08:00:00,0.01892,0.01892,0.01892,0.01892,0.0
2024-05-25 12:00:00,0.01892,0.01892,0.01892,0.01892,0.0
2024-05-25 16:00:00,0.01892,0.01892,0.01892,0.01892,0.0
2024-05-25 20:00:00,0.01892,0.01892,0.01892,0.01892,0.0
2024-05-26 00:00:00,0.01892,0.01892,0.01892,0.01892,0.0
2024-05-26 04:00:00,0.01892,0.01892,0.01892,0.01892,0.0
2024-05-26 08:00:00,0.01892,0.01892,0.01892,0.01892,0.0
2024-05-26 12:00:00,0.01892,0.01892,0.01892,0.01892,0.0
2024-05-26 16:00:00,0.01892,0.01892,0.01892,0.01892,0.0
2024-05-26 20:00:00,0.01892,0.01892,0.01892,0.01892,0.0
2024-05-27 00:00:00,0.01892,0.01892,0.01892,0.01892,0.0
2024-05-27 04:00:00,0.01892,0.01892,0.01892,0.01892,0.0
2024-05-27 08:00:00,0.01892,0.01892,0.01892,0.01892,371.0
2024-05-27 12:00:00,0.01892,0.01892,0.01892,0.01892,0.0
2024-05-27 16:00:00,0.01892,0.01892,0.01892,0.01892,0.0
2024-05-27 20:00:00,0.01892,0.01892,0.01892,0.01892,0.0
2024-05-28 00:00:00,0.01892,0.01892,0.01892,0.01892,0.0
2024-05-28 04:00:00,0.01892,0.01892,0.01892,0.01892,0.0
2024-05-28 08:00:00,0.01892,0.01892,0.01892,0.01892,0.0
2024-05-28 12:00:00,0.01892,0.01892,0.01892,0.01892,0.0
2024-05-28 16:00:00,0.01892,0.01892,0.01892,0.01892,0.0
2024-05-28 20:00:00,0.01892,0.01892,0.01892,0.01892,0.0
2024-05-29 00:00:00,0.01892,0.01892,0.01892,0.01892,0.0
2024-05-29 04:00:00,0.01892,0.01892,0.01892,0.01892,0.0
2024-05-29 08:00:00,0.01892,0.01892,0.01892,0.01892,0.0
2024-05-29 12:00:00,0.01892,0.01892,0.01892,0.01892,0.0
2024-05-29 16:00:00,0.01892,0.01892,0.01892,0.01892,0.0
2024-05-29 20:00:00,0.01892,0.01892,0.01892,0.01892,0.0
2024-05-30 00:00:00,0.01892,0.01892,0.01892,0.01892,0.0
2024-05-30 04:00:00,0.01892,0.01892,0.01892,0.01892,0.0
2024-05-30 08:00:00,0.01892,0.01892,0.01892,0.01892,0.0
2024-05-30 12:00:00,0.01892,0.01892,0.01892,0.01892,0.0
2024-05-30 16:00:00,0.01892,0.01892,0.01892,0.01892,0.0
2024-05-30 20:00:00,0.01892,0.01892,0.01892,0.01892,0.0
2024-05-31 00:00:00,0.01892,0.01892,0.01892,0.01892,0.0
2024-05-31 04:00:00,0.01892,0.01892,0.01892,0.01892,0.0
2024-05-31 08:00:00,0.01892,0.01892,0.01892,0.01892,0.0
2024-05-31 12:00:00,0.01892,0.01892,0.01892,0.01892,0.0
2024-05-31 16:00:00,0.01892,0.01892,0.01892,0.01892,0.0
2024-05-31 20:00:00,0.01892,0.01892,0.01892,0.01892,0.0
2024-06-01 00:00:00,0.01892,0.01892,0.01892,0.01892,0.0
2024-06-01 04:00:00,0.01892,0.01892,0.01892,0.01892,0.0
2024-06-01 08:00:00,0.01892,0.01892,0.01892,0.01892,0.0
2024-06-01 12:00:00,0.01892,0.01892,0.01892,0.01892,0.0
2024-06-01 16:00:00,0.01892,0.01892,0.01892,0.01892,0.0
2024-06-01 20:00:00,0.01892,0.01892,0.01892,0.01892,0.0
2024-06-02 00:00:00,0.01892,0.01892,0.01892,0.01892,0.0
2024-06-02 04:00:00,0.01892,0.01892,0.01892,0.01892,0.0
2024-06-02 08:00:00,0.01892,0.01896,0.01896,0.01896,306.0
2024-06-02 12:00:00,0.01896,0.01896,0.01896,0.01896,0.0
2024-06-02 16:00:00,0.01896,0.01896,0.01896,0.01896,0.0
2024-06-02 20:00:00,0.01896,0.01896,0.01896,0.01896,0.0
2024-06-03 00:00:00,0.01896,0.01896,0.01896,0.01896,0.0
2024-06-03 04:00:00,0.01896,0.01896,0.01896,0.01896,0.0
2024-06-03 08:00:00,0.01896,0.01896,0.01896,0.01896,0.0
2024-06-03 12:00:00,0.01896,0.01896,0.01896,0.01896,0.0
2024-06-03 16:00:00,0.01896,0.01896,0.01896,0.01896,0.0
2024-06-03 20:00:00,0.01896,0.01896,0.01896,0.01896,0.0
2024-06-04 00:00:00,0.01896,0.01892,0.01808,0.01808,16939.0
2024-06-04 04:00:00,0.01808,0.01808,0.01808,0.01808,0.0
2024-06-04 08:00:00,0.01808,0.01808,0.01808,0.01808,0.0
2024-06-04 12:00:00,0.01808,0.01808,0.01808,0.01808,0.0
2024-06-04 16:00:00,0.01808,0.01808,0.01808,0.01808,0.0
2024-06-04 20:00:00,0.01808,0.01808,0.01808,0.01808,0.0
2024-06-05 00:00:00,0.01808,0.01808,0.01808,0.01808,0.0
2024-06-05 04:00:00,0.01808,0.01808,0.01808,0.01808,0.0
2024-06-05 08:00:00,0.01808,0.01808,0.01808,0.01808,0.0
2024-06-05 12:00:00,0.01808,0.01808,0.01808,0.01808,0.0
2024-06-05 16:00:00,0.01808,0.01824,0.0182,0.01824,1210.0
2024-06-05 20:00:00,0.01824,0.01824,0.01824,0.01824,0.0
2024-06-06 00:00:00,0.01824,0.01811,0.01803,0.01803,1226.0
2024-06-06 04:00:00,0.01803,0.01803,0.01803,0.01803,0.0
2024-06-06 08:00:00,0.01803,0.01803,0.01803,0.01803,0.0
2024-06-06 12:00:00,0.01803,0.01803,0.01803,0.01803,0.0
2024-06-06 16:00:00,0.01803,0.01816,0.01801,0.01806,40231.0
2024-06-06 20:00:00,0.01806,0.01812,0.01804,0.01812,36341.0
2024-06-07 00:00:00,0.01812,0.01812,0.01804,0.01812,21169.0
2024-06-07 04:00:00,0.01812,0.0181,0.01804,0.01806,10021.0
2024-06-07 08:00:00,0.01806,0.01812,0.01804,0.01806,8367.0
2024-06-07 12:00:00,0.01806,0.0181,0.01805,0.01809,7364.0
2024-06-07 16:00:00,0.01809,0.01809,0.01777,0.01786,10240.0
2024-06-07 20:00:00,0.01786,0.0179,0.01783,0.01784,10657.0
2024-06-08 00:00:00,0.01784,0.01786,0.01782,0.01783,20545.0
2024-06-08 04:00:00,0.01783,0.01786,0.01782,0.01784,19748.0
2024-06-08 08:00:00,0.01784,0.01786,0.01784,0.01786,2585.0
2024-06-08 12:00:00,0.01786,0.01786,0.01786,0.01786,0.0
2024-06-08 16:00:00,0.01786,0.01786,0.01786,0.01786,0.0
2024-06-08 20:00:00,0.01786,0.01786,0.01786,0.01786,0.0
2024-06-09 00:00:00,0.01786,0.01786,0.01786,0.01786,0.0
2024-06-09 04:00:00,0.01786,0.01786,0.01786,0.01786,0.0
2024-06-09 08:00:00,0.01786,0.01786,0.01786,0.01786,0.0
2024-06-09 12:00:00,0.01786,0.01786,0.01786,0.01786,0.0
2024-06-09 16:00:00,0.01786,0.01781,0.01781,0.01781,360.0
2024-06-09 20:00:00,0.01781,0.01781,0.01781,0.01781,0.0
2024-06-10 00:00:00,0.01781,0.01781,0.01781,0.01781,0.0
2024-06-10 04:00:00,0.01781,0.01781,0.01781,0.01781,0.0
2024-06-10 08:00:00,0.01781,0.01781,0.01781,0.01781,0.0
2024-06-10 12:00:00,0.01781,0.01781,0.01711,0.01711,11842.0
2024-06-10 16:00:00,0.01711,0.01708,0.017,0.017,2006.0
2024-06-10 20:00:00,0.017,0.017,0.017,0.017,0.0
2024-06-11 00:00:00,0.017,0.017,0.017,0.017,0.0
2024-06-11 04:00:00,0.017,0.017,0.017,0.017,0.0
2024-06-11 08:00:00,0.017,0.017,0.017,0.017,0.0
2024-06-11 12:00:00,0.017,0.01697,0.01689,0.01689,2118.0
2024-06-11 16:00:00,0.01689,0.01687,0.0151,0.01583,38241.0
2024-06-11 20:00:00,0.01583,0.01585,0.01584,0.01585,1259.0
2024-06-12 00:00:00,0.01585,0.01591,0.01586,0.01591,2265.0
2024-06-12 04:00:00,0.01591,0.01591,0.01591,0.01591,0.0
2024-06-12 08:00:00,0.01591,0.01591,0.01591,0.01591,0.0
2024-06-12 12:00:00,0.01591,0.01591,0.01591,0.01591,0.0
2024-06-12 16:00:00,0.01591,0.01591,0.01591,0.01591,0.0
2024-06-12 20:00:00,0.01591,0.01593,0.01591,0.01593,313.0
2024-06-13 00:00:00,0.01593,0.01593,0.01593,0.01593,0.0
2024-06-13 04:00:00,0.01593,0.01593,0.01593,0.01593,0.0
2024-06-13 08:00:00,0.01593,0.01593,0.01593,0.01593,0.0
2024-06-13 12:00:00,0.01593,0.01593,0.01593,0.01593,0.0
2024-06-13 16:00:00,0.01593,0.01593,0.01593,0.01593,0.0
2024-06-13 20:00:00,0.01593,0.01593,0.01593,0.01593,0.0
2024-06-14 00:00:00,0.01593,0.01593,0.01593,0.01593,0.0
2024-06-14 04:00:00,0.01593,0.01593,0.01593,0.01593,0.0
2024-06-14 08:00:00,0.01593,0.01593,0.01593,0.01593,0.0
2024-06-14 12:00:00,0.01593,0.01593,0.01593,0.01593,0.0
2024-06-14 16:00:00,0.01593,0.01583,0.01569,0.01569,5295.0
2024-06-14 20:00:00,0.01569,0.01569,0.01569,0.01569,0.0
2024-06-15 00:00:00,0.01569,0.01564,0.01561,0.01561,1525.0
2024-06-15 04:00:00,0.01561,0.01561,0.01561,0.01561,0.0
2024-06-15 08:00:00,0.01561,0.01561,0.01561,0.01561,0.0
2024-06-15 12:00:00,0.01561,0.01561,0.01561,0.01561,0.0
2024-06-15 16:00:00,0.01561,0.01561,0.01561,0.01561,0.0
2024-06-15 20:00:00,0.01561,0.01561,0.01561,0.01561,0.0
2024-06-16 00:00:00,0.01561,0.01561,0.01561,0.01561,0.0
2024-06-16 04:00:00,0.01561,0.01561,0.01561,0.01561,0.0
2024-06-16 08:00:00,0.01561,0.01561,0.01561,0.01561,0.0
2024-06-16 12:00:00,0.01561,0.01561,0.01561,0.01561,0.0
2024-06-16 16:00:00,0.01561,0.01561,0.01561,0.01561,0.0
2024-06-16 20:00:00,0.01561,0.01561,0.01561,0.01561,0.0
2024-06-17 00:00:00,0.01561,0.01556,0.01552,0.01552,1208.0
2024-06-17 04:00:00,0.01552,0.01552,0.01552,0.01552,0.0
2024-06-17 08:00:00,0.01552,0.01552,0.01496,0.01496,16209.0
2024-06-17 12:00:00,0.01496,0.01496,0.01496,0.01496,0.0
2024-06-17 16:00:00,0.01496,0.01496,0.01496,0.01496,0.0
2024-06-17 20:00:00,0.01496,0.01496,0.01496,0.01496,0.0
2024-06-18 00:00:00,0.01496,0.01494,0.01454,0.01454,13973.0
2024-06-18 04:00:00,0.01454,0.01454,0.01454,0.01454,185.0
2024-06-18 08:00:00,0.01454,0.01454,0.01454,0.01454,0.0
2024-06-18 12:00:00,0.01454,0.01454,0.01454,0.01454,0.0
2024-06-18 16:00:00,0.01454,0.01454,0.01454,0.01454,0.0
2024-06-18 20:00:00,0.01454,0.01454,0.01454,0.01454,0.0
2024-06-19 00:00:00,0.01454,0.01454,0.01454,0.01454,0.0
2024-06-19 04:00:00,0.01454,0.01454,0.01454,0.01454,0.0
2024-06-19 08:00:00,0.01454,0.01454,0.01454,0.01454,0.0
2024-06-19 12:00:00,0.01454,0.01454,0.01454,0.01454,0.0
2024-06-19 16:00:00,0.01454,0.01454,0.01454,0.01454,0.0
2024-06-19 20:00:00,0.01454,0.01454,0.01454,0.01454,0.0
2024-06-20 00:00:00,0.01454,0.01454,0.01454,0.01454,0.0
2024-06-20 04:00:00,0.01454,0.01454,0.01454,0.01454,0.0
2024-06-20 08:00:00,0.01454,0.01454,0.01454,0.01454,0.0
2024-06-20 12:00:00,0.01454,0.01454,0.01454,0.01454,0.0
2024-06-20 16:00:00,0.01454,0.01454,0.01454,0.01454,0.0
2024-06-20 20:00:00,0.01454,0.01454,0.01454,0.01454,0.0
2024-06-21 00:00:00,0.01454,0.01454,0.01454,0.01454,0.0
2024-06-21 04:00:00,0.01454,0.01454,0.01454,0.01454,0.0
2024-06-21 08:00:00,0.01454,0.01454,0.01454,0.01454,0.0
2024-06-21 12:00:00,0.01454,0.01454,0.01454,0.01454,0.0
2024-06-21 16:00:00,0.01454,0.01454,0.01454,0.01454,0.0
2024-06-21 20:00:00,0.01454,0.01454,0.01454,0.01454,0.0
2024-06-22 00:00:00,0.01454,0.01454,0.01454,0.01454,0.0
2024-06-22 04:00:00,0.01454,0.01454,0.01454,0.01454,0.0
2024-06-22 08:00:00,0.01454,0.01454,0.01454,0.01454,0.0
2024-06-22 12:00:00,0.01454,0.01454,0.01454,0.01454,0.0
2024-06-22 16:00:00,0.01454,0.01454,0.01454,0.01454,0.0
2024-06-22 20:00:00,0.01454,0.01454,0.01454,0.01454,0.0
2024-06-23 00:00:00,0.01454,0.01454,0.01454,0.01454,0.0
2024-06-23 04:00:00,0.01454,0.01454,0.01454,0.01454,0.0
2024-06-23 08:00:00,0.01454,0.01454,0.01454,0.01454,0.0
2024-06-23 12:00:00,0.01454,0.01454,0.01454,0.01454,0.0
2024-06-23 16:00:00,0.01454,0.01454,0.01454,0.01454,0.0
2024-06-23 20:00:00,0.01454,0.01454,0.01454,0.01454,0.0
2024-06-24 00:00:00,0.01454,0.01454,0.01454,0.01454,0.0
2024-06-24 04:00:00,0.01454,0.01454,0.01454,0.01454,0.0
2024-06-24 08:00:00,0.01454,0.01454,0.01454,0.01454,0.0
2024-06-24 12:00:00,0.01454,0.01454,0.01454,0.01454,0.0
2024-06-24 16:00:00,0.01454,0.01454,0.01454,0.01454,0.0
2024-06-24 20:00:00,0.01454,0.01454,0.01454,0.01454,0.0
2024-06-25 00:00:00,0.01454,0.01454,0.01454,0.01454,0.0
2024-06-25 04:00:00,0.01454,0.01454,0.01454,0.01454,0.0
2024-06-25 08:00:00,0.01454,0.01454,0.01454,0.01454,0.0
2024-06-25 12:00:00,0.01454,0.01454,0.01454,0.01454,0.0
2024-06-25 16:00:00,0.01454,0.01454,0.01454,0.01454,0.0
2024-06-25 20:00:00,0.01454,0.01454,0.01454,0.01454,0.0
2024-06-26 00:00:00,0.01454,0.01454,0.01454,0.01454,0.0
2024-06-26 04:00:00,0.01454,0.01454,0.01454,0.01454,0.0
2024-06-26 08:00:00,0.01454,0.01454,0.01454,0.01454,0.0
2024-06-26 12:00:00,0.01454,0.01454,0.01454,0.01454,0.0
2024-06-26 16:00:00,0.01454,0.01454,0.01454,0.01454,0.0
2024-06-26 20:00:00,0.01454,0.01454,0.01454,0.01454,0.0
2024-06-27 00:00:00,0.01454,0.01454,0.01454,0.01454,0.0
2024-06-27 04:00:00,0.01454,0.01454,0.01454,0.01454,0.0
2024-06-27 08:00:00,0.01454,0.01454,0.01454,0.01454,0.0
2024-06-27 12:00:00,0.01454,0.01454,0.01454,0.01454,0.0
2024-06-27 16:00:00,0.01454,0.01454,0.01454,0.01454,0.0
2024-06-27 20:00:00,0.01454,0.01454,0.01454,0.01454,0.0
2024-06-28 00:00:00,0.01454,0.01454,0.01454,0.01454,0.0
2024-06-28 04:00:00,0.01454,0.01454,0.01454,0.01454,0.0
2024-06-28 08:00:00,0.01454,0.01454,0.01454,0.01454,0.0
2024-06-28 12:00:00,0.01454,0.01454,0.01454,0.01454,0.0
2024-06-28 16:00:00,0.01454,0.01454,0.01454,0.01454,0.0
2024-06-28 20:00:00,0.01454,0.01454,0.01454,0.01454,0.0
2024-06-29 00:00:00,0.01454,0.01454,0.01454,0.01454,0.0
2024-06-29 04:00:00,0.01454,0.01454,0.01454,0.01454,0.0
2024-06-29 08:00:00,0.01454,0.01454,0.01454,0.01454,0.0
2024-06-29 12:00:00,0.01454,0.01454,0.01454,0.01454,0.0
2024-06-29 16:00:00,0.01454,0.01454,0.01454,0.01454,0.0
2024-06-29 20:00:00,0.01454,0.01454,0.01454,0.01454,0.0
2024-06-30 00:00:00,0.01454,0.01454,0.01454,0.01454,0.0
2024-06-30 04:00:00,0.01454,0.01454,0.01454,0.01454,0.0
2024-06-30 08:00:00,0.01454,0.01454,0.01454,0.01454,0.0
2024-06-30 12:00:00,0.01454,0.01454,0.01454,0.01454,0.0
2024-06-30 16:00:00,0.01454,0.01454,0.01454,0.01454,0.0
2024-06-30 20:00:00,0.01454,0.01454,0.01454,0.01454,0.0
2024-07-01 00:00:00,0.01454,0.01454,0.01454,0.01454,0.0
2024-07-01 04:00:00,0.01454,0.01454,0.01454,0.01454,0.0
2024-07-01 08:00:00,0.01454,0.01454,0.01454,0.01454,0.0
